$timescale 1ns $end
$var wire 1 clk clk $end
$var wire 1 rst rst $end
$var wire 1 _02_ _02_ $end
$var wire 1 _10_ _10_ $end
$var wire 1 _03_ _03_ $end
$var wire 1 _11_ _11_ $end
$var wire 1 _04_ _04_ $end
$var wire 1 _05_ _05_ $end
$var wire 1 count[0] count[0] $end
$var wire 1 count[1] count[1] $end
$var wire 1 count[2] count[2] $end
$var wire 1 count[3] count[3] $end
$enddefinitions $end
#0
0clk
0rst
1_02_
0_10_
0_03_
1_11_
0_04_
0_05_
1count[0]
0count[1]
0count[2]
0count[3]
#1
0clk
0rst
0_02_
0_10_
1_03_
1_11_
0_04_
0_05_
0count[0]
1count[1]
0count[2]
0count[3]
#2
0clk
0rst
1_02_
0_10_
1_03_
1_11_
0_04_
0_05_
1count[0]
1count[1]
0count[2]
0count[3]
#3
0clk
0rst
0_02_
1_10_
0_03_
1_11_
1_04_
0_05_
0count[0]
0count[1]
1count[2]
0count[3]
#4
0clk
0rst
1_02_
0_10_
0_03_
1_11_
1_04_
0_05_
1count[0]
0count[1]
1count[2]
0count[3]
#5
0clk
0rst
0_02_
0_10_
1_03_
1_11_
1_04_
0_05_
0count[0]
1count[1]
1count[2]
0count[3]
#6
0clk
0rst
1_02_
0_10_
1_03_
1_11_
1_04_
0_05_
1count[0]
1count[1]
1count[2]
0count[3]
#7
0clk
0rst
0_02_
1_10_
0_03_
0_11_
0_04_
1_05_
0count[0]
0count[1]
0count[2]
1count[3]
#8
0clk
0rst
1_02_
0_10_
0_03_
1_11_
0_04_
1_05_
1count[0]
0count[1]
0count[2]
1count[3]
#9
0clk
0rst
0_02_
0_10_
1_03_
1_11_
0_04_
1_05_
0count[0]
1count[1]
0count[2]
1count[3]
#10
0clk
0rst
1_02_
0_10_
1_03_
1_11_
0_04_
1_05_
1count[0]
1count[1]
0count[2]
1count[3]
#11
0clk
0rst
0_02_
1_10_
0_03_
1_11_
1_04_
1_05_
0count[0]
0count[1]
1count[2]
1count[3]
#12
0clk
0rst
1_02_
0_10_
0_03_
1_11_
1_04_
1_05_
1count[0]
0count[1]
1count[2]
1count[3]
#13
0clk
0rst
0_02_
0_10_
1_03_
1_11_
1_04_
1_05_
0count[0]
1count[1]
1count[2]
1count[3]
#14
0clk
0rst
1_02_
0_10_
1_03_
1_11_
1_04_
1_05_
1count[0]
1count[1]
1count[2]
1count[3]
#15
0clk
0rst
0_02_
1_10_
0_03_
0_11_
0_04_
0_05_
0count[0]
0count[1]
0count[2]
0count[3]
#16
0clk
0rst
1_02_
0_10_
0_03_
1_11_
0_04_
0_05_
1count[0]
0count[1]
0count[2]
0count[3]
#17
0clk
0rst
0_02_
0_10_
1_03_
1_11_
0_04_
0_05_
0count[0]
1count[1]
0count[2]
0count[3]
#18
0clk
0rst
1_02_
0_10_
1_03_
1_11_
0_04_
0_05_
1count[0]
1count[1]
0count[2]
0count[3]
#19
0clk
0rst
0_02_
1_10_
0_03_
1_11_
1_04_
0_05_
0count[0]
0count[1]
1count[2]
0count[3]
#20
0clk
0rst
1_02_
0_10_
0_03_
1_11_
1_04_
0_05_
1count[0]
0count[1]
1count[2]
0count[3]
#21
0clk
0rst
0_02_
0_10_
1_03_
1_11_
1_04_
0_05_
0count[0]
1count[1]
1count[2]
0count[3]
#22
0clk
0rst
1_02_
0_10_
1_03_
1_11_
1_04_
0_05_
1count[0]
1count[1]
1count[2]
0count[3]
#23
0clk
0rst
0_02_
1_10_
0_03_
0_11_
0_04_
1_05_
0count[0]
0count[1]
0count[2]
1count[3]
#24
0clk
0rst
1_02_
0_10_
0_03_
1_11_
0_04_
1_05_
1count[0]
0count[1]
0count[2]
1count[3]
#25
0clk
0rst
0_02_
0_10_
1_03_
1_11_
0_04_
1_05_
0count[0]
1count[1]
0count[2]
1count[3]
#26
0clk
0rst
1_02_
0_10_
1_03_
1_11_
0_04_
1_05_
1count[0]
1count[1]
0count[2]
1count[3]
#27
0clk
0rst
0_02_
1_10_
0_03_
1_11_
1_04_
1_05_
0count[0]
0count[1]
1count[2]
1count[3]
#28
0clk
0rst
1_02_
0_10_
0_03_
1_11_
1_04_
1_05_
1count[0]
0count[1]
1count[2]
1count[3]
#29
0clk
0rst
0_02_
0_10_
1_03_
1_11_
1_04_
1_05_
0count[0]
1count[1]
1count[2]
1count[3]
#30
0clk
0rst
1_02_
0_10_
1_03_
1_11_
1_04_
1_05_
1count[0]
1count[1]
1count[2]
1count[3]
#31
0clk
0rst
0_02_
1_10_
0_03_
0_11_
0_04_
0_05_
0count[0]
0count[1]
0count[2]
0count[3]
#32
0clk
0rst
1_02_
0_10_
0_03_
1_11_
0_04_
0_05_
1count[0]
0count[1]
0count[2]
0count[3]
#33
0clk
0rst
0_02_
0_10_
1_03_
1_11_
0_04_
0_05_
0count[0]
1count[1]
0count[2]
0count[3]
#34
0clk
0rst
1_02_
0_10_
1_03_
1_11_
0_04_
0_05_
1count[0]
1count[1]
0count[2]
0count[3]
#35
0clk
0rst
0_02_
1_10_
0_03_
1_11_
1_04_
0_05_
0count[0]
0count[1]
1count[2]
0count[3]
#36
0clk
0rst
1_02_
0_10_
0_03_
1_11_
1_04_
0_05_
1count[0]
0count[1]
1count[2]
0count[3]
#37
0clk
0rst
0_02_
0_10_
1_03_
1_11_
1_04_
0_05_
0count[0]
1count[1]
1count[2]
0count[3]
#38
0clk
0rst
1_02_
0_10_
1_03_
1_11_
1_04_
0_05_
1count[0]
1count[1]
1count[2]
0count[3]
#39
0clk
0rst
0_02_
1_10_
0_03_
0_11_
0_04_
1_05_
0count[0]
0count[1]
0count[2]
1count[3]
#40
0clk
0rst
1_02_
0_10_
0_03_
1_11_
0_04_
1_05_
1count[0]
0count[1]
0count[2]
1count[3]
#41
0clk
0rst
0_02_
0_10_
1_03_
1_11_
0_04_
1_05_
0count[0]
1count[1]
0count[2]
1count[3]
#42
0clk
0rst
1_02_
0_10_
1_03_
1_11_
0_04_
1_05_
1count[0]
1count[1]
0count[2]
1count[3]
#43
0clk
0rst
0_02_
1_10_
0_03_
1_11_
1_04_
1_05_
0count[0]
0count[1]
1count[2]
1count[3]
#44
0clk
0rst
1_02_
0_10_
0_03_
1_11_
1_04_
1_05_
1count[0]
0count[1]
1count[2]
1count[3]
#45
0clk
0rst
0_02_
0_10_
1_03_
1_11_
1_04_
1_05_
0count[0]
1count[1]
1count[2]
1count[3]
#46
0clk
0rst
1_02_
0_10_
1_03_
1_11_
1_04_
1_05_
1count[0]
1count[1]
1count[2]
1count[3]
#47
0clk
0rst
0_02_
1_10_
0_03_
0_11_
0_04_
0_05_
0count[0]
0count[1]
0count[2]
0count[3]
#48
0clk
0rst
1_02_
0_10_
0_03_
1_11_
0_04_
0_05_
1count[0]
0count[1]
0count[2]
0count[3]
#49
0clk
0rst
0_02_
0_10_
1_03_
1_11_
0_04_
0_05_
0count[0]
1count[1]
0count[2]
0count[3]
#50
0clk
0rst
1_02_
0_10_
1_03_
1_11_
0_04_
0_05_
1count[0]
1count[1]
0count[2]
0count[3]
#51
0clk
0rst
0_02_
1_10_
0_03_
1_11_
1_04_
0_05_
0count[0]
0count[1]
1count[2]
0count[3]
#52
0clk
0rst
1_02_
0_10_
0_03_
1_11_
1_04_
0_05_
1count[0]
0count[1]
1count[2]
0count[3]
#53
0clk
0rst
0_02_
0_10_
1_03_
1_11_
1_04_
0_05_
0count[0]
1count[1]
1count[2]
0count[3]
#54
0clk
0rst
1_02_
0_10_
1_03_
1_11_
1_04_
0_05_
1count[0]
1count[1]
1count[2]
0count[3]
#55
0clk
0rst
0_02_
1_10_
0_03_
0_11_
0_04_
1_05_
0count[0]
0count[1]
0count[2]
1count[3]
#56
0clk
0rst
1_02_
0_10_
0_03_
1_11_
0_04_
1_05_
1count[0]
0count[1]
0count[2]
1count[3]
#57
0clk
0rst
0_02_
0_10_
1_03_
1_11_
0_04_
1_05_
0count[0]
1count[1]
0count[2]
1count[3]
#58
0clk
0rst
1_02_
0_10_
1_03_
1_11_
0_04_
1_05_
1count[0]
1count[1]
0count[2]
1count[3]
#59
0clk
0rst
0_02_
1_10_
0_03_
1_11_
1_04_
1_05_
0count[0]
0count[1]
1count[2]
1count[3]
#60
0clk
0rst
1_02_
0_10_
0_03_
1_11_
1_04_
1_05_
1count[0]
0count[1]
1count[2]
1count[3]
#61
0clk
0rst
0_02_
0_10_
1_03_
1_11_
1_04_
1_05_
0count[0]
1count[1]
1count[2]
1count[3]
#62
0clk
0rst
1_02_
0_10_
1_03_
1_11_
1_04_
1_05_
1count[0]
1count[1]
1count[2]
1count[3]
#63
0clk
0rst
0_02_
1_10_
0_03_
0_11_
0_04_
0_05_
0count[0]
0count[1]
0count[2]
0count[3]
#64
0clk
0rst
1_02_
0_10_
0_03_
1_11_
0_04_
0_05_
1count[0]
0count[1]
0count[2]
0count[3]
#65
0clk
0rst
0_02_
0_10_
1_03_
1_11_
0_04_
0_05_
0count[0]
1count[1]
0count[2]
0count[3]
#66
0clk
0rst
1_02_
0_10_
1_03_
1_11_
0_04_
0_05_
1count[0]
1count[1]
0count[2]
0count[3]
#67
0clk
0rst
0_02_
1_10_
0_03_
1_11_
1_04_
0_05_
0count[0]
0count[1]
1count[2]
0count[3]
#68
0clk
0rst
1_02_
0_10_
0_03_
1_11_
1_04_
0_05_
1count[0]
0count[1]
1count[2]
0count[3]
#69
0clk
0rst
0_02_
0_10_
1_03_
1_11_
1_04_
0_05_
0count[0]
1count[1]
1count[2]
0count[3]
#70
0clk
0rst
1_02_
0_10_
1_03_
1_11_
1_04_
0_05_
1count[0]
1count[1]
1count[2]
0count[3]
#71
0clk
0rst
0_02_
1_10_
0_03_
0_11_
0_04_
1_05_
0count[0]
0count[1]
0count[2]
1count[3]
#72
0clk
0rst
1_02_
0_10_
0_03_
1_11_
0_04_
1_05_
1count[0]
0count[1]
0count[2]
1count[3]
#73
0clk
0rst
0_02_
0_10_
1_03_
1_11_
0_04_
1_05_
0count[0]
1count[1]
0count[2]
1count[3]
#74
0clk
0rst
1_02_
0_10_
1_03_
1_11_
0_04_
1_05_
1count[0]
1count[1]
0count[2]
1count[3]
#75
0clk
0rst
0_02_
1_10_
0_03_
1_11_
1_04_
1_05_
0count[0]
0count[1]
1count[2]
1count[3]
#76
0clk
0rst
1_02_
0_10_
0_03_
1_11_
1_04_
1_05_
1count[0]
0count[1]
1count[2]
1count[3]
#77
0clk
0rst
0_02_
0_10_
1_03_
1_11_
1_04_
1_05_
0count[0]
1count[1]
1count[2]
1count[3]
#78
0clk
0rst
1_02_
0_10_
1_03_
1_11_
1_04_
1_05_
1count[0]
1count[1]
1count[2]
1count[3]
#79
0clk
0rst
0_02_
1_10_
0_03_
0_11_
0_04_
0_05_
0count[0]
0count[1]
0count[2]
0count[3]
#80
0clk
0rst
1_02_
0_10_
0_03_
1_11_
0_04_
0_05_
1count[0]
0count[1]
0count[2]
0count[3]
#81
0clk
0rst
0_02_
0_10_
1_03_
1_11_
0_04_
0_05_
0count[0]
1count[1]
0count[2]
0count[3]
#82
0clk
0rst
1_02_
0_10_
1_03_
1_11_
0_04_
0_05_
1count[0]
1count[1]
0count[2]
0count[3]
#83
0clk
0rst
0_02_
1_10_
0_03_
1_11_
1_04_
0_05_
0count[0]
0count[1]
1count[2]
0count[3]
#84
0clk
0rst
1_02_
0_10_
0_03_
1_11_
1_04_
0_05_
1count[0]
0count[1]
1count[2]
0count[3]
#85
0clk
0rst
0_02_
0_10_
1_03_
1_11_
1_04_
0_05_
0count[0]
1count[1]
1count[2]
0count[3]
#86
0clk
0rst
1_02_
0_10_
1_03_
1_11_
1_04_
0_05_
1count[0]
1count[1]
1count[2]
0count[3]
#87
0clk
0rst
0_02_
1_10_
0_03_
0_11_
0_04_
1_05_
0count[0]
0count[1]
0count[2]
1count[3]
#88
0clk
0rst
1_02_
0_10_
0_03_
1_11_
0_04_
1_05_
1count[0]
0count[1]
0count[2]
1count[3]
#89
0clk
0rst
0_02_
0_10_
1_03_
1_11_
0_04_
1_05_
0count[0]
1count[1]
0count[2]
1count[3]
#90
0clk
0rst
1_02_
0_10_
1_03_
1_11_
0_04_
1_05_
1count[0]
1count[1]
0count[2]
1count[3]
#91
0clk
0rst
0_02_
1_10_
0_03_
1_11_
1_04_
1_05_
0count[0]
0count[1]
1count[2]
1count[3]
#92
0clk
0rst
1_02_
0_10_
0_03_
1_11_
1_04_
1_05_
1count[0]
0count[1]
1count[2]
1count[3]
#93
0clk
0rst
0_02_
0_10_
1_03_
1_11_
1_04_
1_05_
0count[0]
1count[1]
1count[2]
1count[3]
#94
0clk
0rst
1_02_
0_10_
1_03_
1_11_
1_04_
1_05_
1count[0]
1count[1]
1count[2]
1count[3]
#95
0clk
0rst
0_02_
1_10_
0_03_
0_11_
0_04_
0_05_
0count[0]
0count[1]
0count[2]
0count[3]
#96
0clk
0rst
1_02_
0_10_
0_03_
1_11_
0_04_
0_05_
1count[0]
0count[1]
0count[2]
0count[3]
#97
0clk
0rst
0_02_
0_10_
1_03_
1_11_
0_04_
0_05_
0count[0]
1count[1]
0count[2]
0count[3]
#98
0clk
0rst
1_02_
0_10_
1_03_
1_11_
0_04_
0_05_
1count[0]
1count[1]
0count[2]
0count[3]
#99
0clk
0rst
0_02_
1_10_
0_03_
1_11_
1_04_
0_05_
0count[0]
0count[1]
1count[2]
0count[3]
#100
0clk
0rst
1_02_
0_10_
0_03_
1_11_
1_04_
0_05_
1count[0]
0count[1]
1count[2]
0count[3]
#101
0clk
0rst
0_02_
0_10_
1_03_
1_11_
1_04_
0_05_
0count[0]
1count[1]
1count[2]
0count[3]
#102
0clk
0rst
1_02_
0_10_
1_03_
1_11_
1_04_
0_05_
1count[0]
1count[1]
1count[2]
0count[3]
#103
0clk
0rst
0_02_
1_10_
0_03_
0_11_
0_04_
1_05_
0count[0]
0count[1]
0count[2]
1count[3]
#104
0clk
0rst
1_02_
0_10_
0_03_
1_11_
0_04_
1_05_
1count[0]
0count[1]
0count[2]
1count[3]
#105
0clk
0rst
0_02_
0_10_
1_03_
1_11_
0_04_
1_05_
0count[0]
1count[1]
0count[2]
1count[3]
#106
0clk
0rst
1_02_
0_10_
1_03_
1_11_
0_04_
1_05_
1count[0]
1count[1]
0count[2]
1count[3]
#107
0clk
0rst
0_02_
1_10_
0_03_
1_11_
1_04_
1_05_
0count[0]
0count[1]
1count[2]
1count[3]
#108
0clk
0rst
1_02_
0_10_
0_03_
1_11_
1_04_
1_05_
1count[0]
0count[1]
1count[2]
1count[3]
#109
0clk
0rst
0_02_
0_10_
1_03_
1_11_
1_04_
1_05_
0count[0]
1count[1]
1count[2]
1count[3]
#110
0clk
0rst
1_02_
0_10_
1_03_
1_11_
1_04_
1_05_
1count[0]
1count[1]
1count[2]
1count[3]
#111
0clk
0rst
0_02_
1_10_
0_03_
0_11_
0_04_
0_05_
0count[0]
0count[1]
0count[2]
0count[3]
#112
0clk
0rst
1_02_
0_10_
0_03_
1_11_
0_04_
0_05_
1count[0]
0count[1]
0count[2]
0count[3]
#113
0clk
0rst
0_02_
0_10_
1_03_
1_11_
0_04_
0_05_
0count[0]
1count[1]
0count[2]
0count[3]
#114
0clk
0rst
1_02_
0_10_
1_03_
1_11_
0_04_
0_05_
1count[0]
1count[1]
0count[2]
0count[3]
#115
0clk
0rst
0_02_
1_10_
0_03_
1_11_
1_04_
0_05_
0count[0]
0count[1]
1count[2]
0count[3]
#116
0clk
0rst
1_02_
0_10_
0_03_
1_11_
1_04_
0_05_
1count[0]
0count[1]
1count[2]
0count[3]
#117
0clk
0rst
0_02_
0_10_
1_03_
1_11_
1_04_
0_05_
0count[0]
1count[1]
1count[2]
0count[3]
#118
0clk
0rst
1_02_
0_10_
1_03_
1_11_
1_04_
0_05_
1count[0]
1count[1]
1count[2]
0count[3]
#119
0clk
0rst
0_02_
1_10_
0_03_
0_11_
0_04_
1_05_
0count[0]
0count[1]
0count[2]
1count[3]
#120
0clk
0rst
1_02_
0_10_
0_03_
1_11_
0_04_
1_05_
1count[0]
0count[1]
0count[2]
1count[3]
#121
0clk
0rst
0_02_
0_10_
1_03_
1_11_
0_04_
1_05_
0count[0]
1count[1]
0count[2]
1count[3]
#122
0clk
0rst
1_02_
0_10_
1_03_
1_11_
0_04_
1_05_
1count[0]
1count[1]
0count[2]
1count[3]
#123
0clk
0rst
0_02_
1_10_
0_03_
1_11_
1_04_
1_05_
0count[0]
0count[1]
1count[2]
1count[3]
#124
0clk
0rst
1_02_
0_10_
0_03_
1_11_
1_04_
1_05_
1count[0]
0count[1]
1count[2]
1count[3]
#125
0clk
0rst
0_02_
0_10_
1_03_
1_11_
1_04_
1_05_
0count[0]
1count[1]
1count[2]
1count[3]
#126
0clk
0rst
1_02_
0_10_
1_03_
1_11_
1_04_
1_05_
1count[0]
1count[1]
1count[2]
1count[3]
#127
0clk
0rst
0_02_
1_10_
0_03_
0_11_
0_04_
0_05_
0count[0]
0count[1]
0count[2]
0count[3]
#128
0clk
0rst
1_02_
0_10_
0_03_
1_11_
0_04_
0_05_
1count[0]
0count[1]
0count[2]
0count[3]
#129
0clk
0rst
0_02_
0_10_
1_03_
1_11_
0_04_
0_05_
0count[0]
1count[1]
0count[2]
0count[3]
#130
0clk
0rst
1_02_
0_10_
1_03_
1_11_
0_04_
0_05_
1count[0]
1count[1]
0count[2]
0count[3]
#131
0clk
0rst
0_02_
1_10_
0_03_
1_11_
1_04_
0_05_
0count[0]
0count[1]
1count[2]
0count[3]
#132
0clk
0rst
1_02_
0_10_
0_03_
1_11_
1_04_
0_05_
1count[0]
0count[1]
1count[2]
0count[3]
#133
0clk
0rst
0_02_
0_10_
1_03_
1_11_
1_04_
0_05_
0count[0]
1count[1]
1count[2]
0count[3]
#134
0clk
0rst
1_02_
0_10_
1_03_
1_11_
1_04_
0_05_
1count[0]
1count[1]
1count[2]
0count[3]
#135
0clk
0rst
0_02_
1_10_
0_03_
0_11_
0_04_
1_05_
0count[0]
0count[1]
0count[2]
1count[3]
#136
0clk
0rst
1_02_
0_10_
0_03_
1_11_
0_04_
1_05_
1count[0]
0count[1]
0count[2]
1count[3]
#137
0clk
0rst
0_02_
0_10_
1_03_
1_11_
0_04_
1_05_
0count[0]
1count[1]
0count[2]
1count[3]
#138
0clk
0rst
1_02_
0_10_
1_03_
1_11_
0_04_
1_05_
1count[0]
1count[1]
0count[2]
1count[3]
#139
0clk
0rst
0_02_
1_10_
0_03_
1_11_
1_04_
1_05_
0count[0]
0count[1]
1count[2]
1count[3]
#140
0clk
0rst
1_02_
0_10_
0_03_
1_11_
1_04_
1_05_
1count[0]
0count[1]
1count[2]
1count[3]
#141
0clk
0rst
0_02_
0_10_
1_03_
1_11_
1_04_
1_05_
0count[0]
1count[1]
1count[2]
1count[3]
#142
0clk
0rst
1_02_
0_10_
1_03_
1_11_
1_04_
1_05_
1count[0]
1count[1]
1count[2]
1count[3]
#143
0clk
0rst
0_02_
1_10_
0_03_
0_11_
0_04_
0_05_
0count[0]
0count[1]
0count[2]
0count[3]
#144
0clk
0rst
1_02_
0_10_
0_03_
1_11_
0_04_
0_05_
1count[0]
0count[1]
0count[2]
0count[3]
#145
0clk
0rst
0_02_
0_10_
1_03_
1_11_
0_04_
0_05_
0count[0]
1count[1]
0count[2]
0count[3]
#146
0clk
0rst
1_02_
0_10_
1_03_
1_11_
0_04_
0_05_
1count[0]
1count[1]
0count[2]
0count[3]
#147
0clk
0rst
0_02_
1_10_
0_03_
1_11_
1_04_
0_05_
0count[0]
0count[1]
1count[2]
0count[3]
#148
0clk
0rst
1_02_
0_10_
0_03_
1_11_
1_04_
0_05_
1count[0]
0count[1]
1count[2]
0count[3]
#149
0clk
0rst
0_02_
0_10_
1_03_
1_11_
1_04_
0_05_
0count[0]
1count[1]
1count[2]
0count[3]
#150
0clk
0rst
1_02_
0_10_
1_03_
1_11_
1_04_
0_05_
1count[0]
1count[1]
1count[2]
0count[3]
#151
0clk
0rst
0_02_
1_10_
0_03_
0_11_
0_04_
1_05_
0count[0]
0count[1]
0count[2]
1count[3]
#152
0clk
0rst
1_02_
0_10_
0_03_
1_11_
0_04_
1_05_
1count[0]
0count[1]
0count[2]
1count[3]
#153
0clk
0rst
0_02_
0_10_
1_03_
1_11_
0_04_
1_05_
0count[0]
1count[1]
0count[2]
1count[3]
#154
0clk
0rst
1_02_
0_10_
1_03_
1_11_
0_04_
1_05_
1count[0]
1count[1]
0count[2]
1count[3]
#155
0clk
0rst
0_02_
1_10_
0_03_
1_11_
1_04_
1_05_
0count[0]
0count[1]
1count[2]
1count[3]
#156
0clk
0rst
1_02_
0_10_
0_03_
1_11_
1_04_
1_05_
1count[0]
0count[1]
1count[2]
1count[3]
#157
0clk
0rst
0_02_
0_10_
1_03_
1_11_
1_04_
1_05_
0count[0]
1count[1]
1count[2]
1count[3]
#158
0clk
0rst
1_02_
0_10_
1_03_
1_11_
1_04_
1_05_
1count[0]
1count[1]
1count[2]
1count[3]
#159
0clk
0rst
0_02_
1_10_
0_03_
0_11_
0_04_
0_05_
0count[0]
0count[1]
0count[2]
0count[3]
#160
0clk
0rst
1_02_
0_10_
0_03_
1_11_
0_04_
0_05_
1count[0]
0count[1]
0count[2]
0count[3]
#161
0clk
0rst
0_02_
0_10_
1_03_
1_11_
0_04_
0_05_
0count[0]
1count[1]
0count[2]
0count[3]
#162
0clk
0rst
1_02_
0_10_
1_03_
1_11_
0_04_
0_05_
1count[0]
1count[1]
0count[2]
0count[3]
#163
0clk
0rst
0_02_
1_10_
0_03_
1_11_
1_04_
0_05_
0count[0]
0count[1]
1count[2]
0count[3]
#164
0clk
0rst
1_02_
0_10_
0_03_
1_11_
1_04_
0_05_
1count[0]
0count[1]
1count[2]
0count[3]
#165
0clk
0rst
0_02_
0_10_
1_03_
1_11_
1_04_
0_05_
0count[0]
1count[1]
1count[2]
0count[3]
#166
0clk
0rst
1_02_
0_10_
1_03_
1_11_
1_04_
0_05_
1count[0]
1count[1]
1count[2]
0count[3]
#167
0clk
0rst
0_02_
1_10_
0_03_
0_11_
0_04_
1_05_
0count[0]
0count[1]
0count[2]
1count[3]
#168
0clk
0rst
1_02_
0_10_
0_03_
1_11_
0_04_
1_05_
1count[0]
0count[1]
0count[2]
1count[3]
#169
0clk
0rst
0_02_
0_10_
1_03_
1_11_
0_04_
1_05_
0count[0]
1count[1]
0count[2]
1count[3]
#170
0clk
0rst
1_02_
0_10_
1_03_
1_11_
0_04_
1_05_
1count[0]
1count[1]
0count[2]
1count[3]
#171
0clk
0rst
0_02_
1_10_
0_03_
1_11_
1_04_
1_05_
0count[0]
0count[1]
1count[2]
1count[3]
#172
0clk
0rst
1_02_
0_10_
0_03_
1_11_
1_04_
1_05_
1count[0]
0count[1]
1count[2]
1count[3]
#173
0clk
0rst
0_02_
0_10_
1_03_
1_11_
1_04_
1_05_
0count[0]
1count[1]
1count[2]
1count[3]
#174
0clk
0rst
1_02_
0_10_
1_03_
1_11_
1_04_
1_05_
1count[0]
1count[1]
1count[2]
1count[3]
#175
0clk
0rst
0_02_
1_10_
0_03_
0_11_
0_04_
0_05_
0count[0]
0count[1]
0count[2]
0count[3]
#176
0clk
0rst
1_02_
0_10_
0_03_
1_11_
0_04_
0_05_
1count[0]
0count[1]
0count[2]
0count[3]
#177
0clk
0rst
0_02_
0_10_
1_03_
1_11_
0_04_
0_05_
0count[0]
1count[1]
0count[2]
0count[3]
#178
0clk
0rst
1_02_
0_10_
1_03_
1_11_
0_04_
0_05_
1count[0]
1count[1]
0count[2]
0count[3]
#179
0clk
0rst
0_02_
1_10_
0_03_
1_11_
1_04_
0_05_
0count[0]
0count[1]
1count[2]
0count[3]
#180
0clk
0rst
1_02_
0_10_
0_03_
1_11_
1_04_
0_05_
1count[0]
0count[1]
1count[2]
0count[3]
#181
0clk
0rst
0_02_
0_10_
1_03_
1_11_
1_04_
0_05_
0count[0]
1count[1]
1count[2]
0count[3]
#182
0clk
0rst
1_02_
0_10_
1_03_
1_11_
1_04_
0_05_
1count[0]
1count[1]
1count[2]
0count[3]
#183
0clk
0rst
0_02_
1_10_
0_03_
0_11_
0_04_
1_05_
0count[0]
0count[1]
0count[2]
1count[3]
#184
0clk
0rst
1_02_
0_10_
0_03_
1_11_
0_04_
1_05_
1count[0]
0count[1]
0count[2]
1count[3]
#185
0clk
0rst
0_02_
0_10_
1_03_
1_11_
0_04_
1_05_
0count[0]
1count[1]
0count[2]
1count[3]
#186
0clk
0rst
1_02_
0_10_
1_03_
1_11_
0_04_
1_05_
1count[0]
1count[1]
0count[2]
1count[3]
#187
0clk
0rst
0_02_
1_10_
0_03_
1_11_
1_04_
1_05_
0count[0]
0count[1]
1count[2]
1count[3]
#188
0clk
0rst
1_02_
0_10_
0_03_
1_11_
1_04_
1_05_
1count[0]
0count[1]
1count[2]
1count[3]
#189
0clk
0rst
0_02_
0_10_
1_03_
1_11_
1_04_
1_05_
0count[0]
1count[1]
1count[2]
1count[3]
#190
0clk
0rst
1_02_
0_10_
1_03_
1_11_
1_04_
1_05_
1count[0]
1count[1]
1count[2]
1count[3]
#191
0clk
0rst
0_02_
1_10_
0_03_
0_11_
0_04_
0_05_
0count[0]
0count[1]
0count[2]
0count[3]
#192
0clk
0rst
1_02_
0_10_
0_03_
1_11_
0_04_
0_05_
1count[0]
0count[1]
0count[2]
0count[3]
#193
0clk
0rst
0_02_
0_10_
1_03_
1_11_
0_04_
0_05_
0count[0]
1count[1]
0count[2]
0count[3]
#194
0clk
0rst
1_02_
0_10_
1_03_
1_11_
0_04_
0_05_
1count[0]
1count[1]
0count[2]
0count[3]
#195
0clk
0rst
0_02_
1_10_
0_03_
1_11_
1_04_
0_05_
0count[0]
0count[1]
1count[2]
0count[3]
#196
0clk
0rst
1_02_
0_10_
0_03_
1_11_
1_04_
0_05_
1count[0]
0count[1]
1count[2]
0count[3]
#197
0clk
0rst
0_02_
0_10_
1_03_
1_11_
1_04_
0_05_
0count[0]
1count[1]
1count[2]
0count[3]
#198
0clk
0rst
1_02_
0_10_
1_03_
1_11_
1_04_
0_05_
1count[0]
1count[1]
1count[2]
0count[3]
#199
0clk
0rst
0_02_
1_10_
0_03_
0_11_
0_04_
1_05_
0count[0]
0count[1]
0count[2]
1count[3]
#200
0clk
0rst
1_02_
0_10_
0_03_
1_11_
0_04_
1_05_
1count[0]
0count[1]
0count[2]
1count[3]
#201
0clk
0rst
0_02_
0_10_
1_03_
1_11_
0_04_
1_05_
0count[0]
1count[1]
0count[2]
1count[3]
#202
0clk
0rst
1_02_
0_10_
1_03_
1_11_
0_04_
1_05_
1count[0]
1count[1]
0count[2]
1count[3]
#203
0clk
0rst
0_02_
1_10_
0_03_
1_11_
1_04_
1_05_
0count[0]
0count[1]
1count[2]
1count[3]
#204
0clk
0rst
1_02_
0_10_
0_03_
1_11_
1_04_
1_05_
1count[0]
0count[1]
1count[2]
1count[3]
#205
0clk
0rst
0_02_
0_10_
1_03_
1_11_
1_04_
1_05_
0count[0]
1count[1]
1count[2]
1count[3]
#206
0clk
0rst
1_02_
0_10_
1_03_
1_11_
1_04_
1_05_
1count[0]
1count[1]
1count[2]
1count[3]
#207
0clk
0rst
0_02_
1_10_
0_03_
0_11_
0_04_
0_05_
0count[0]
0count[1]
0count[2]
0count[3]
#208
0clk
0rst
1_02_
0_10_
0_03_
1_11_
0_04_
0_05_
1count[0]
0count[1]
0count[2]
0count[3]
#209
0clk
0rst
0_02_
0_10_
1_03_
1_11_
0_04_
0_05_
0count[0]
1count[1]
0count[2]
0count[3]
#210
0clk
0rst
1_02_
0_10_
1_03_
1_11_
0_04_
0_05_
1count[0]
1count[1]
0count[2]
0count[3]
#211
0clk
0rst
0_02_
1_10_
0_03_
1_11_
1_04_
0_05_
0count[0]
0count[1]
1count[2]
0count[3]
#212
0clk
0rst
1_02_
0_10_
0_03_
1_11_
1_04_
0_05_
1count[0]
0count[1]
1count[2]
0count[3]
#213
0clk
0rst
0_02_
0_10_
1_03_
1_11_
1_04_
0_05_
0count[0]
1count[1]
1count[2]
0count[3]
#214
0clk
0rst
1_02_
0_10_
1_03_
1_11_
1_04_
0_05_
1count[0]
1count[1]
1count[2]
0count[3]
#215
0clk
0rst
0_02_
1_10_
0_03_
0_11_
0_04_
1_05_
0count[0]
0count[1]
0count[2]
1count[3]
#216
0clk
0rst
1_02_
0_10_
0_03_
1_11_
0_04_
1_05_
1count[0]
0count[1]
0count[2]
1count[3]
#217
0clk
0rst
0_02_
0_10_
1_03_
1_11_
0_04_
1_05_
0count[0]
1count[1]
0count[2]
1count[3]
#218
0clk
0rst
1_02_
0_10_
1_03_
1_11_
0_04_
1_05_
1count[0]
1count[1]
0count[2]
1count[3]
#219
0clk
0rst
0_02_
1_10_
0_03_
1_11_
1_04_
1_05_
0count[0]
0count[1]
1count[2]
1count[3]
#220
0clk
0rst
1_02_
0_10_
0_03_
1_11_
1_04_
1_05_
1count[0]
0count[1]
1count[2]
1count[3]
#221
0clk
0rst
0_02_
0_10_
1_03_
1_11_
1_04_
1_05_
0count[0]
1count[1]
1count[2]
1count[3]
#222
0clk
0rst
1_02_
0_10_
1_03_
1_11_
1_04_
1_05_
1count[0]
1count[1]
1count[2]
1count[3]
#223
0clk
0rst
0_02_
1_10_
0_03_
0_11_
0_04_
0_05_
0count[0]
0count[1]
0count[2]
0count[3]
#224
0clk
0rst
1_02_
0_10_
0_03_
1_11_
0_04_
0_05_
1count[0]
0count[1]
0count[2]
0count[3]
#225
0clk
0rst
0_02_
0_10_
1_03_
1_11_
0_04_
0_05_
0count[0]
1count[1]
0count[2]
0count[3]
#226
0clk
0rst
1_02_
0_10_
1_03_
1_11_
0_04_
0_05_
1count[0]
1count[1]
0count[2]
0count[3]
#227
0clk
0rst
0_02_
1_10_
0_03_
1_11_
1_04_
0_05_
0count[0]
0count[1]
1count[2]
0count[3]
#228
0clk
0rst
1_02_
0_10_
0_03_
1_11_
1_04_
0_05_
1count[0]
0count[1]
1count[2]
0count[3]
#229
0clk
0rst
0_02_
0_10_
1_03_
1_11_
1_04_
0_05_
0count[0]
1count[1]
1count[2]
0count[3]
#230
0clk
0rst
1_02_
0_10_
1_03_
1_11_
1_04_
0_05_
1count[0]
1count[1]
1count[2]
0count[3]
#231
0clk
0rst
0_02_
1_10_
0_03_
0_11_
0_04_
1_05_
0count[0]
0count[1]
0count[2]
1count[3]
#232
0clk
0rst
1_02_
0_10_
0_03_
1_11_
0_04_
1_05_
1count[0]
0count[1]
0count[2]
1count[3]
#233
0clk
0rst
0_02_
0_10_
1_03_
1_11_
0_04_
1_05_
0count[0]
1count[1]
0count[2]
1count[3]
#234
0clk
0rst
1_02_
0_10_
1_03_
1_11_
0_04_
1_05_
1count[0]
1count[1]
0count[2]
1count[3]
#235
0clk
0rst
0_02_
1_10_
0_03_
1_11_
1_04_
1_05_
0count[0]
0count[1]
1count[2]
1count[3]
#236
0clk
0rst
1_02_
0_10_
0_03_
1_11_
1_04_
1_05_
1count[0]
0count[1]
1count[2]
1count[3]
#237
0clk
0rst
0_02_
0_10_
1_03_
1_11_
1_04_
1_05_
0count[0]
1count[1]
1count[2]
1count[3]
#238
0clk
0rst
1_02_
0_10_
1_03_
1_11_
1_04_
1_05_
1count[0]
1count[1]
1count[2]
1count[3]
#239
0clk
0rst
0_02_
1_10_
0_03_
0_11_
0_04_
0_05_
0count[0]
0count[1]
0count[2]
0count[3]
#240
0clk
0rst
1_02_
0_10_
0_03_
1_11_
0_04_
0_05_
1count[0]
0count[1]
0count[2]
0count[3]
#241
0clk
0rst
0_02_
0_10_
1_03_
1_11_
0_04_
0_05_
0count[0]
1count[1]
0count[2]
0count[3]
#242
0clk
0rst
1_02_
0_10_
1_03_
1_11_
0_04_
0_05_
1count[0]
1count[1]
0count[2]
0count[3]
#243
0clk
0rst
0_02_
1_10_
0_03_
1_11_
1_04_
0_05_
0count[0]
0count[1]
1count[2]
0count[3]
#244
0clk
0rst
1_02_
0_10_
0_03_
1_11_
1_04_
0_05_
1count[0]
0count[1]
1count[2]
0count[3]
#245
0clk
0rst
0_02_
0_10_
1_03_
1_11_
1_04_
0_05_
0count[0]
1count[1]
1count[2]
0count[3]
#246
0clk
0rst
1_02_
0_10_
1_03_
1_11_
1_04_
0_05_
1count[0]
1count[1]
1count[2]
0count[3]
#247
0clk
0rst
0_02_
1_10_
0_03_
0_11_
0_04_
1_05_
0count[0]
0count[1]
0count[2]
1count[3]
#248
0clk
0rst
1_02_
0_10_
0_03_
1_11_
0_04_
1_05_
1count[0]
0count[1]
0count[2]
1count[3]
#249
0clk
0rst
0_02_
0_10_
1_03_
1_11_
0_04_
1_05_
0count[0]
1count[1]
0count[2]
1count[3]
#250
0clk
0rst
1_02_
0_10_
1_03_
1_11_
0_04_
1_05_
1count[0]
1count[1]
0count[2]
1count[3]
#251
0clk
0rst
0_02_
1_10_
0_03_
1_11_
1_04_
1_05_
0count[0]
0count[1]
1count[2]
1count[3]
#252
0clk
0rst
1_02_
0_10_
0_03_
1_11_
1_04_
1_05_
1count[0]
0count[1]
1count[2]
1count[3]
#253
0clk
0rst
0_02_
0_10_
1_03_
1_11_
1_04_
1_05_
0count[0]
1count[1]
1count[2]
1count[3]
#254
0clk
0rst
1_02_
0_10_
1_03_
1_11_
1_04_
1_05_
1count[0]
1count[1]
1count[2]
1count[3]
#255
0clk
0rst
0_02_
1_10_
0_03_
0_11_
0_04_
0_05_
0count[0]
0count[1]
0count[2]
0count[3]
#256
0clk
0rst
1_02_
0_10_
0_03_
1_11_
0_04_
0_05_
1count[0]
0count[1]
0count[2]
0count[3]
#257
0clk
0rst
0_02_
0_10_
1_03_
1_11_
0_04_
0_05_
0count[0]
1count[1]
0count[2]
0count[3]
#258
0clk
0rst
1_02_
0_10_
1_03_
1_11_
0_04_
0_05_
1count[0]
1count[1]
0count[2]
0count[3]
#259
0clk
0rst
0_02_
1_10_
0_03_
1_11_
1_04_
0_05_
0count[0]
0count[1]
1count[2]
0count[3]
#260
0clk
0rst
1_02_
0_10_
0_03_
1_11_
1_04_
0_05_
1count[0]
0count[1]
1count[2]
0count[3]
#261
0clk
0rst
0_02_
0_10_
1_03_
1_11_
1_04_
0_05_
0count[0]
1count[1]
1count[2]
0count[3]
#262
0clk
0rst
1_02_
0_10_
1_03_
1_11_
1_04_
0_05_
1count[0]
1count[1]
1count[2]
0count[3]
#263
0clk
0rst
0_02_
1_10_
0_03_
0_11_
0_04_
1_05_
0count[0]
0count[1]
0count[2]
1count[3]
#264
0clk
0rst
1_02_
0_10_
0_03_
1_11_
0_04_
1_05_
1count[0]
0count[1]
0count[2]
1count[3]
#265
0clk
0rst
0_02_
0_10_
1_03_
1_11_
0_04_
1_05_
0count[0]
1count[1]
0count[2]
1count[3]
#266
0clk
0rst
1_02_
0_10_
1_03_
1_11_
0_04_
1_05_
1count[0]
1count[1]
0count[2]
1count[3]
#267
0clk
0rst
0_02_
1_10_
0_03_
1_11_
1_04_
1_05_
0count[0]
0count[1]
1count[2]
1count[3]
#268
0clk
0rst
1_02_
0_10_
0_03_
1_11_
1_04_
1_05_
1count[0]
0count[1]
1count[2]
1count[3]
#269
0clk
0rst
0_02_
0_10_
1_03_
1_11_
1_04_
1_05_
0count[0]
1count[1]
1count[2]
1count[3]
#270
0clk
0rst
1_02_
0_10_
1_03_
1_11_
1_04_
1_05_
1count[0]
1count[1]
1count[2]
1count[3]
#271
0clk
0rst
0_02_
1_10_
0_03_
0_11_
0_04_
0_05_
0count[0]
0count[1]
0count[2]
0count[3]
#272
0clk
0rst
1_02_
0_10_
0_03_
1_11_
0_04_
0_05_
1count[0]
0count[1]
0count[2]
0count[3]
#273
0clk
0rst
0_02_
0_10_
1_03_
1_11_
0_04_
0_05_
0count[0]
1count[1]
0count[2]
0count[3]
#274
0clk
0rst
1_02_
0_10_
1_03_
1_11_
0_04_
0_05_
1count[0]
1count[1]
0count[2]
0count[3]
#275
0clk
0rst
0_02_
1_10_
0_03_
1_11_
1_04_
0_05_
0count[0]
0count[1]
1count[2]
0count[3]
#276
0clk
0rst
1_02_
0_10_
0_03_
1_11_
1_04_
0_05_
1count[0]
0count[1]
1count[2]
0count[3]
#277
0clk
0rst
0_02_
0_10_
1_03_
1_11_
1_04_
0_05_
0count[0]
1count[1]
1count[2]
0count[3]
#278
0clk
0rst
1_02_
0_10_
1_03_
1_11_
1_04_
0_05_
1count[0]
1count[1]
1count[2]
0count[3]
#279
0clk
0rst
0_02_
1_10_
0_03_
0_11_
0_04_
1_05_
0count[0]
0count[1]
0count[2]
1count[3]
#280
0clk
0rst
1_02_
0_10_
0_03_
1_11_
0_04_
1_05_
1count[0]
0count[1]
0count[2]
1count[3]
#281
0clk
0rst
0_02_
0_10_
1_03_
1_11_
0_04_
1_05_
0count[0]
1count[1]
0count[2]
1count[3]
#282
0clk
0rst
1_02_
0_10_
1_03_
1_11_
0_04_
1_05_
1count[0]
1count[1]
0count[2]
1count[3]
#283
0clk
0rst
0_02_
1_10_
0_03_
1_11_
1_04_
1_05_
0count[0]
0count[1]
1count[2]
1count[3]
#284
0clk
0rst
1_02_
0_10_
0_03_
1_11_
1_04_
1_05_
1count[0]
0count[1]
1count[2]
1count[3]
#285
0clk
0rst
0_02_
0_10_
1_03_
1_11_
1_04_
1_05_
0count[0]
1count[1]
1count[2]
1count[3]
#286
0clk
0rst
1_02_
0_10_
1_03_
1_11_
1_04_
1_05_
1count[0]
1count[1]
1count[2]
1count[3]
#287
0clk
0rst
0_02_
1_10_
0_03_
0_11_
0_04_
0_05_
0count[0]
0count[1]
0count[2]
0count[3]
#288
0clk
0rst
1_02_
0_10_
0_03_
1_11_
0_04_
0_05_
1count[0]
0count[1]
0count[2]
0count[3]
#289
0clk
0rst
0_02_
0_10_
1_03_
1_11_
0_04_
0_05_
0count[0]
1count[1]
0count[2]
0count[3]
#290
0clk
0rst
1_02_
0_10_
1_03_
1_11_
0_04_
0_05_
1count[0]
1count[1]
0count[2]
0count[3]
#291
0clk
0rst
0_02_
1_10_
0_03_
1_11_
1_04_
0_05_
0count[0]
0count[1]
1count[2]
0count[3]
#292
0clk
0rst
1_02_
0_10_
0_03_
1_11_
1_04_
0_05_
1count[0]
0count[1]
1count[2]
0count[3]
#293
0clk
0rst
0_02_
0_10_
1_03_
1_11_
1_04_
0_05_
0count[0]
1count[1]
1count[2]
0count[3]
#294
0clk
0rst
1_02_
0_10_
1_03_
1_11_
1_04_
0_05_
1count[0]
1count[1]
1count[2]
0count[3]
#295
0clk
0rst
0_02_
1_10_
0_03_
0_11_
0_04_
1_05_
0count[0]
0count[1]
0count[2]
1count[3]
#296
0clk
0rst
1_02_
0_10_
0_03_
1_11_
0_04_
1_05_
1count[0]
0count[1]
0count[2]
1count[3]
#297
0clk
0rst
0_02_
0_10_
1_03_
1_11_
0_04_
1_05_
0count[0]
1count[1]
0count[2]
1count[3]
#298
0clk
0rst
1_02_
0_10_
1_03_
1_11_
0_04_
1_05_
1count[0]
1count[1]
0count[2]
1count[3]
#299
0clk
0rst
0_02_
1_10_
0_03_
1_11_
1_04_
1_05_
0count[0]
0count[1]
1count[2]
1count[3]
#300
0clk
0rst
1_02_
0_10_
0_03_
1_11_
1_04_
1_05_
1count[0]
0count[1]
1count[2]
1count[3]
#301
0clk
0rst
0_02_
0_10_
1_03_
1_11_
1_04_
1_05_
0count[0]
1count[1]
1count[2]
1count[3]
#302
0clk
0rst
1_02_
0_10_
1_03_
1_11_
1_04_
1_05_
1count[0]
1count[1]
1count[2]
1count[3]
#303
0clk
0rst
0_02_
1_10_
0_03_
0_11_
0_04_
0_05_
0count[0]
0count[1]
0count[2]
0count[3]
#304
0clk
0rst
1_02_
0_10_
0_03_
1_11_
0_04_
0_05_
1count[0]
0count[1]
0count[2]
0count[3]
#305
0clk
0rst
0_02_
0_10_
1_03_
1_11_
0_04_
0_05_
0count[0]
1count[1]
0count[2]
0count[3]
#306
0clk
0rst
1_02_
0_10_
1_03_
1_11_
0_04_
0_05_
1count[0]
1count[1]
0count[2]
0count[3]
#307
0clk
0rst
0_02_
1_10_
0_03_
1_11_
1_04_
0_05_
0count[0]
0count[1]
1count[2]
0count[3]
#308
0clk
0rst
1_02_
0_10_
0_03_
1_11_
1_04_
0_05_
1count[0]
0count[1]
1count[2]
0count[3]
#309
0clk
0rst
0_02_
0_10_
1_03_
1_11_
1_04_
0_05_
0count[0]
1count[1]
1count[2]
0count[3]
#310
0clk
0rst
1_02_
0_10_
1_03_
1_11_
1_04_
0_05_
1count[0]
1count[1]
1count[2]
0count[3]
#311
0clk
0rst
0_02_
1_10_
0_03_
0_11_
0_04_
1_05_
0count[0]
0count[1]
0count[2]
1count[3]
#312
0clk
0rst
1_02_
0_10_
0_03_
1_11_
0_04_
1_05_
1count[0]
0count[1]
0count[2]
1count[3]
#313
0clk
0rst
0_02_
0_10_
1_03_
1_11_
0_04_
1_05_
0count[0]
1count[1]
0count[2]
1count[3]
#314
0clk
0rst
1_02_
0_10_
1_03_
1_11_
0_04_
1_05_
1count[0]
1count[1]
0count[2]
1count[3]
#315
0clk
0rst
0_02_
1_10_
0_03_
1_11_
1_04_
1_05_
0count[0]
0count[1]
1count[2]
1count[3]
#316
0clk
0rst
1_02_
0_10_
0_03_
1_11_
1_04_
1_05_
1count[0]
0count[1]
1count[2]
1count[3]
#317
0clk
0rst
0_02_
0_10_
1_03_
1_11_
1_04_
1_05_
0count[0]
1count[1]
1count[2]
1count[3]
#318
0clk
0rst
1_02_
0_10_
1_03_
1_11_
1_04_
1_05_
1count[0]
1count[1]
1count[2]
1count[3]
#319
0clk
0rst
0_02_
1_10_
0_03_
0_11_
0_04_
0_05_
0count[0]
0count[1]
0count[2]
0count[3]
#320
0clk
0rst
1_02_
0_10_
0_03_
1_11_
0_04_
0_05_
1count[0]
0count[1]
0count[2]
0count[3]
#321
0clk
0rst
0_02_
0_10_
1_03_
1_11_
0_04_
0_05_
0count[0]
1count[1]
0count[2]
0count[3]
#322
0clk
0rst
1_02_
0_10_
1_03_
1_11_
0_04_
0_05_
1count[0]
1count[1]
0count[2]
0count[3]
#323
0clk
0rst
0_02_
1_10_
0_03_
1_11_
1_04_
0_05_
0count[0]
0count[1]
1count[2]
0count[3]
#324
0clk
0rst
1_02_
0_10_
0_03_
1_11_
1_04_
0_05_
1count[0]
0count[1]
1count[2]
0count[3]
#325
0clk
0rst
0_02_
0_10_
1_03_
1_11_
1_04_
0_05_
0count[0]
1count[1]
1count[2]
0count[3]
#326
0clk
0rst
1_02_
0_10_
1_03_
1_11_
1_04_
0_05_
1count[0]
1count[1]
1count[2]
0count[3]
#327
0clk
0rst
0_02_
1_10_
0_03_
0_11_
0_04_
1_05_
0count[0]
0count[1]
0count[2]
1count[3]
#328
0clk
0rst
1_02_
0_10_
0_03_
1_11_
0_04_
1_05_
1count[0]
0count[1]
0count[2]
1count[3]
#329
0clk
0rst
0_02_
0_10_
1_03_
1_11_
0_04_
1_05_
0count[0]
1count[1]
0count[2]
1count[3]
#330
0clk
0rst
1_02_
0_10_
1_03_
1_11_
0_04_
1_05_
1count[0]
1count[1]
0count[2]
1count[3]
#331
0clk
0rst
0_02_
1_10_
0_03_
1_11_
1_04_
1_05_
0count[0]
0count[1]
1count[2]
1count[3]
#332
0clk
0rst
1_02_
0_10_
0_03_
1_11_
1_04_
1_05_
1count[0]
0count[1]
1count[2]
1count[3]
#333
0clk
0rst
0_02_
0_10_
1_03_
1_11_
1_04_
1_05_
0count[0]
1count[1]
1count[2]
1count[3]
#334
0clk
0rst
1_02_
0_10_
1_03_
1_11_
1_04_
1_05_
1count[0]
1count[1]
1count[2]
1count[3]
#335
0clk
0rst
0_02_
1_10_
0_03_
0_11_
0_04_
0_05_
0count[0]
0count[1]
0count[2]
0count[3]
#336
0clk
0rst
1_02_
0_10_
0_03_
1_11_
0_04_
0_05_
1count[0]
0count[1]
0count[2]
0count[3]
#337
0clk
0rst
0_02_
0_10_
1_03_
1_11_
0_04_
0_05_
0count[0]
1count[1]
0count[2]
0count[3]
#338
0clk
0rst
1_02_
0_10_
1_03_
1_11_
0_04_
0_05_
1count[0]
1count[1]
0count[2]
0count[3]
#339
0clk
0rst
0_02_
1_10_
0_03_
1_11_
1_04_
0_05_
0count[0]
0count[1]
1count[2]
0count[3]
#340
0clk
0rst
1_02_
0_10_
0_03_
1_11_
1_04_
0_05_
1count[0]
0count[1]
1count[2]
0count[3]
#341
0clk
0rst
0_02_
0_10_
1_03_
1_11_
1_04_
0_05_
0count[0]
1count[1]
1count[2]
0count[3]
#342
0clk
0rst
1_02_
0_10_
1_03_
1_11_
1_04_
0_05_
1count[0]
1count[1]
1count[2]
0count[3]
#343
0clk
0rst
0_02_
1_10_
0_03_
0_11_
0_04_
1_05_
0count[0]
0count[1]
0count[2]
1count[3]
#344
0clk
0rst
1_02_
0_10_
0_03_
1_11_
0_04_
1_05_
1count[0]
0count[1]
0count[2]
1count[3]
#345
0clk
0rst
0_02_
0_10_
1_03_
1_11_
0_04_
1_05_
0count[0]
1count[1]
0count[2]
1count[3]
#346
0clk
0rst
1_02_
0_10_
1_03_
1_11_
0_04_
1_05_
1count[0]
1count[1]
0count[2]
1count[3]
#347
0clk
0rst
0_02_
1_10_
0_03_
1_11_
1_04_
1_05_
0count[0]
0count[1]
1count[2]
1count[3]
#348
0clk
0rst
1_02_
0_10_
0_03_
1_11_
1_04_
1_05_
1count[0]
0count[1]
1count[2]
1count[3]
#349
0clk
0rst
0_02_
0_10_
1_03_
1_11_
1_04_
1_05_
0count[0]
1count[1]
1count[2]
1count[3]
#350
0clk
0rst
1_02_
0_10_
1_03_
1_11_
1_04_
1_05_
1count[0]
1count[1]
1count[2]
1count[3]
#351
0clk
0rst
0_02_
1_10_
0_03_
0_11_
0_04_
0_05_
0count[0]
0count[1]
0count[2]
0count[3]
#352
0clk
0rst
1_02_
0_10_
0_03_
1_11_
0_04_
0_05_
1count[0]
0count[1]
0count[2]
0count[3]
#353
0clk
0rst
0_02_
0_10_
1_03_
1_11_
0_04_
0_05_
0count[0]
1count[1]
0count[2]
0count[3]
#354
0clk
0rst
1_02_
0_10_
1_03_
1_11_
0_04_
0_05_
1count[0]
1count[1]
0count[2]
0count[3]
#355
0clk
0rst
0_02_
1_10_
0_03_
1_11_
1_04_
0_05_
0count[0]
0count[1]
1count[2]
0count[3]
#356
0clk
0rst
1_02_
0_10_
0_03_
1_11_
1_04_
0_05_
1count[0]
0count[1]
1count[2]
0count[3]
#357
0clk
0rst
0_02_
0_10_
1_03_
1_11_
1_04_
0_05_
0count[0]
1count[1]
1count[2]
0count[3]
#358
0clk
0rst
1_02_
0_10_
1_03_
1_11_
1_04_
0_05_
1count[0]
1count[1]
1count[2]
0count[3]
#359
0clk
0rst
0_02_
1_10_
0_03_
0_11_
0_04_
1_05_
0count[0]
0count[1]
0count[2]
1count[3]
#360
0clk
0rst
1_02_
0_10_
0_03_
1_11_
0_04_
1_05_
1count[0]
0count[1]
0count[2]
1count[3]
#361
0clk
0rst
0_02_
0_10_
1_03_
1_11_
0_04_
1_05_
0count[0]
1count[1]
0count[2]
1count[3]
#362
0clk
0rst
1_02_
0_10_
1_03_
1_11_
0_04_
1_05_
1count[0]
1count[1]
0count[2]
1count[3]
#363
0clk
0rst
0_02_
1_10_
0_03_
1_11_
1_04_
1_05_
0count[0]
0count[1]
1count[2]
1count[3]
#364
0clk
0rst
1_02_
0_10_
0_03_
1_11_
1_04_
1_05_
1count[0]
0count[1]
1count[2]
1count[3]
#365
0clk
0rst
0_02_
0_10_
1_03_
1_11_
1_04_
1_05_
0count[0]
1count[1]
1count[2]
1count[3]
#366
0clk
0rst
1_02_
0_10_
1_03_
1_11_
1_04_
1_05_
1count[0]
1count[1]
1count[2]
1count[3]
#367
0clk
0rst
0_02_
1_10_
0_03_
0_11_
0_04_
0_05_
0count[0]
0count[1]
0count[2]
0count[3]
#368
0clk
0rst
1_02_
0_10_
0_03_
1_11_
0_04_
0_05_
1count[0]
0count[1]
0count[2]
0count[3]
#369
0clk
0rst
0_02_
0_10_
1_03_
1_11_
0_04_
0_05_
0count[0]
1count[1]
0count[2]
0count[3]
#370
0clk
0rst
1_02_
0_10_
1_03_
1_11_
0_04_
0_05_
1count[0]
1count[1]
0count[2]
0count[3]
#371
0clk
0rst
0_02_
1_10_
0_03_
1_11_
1_04_
0_05_
0count[0]
0count[1]
1count[2]
0count[3]
#372
0clk
0rst
1_02_
0_10_
0_03_
1_11_
1_04_
0_05_
1count[0]
0count[1]
1count[2]
0count[3]
#373
0clk
0rst
0_02_
0_10_
1_03_
1_11_
1_04_
0_05_
0count[0]
1count[1]
1count[2]
0count[3]
#374
0clk
0rst
1_02_
0_10_
1_03_
1_11_
1_04_
0_05_
1count[0]
1count[1]
1count[2]
0count[3]
#375
0clk
0rst
0_02_
1_10_
0_03_
0_11_
0_04_
1_05_
0count[0]
0count[1]
0count[2]
1count[3]
#376
0clk
0rst
1_02_
0_10_
0_03_
1_11_
0_04_
1_05_
1count[0]
0count[1]
0count[2]
1count[3]
#377
0clk
0rst
0_02_
0_10_
1_03_
1_11_
0_04_
1_05_
0count[0]
1count[1]
0count[2]
1count[3]
#378
0clk
0rst
1_02_
0_10_
1_03_
1_11_
0_04_
1_05_
1count[0]
1count[1]
0count[2]
1count[3]
#379
0clk
0rst
0_02_
1_10_
0_03_
1_11_
1_04_
1_05_
0count[0]
0count[1]
1count[2]
1count[3]
#380
0clk
0rst
1_02_
0_10_
0_03_
1_11_
1_04_
1_05_
1count[0]
0count[1]
1count[2]
1count[3]
#381
0clk
0rst
0_02_
0_10_
1_03_
1_11_
1_04_
1_05_
0count[0]
1count[1]
1count[2]
1count[3]
#382
0clk
0rst
1_02_
0_10_
1_03_
1_11_
1_04_
1_05_
1count[0]
1count[1]
1count[2]
1count[3]
#383
0clk
0rst
0_02_
1_10_
0_03_
0_11_
0_04_
0_05_
0count[0]
0count[1]
0count[2]
0count[3]
#384
0clk
0rst
1_02_
0_10_
0_03_
1_11_
0_04_
0_05_
1count[0]
0count[1]
0count[2]
0count[3]
#385
0clk
0rst
0_02_
0_10_
1_03_
1_11_
0_04_
0_05_
0count[0]
1count[1]
0count[2]
0count[3]
#386
0clk
0rst
1_02_
0_10_
1_03_
1_11_
0_04_
0_05_
1count[0]
1count[1]
0count[2]
0count[3]
#387
0clk
0rst
0_02_
1_10_
0_03_
1_11_
1_04_
0_05_
0count[0]
0count[1]
1count[2]
0count[3]
#388
0clk
0rst
1_02_
0_10_
0_03_
1_11_
1_04_
0_05_
1count[0]
0count[1]
1count[2]
0count[3]
#389
0clk
0rst
0_02_
0_10_
1_03_
1_11_
1_04_
0_05_
0count[0]
1count[1]
1count[2]
0count[3]
#390
0clk
0rst
1_02_
0_10_
1_03_
1_11_
1_04_
0_05_
1count[0]
1count[1]
1count[2]
0count[3]
#391
0clk
0rst
0_02_
1_10_
0_03_
0_11_
0_04_
1_05_
0count[0]
0count[1]
0count[2]
1count[3]
#392
0clk
0rst
1_02_
0_10_
0_03_
1_11_
0_04_
1_05_
1count[0]
0count[1]
0count[2]
1count[3]
#393
0clk
0rst
0_02_
0_10_
1_03_
1_11_
0_04_
1_05_
0count[0]
1count[1]
0count[2]
1count[3]
#394
0clk
0rst
1_02_
0_10_
1_03_
1_11_
0_04_
1_05_
1count[0]
1count[1]
0count[2]
1count[3]
#395
0clk
0rst
0_02_
1_10_
0_03_
1_11_
1_04_
1_05_
0count[0]
0count[1]
1count[2]
1count[3]
#396
0clk
0rst
1_02_
0_10_
0_03_
1_11_
1_04_
1_05_
1count[0]
0count[1]
1count[2]
1count[3]
#397
0clk
0rst
0_02_
0_10_
1_03_
1_11_
1_04_
1_05_
0count[0]
1count[1]
1count[2]
1count[3]
#398
0clk
0rst
1_02_
0_10_
1_03_
1_11_
1_04_
1_05_
1count[0]
1count[1]
1count[2]
1count[3]
#399
0clk
0rst
0_02_
1_10_
0_03_
0_11_
0_04_
0_05_
0count[0]
0count[1]
0count[2]
0count[3]
#400
0clk
0rst
1_02_
0_10_
0_03_
1_11_
0_04_
0_05_
1count[0]
0count[1]
0count[2]
0count[3]
#401
0clk
0rst
0_02_
0_10_
1_03_
1_11_
0_04_
0_05_
0count[0]
1count[1]
0count[2]
0count[3]
#402
0clk
0rst
1_02_
0_10_
1_03_
1_11_
0_04_
0_05_
1count[0]
1count[1]
0count[2]
0count[3]
#403
0clk
0rst
0_02_
1_10_
0_03_
1_11_
1_04_
0_05_
0count[0]
0count[1]
1count[2]
0count[3]
#404
0clk
0rst
1_02_
0_10_
0_03_
1_11_
1_04_
0_05_
1count[0]
0count[1]
1count[2]
0count[3]
#405
0clk
0rst
0_02_
0_10_
1_03_
1_11_
1_04_
0_05_
0count[0]
1count[1]
1count[2]
0count[3]
#406
0clk
0rst
1_02_
0_10_
1_03_
1_11_
1_04_
0_05_
1count[0]
1count[1]
1count[2]
0count[3]
#407
0clk
0rst
0_02_
1_10_
0_03_
0_11_
0_04_
1_05_
0count[0]
0count[1]
0count[2]
1count[3]
#408
0clk
0rst
1_02_
0_10_
0_03_
1_11_
0_04_
1_05_
1count[0]
0count[1]
0count[2]
1count[3]
#409
0clk
0rst
0_02_
0_10_
1_03_
1_11_
0_04_
1_05_
0count[0]
1count[1]
0count[2]
1count[3]
#410
0clk
0rst
1_02_
0_10_
1_03_
1_11_
0_04_
1_05_
1count[0]
1count[1]
0count[2]
1count[3]
#411
0clk
0rst
0_02_
1_10_
0_03_
1_11_
1_04_
1_05_
0count[0]
0count[1]
1count[2]
1count[3]
#412
0clk
0rst
1_02_
0_10_
0_03_
1_11_
1_04_
1_05_
1count[0]
0count[1]
1count[2]
1count[3]
#413
0clk
0rst
0_02_
0_10_
1_03_
1_11_
1_04_
1_05_
0count[0]
1count[1]
1count[2]
1count[3]
#414
0clk
0rst
1_02_
0_10_
1_03_
1_11_
1_04_
1_05_
1count[0]
1count[1]
1count[2]
1count[3]
#415
0clk
0rst
0_02_
1_10_
0_03_
0_11_
0_04_
0_05_
0count[0]
0count[1]
0count[2]
0count[3]
#416
0clk
0rst
1_02_
0_10_
0_03_
1_11_
0_04_
0_05_
1count[0]
0count[1]
0count[2]
0count[3]
#417
0clk
0rst
0_02_
0_10_
1_03_
1_11_
0_04_
0_05_
0count[0]
1count[1]
0count[2]
0count[3]
#418
0clk
0rst
1_02_
0_10_
1_03_
1_11_
0_04_
0_05_
1count[0]
1count[1]
0count[2]
0count[3]
#419
0clk
0rst
0_02_
1_10_
0_03_
1_11_
1_04_
0_05_
0count[0]
0count[1]
1count[2]
0count[3]
#420
0clk
0rst
1_02_
0_10_
0_03_
1_11_
1_04_
0_05_
1count[0]
0count[1]
1count[2]
0count[3]
#421
0clk
0rst
0_02_
0_10_
1_03_
1_11_
1_04_
0_05_
0count[0]
1count[1]
1count[2]
0count[3]
#422
0clk
0rst
1_02_
0_10_
1_03_
1_11_
1_04_
0_05_
1count[0]
1count[1]
1count[2]
0count[3]
#423
0clk
0rst
0_02_
1_10_
0_03_
0_11_
0_04_
1_05_
0count[0]
0count[1]
0count[2]
1count[3]
#424
0clk
0rst
1_02_
0_10_
0_03_
1_11_
0_04_
1_05_
1count[0]
0count[1]
0count[2]
1count[3]
#425
0clk
0rst
0_02_
0_10_
1_03_
1_11_
0_04_
1_05_
0count[0]
1count[1]
0count[2]
1count[3]
#426
0clk
0rst
1_02_
0_10_
1_03_
1_11_
0_04_
1_05_
1count[0]
1count[1]
0count[2]
1count[3]
#427
0clk
0rst
0_02_
1_10_
0_03_
1_11_
1_04_
1_05_
0count[0]
0count[1]
1count[2]
1count[3]
#428
0clk
0rst
1_02_
0_10_
0_03_
1_11_
1_04_
1_05_
1count[0]
0count[1]
1count[2]
1count[3]
#429
0clk
0rst
0_02_
0_10_
1_03_
1_11_
1_04_
1_05_
0count[0]
1count[1]
1count[2]
1count[3]
#430
0clk
0rst
1_02_
0_10_
1_03_
1_11_
1_04_
1_05_
1count[0]
1count[1]
1count[2]
1count[3]
#431
0clk
0rst
0_02_
1_10_
0_03_
0_11_
0_04_
0_05_
0count[0]
0count[1]
0count[2]
0count[3]
#432
0clk
0rst
1_02_
0_10_
0_03_
1_11_
0_04_
0_05_
1count[0]
0count[1]
0count[2]
0count[3]
#433
0clk
0rst
0_02_
0_10_
1_03_
1_11_
0_04_
0_05_
0count[0]
1count[1]
0count[2]
0count[3]
#434
0clk
0rst
1_02_
0_10_
1_03_
1_11_
0_04_
0_05_
1count[0]
1count[1]
0count[2]
0count[3]
#435
0clk
0rst
0_02_
1_10_
0_03_
1_11_
1_04_
0_05_
0count[0]
0count[1]
1count[2]
0count[3]
#436
0clk
0rst
1_02_
0_10_
0_03_
1_11_
1_04_
0_05_
1count[0]
0count[1]
1count[2]
0count[3]
#437
0clk
0rst
0_02_
0_10_
1_03_
1_11_
1_04_
0_05_
0count[0]
1count[1]
1count[2]
0count[3]
#438
0clk
0rst
1_02_
0_10_
1_03_
1_11_
1_04_
0_05_
1count[0]
1count[1]
1count[2]
0count[3]
#439
0clk
0rst
0_02_
1_10_
0_03_
0_11_
0_04_
1_05_
0count[0]
0count[1]
0count[2]
1count[3]
#440
0clk
0rst
1_02_
0_10_
0_03_
1_11_
0_04_
1_05_
1count[0]
0count[1]
0count[2]
1count[3]
#441
0clk
0rst
0_02_
0_10_
1_03_
1_11_
0_04_
1_05_
0count[0]
1count[1]
0count[2]
1count[3]
#442
0clk
0rst
1_02_
0_10_
1_03_
1_11_
0_04_
1_05_
1count[0]
1count[1]
0count[2]
1count[3]
#443
0clk
0rst
0_02_
1_10_
0_03_
1_11_
1_04_
1_05_
0count[0]
0count[1]
1count[2]
1count[3]
#444
0clk
0rst
1_02_
0_10_
0_03_
1_11_
1_04_
1_05_
1count[0]
0count[1]
1count[2]
1count[3]
#445
0clk
0rst
0_02_
0_10_
1_03_
1_11_
1_04_
1_05_
0count[0]
1count[1]
1count[2]
1count[3]
#446
0clk
0rst
1_02_
0_10_
1_03_
1_11_
1_04_
1_05_
1count[0]
1count[1]
1count[2]
1count[3]
#447
0clk
0rst
0_02_
1_10_
0_03_
0_11_
0_04_
0_05_
0count[0]
0count[1]
0count[2]
0count[3]
#448
0clk
0rst
1_02_
0_10_
0_03_
1_11_
0_04_
0_05_
1count[0]
0count[1]
0count[2]
0count[3]
#449
0clk
0rst
0_02_
0_10_
1_03_
1_11_
0_04_
0_05_
0count[0]
1count[1]
0count[2]
0count[3]
#450
0clk
0rst
1_02_
0_10_
1_03_
1_11_
0_04_
0_05_
1count[0]
1count[1]
0count[2]
0count[3]
#451
0clk
0rst
0_02_
1_10_
0_03_
1_11_
1_04_
0_05_
0count[0]
0count[1]
1count[2]
0count[3]
#452
0clk
0rst
1_02_
0_10_
0_03_
1_11_
1_04_
0_05_
1count[0]
0count[1]
1count[2]
0count[3]
#453
0clk
0rst
0_02_
0_10_
1_03_
1_11_
1_04_
0_05_
0count[0]
1count[1]
1count[2]
0count[3]
#454
0clk
0rst
1_02_
0_10_
1_03_
1_11_
1_04_
0_05_
1count[0]
1count[1]
1count[2]
0count[3]
#455
0clk
0rst
0_02_
1_10_
0_03_
0_11_
0_04_
1_05_
0count[0]
0count[1]
0count[2]
1count[3]
#456
0clk
0rst
1_02_
0_10_
0_03_
1_11_
0_04_
1_05_
1count[0]
0count[1]
0count[2]
1count[3]
#457
0clk
0rst
0_02_
0_10_
1_03_
1_11_
0_04_
1_05_
0count[0]
1count[1]
0count[2]
1count[3]
#458
0clk
0rst
1_02_
0_10_
1_03_
1_11_
0_04_
1_05_
1count[0]
1count[1]
0count[2]
1count[3]
#459
0clk
0rst
0_02_
1_10_
0_03_
1_11_
1_04_
1_05_
0count[0]
0count[1]
1count[2]
1count[3]
#460
0clk
0rst
1_02_
0_10_
0_03_
1_11_
1_04_
1_05_
1count[0]
0count[1]
1count[2]
1count[3]
#461
0clk
0rst
0_02_
0_10_
1_03_
1_11_
1_04_
1_05_
0count[0]
1count[1]
1count[2]
1count[3]
#462
0clk
0rst
1_02_
0_10_
1_03_
1_11_
1_04_
1_05_
1count[0]
1count[1]
1count[2]
1count[3]
#463
0clk
0rst
0_02_
1_10_
0_03_
0_11_
0_04_
0_05_
0count[0]
0count[1]
0count[2]
0count[3]
#464
0clk
0rst
1_02_
0_10_
0_03_
1_11_
0_04_
0_05_
1count[0]
0count[1]
0count[2]
0count[3]
#465
0clk
0rst
0_02_
0_10_
1_03_
1_11_
0_04_
0_05_
0count[0]
1count[1]
0count[2]
0count[3]
#466
0clk
0rst
1_02_
0_10_
1_03_
1_11_
0_04_
0_05_
1count[0]
1count[1]
0count[2]
0count[3]
#467
0clk
0rst
0_02_
1_10_
0_03_
1_11_
1_04_
0_05_
0count[0]
0count[1]
1count[2]
0count[3]
#468
0clk
0rst
1_02_
0_10_
0_03_
1_11_
1_04_
0_05_
1count[0]
0count[1]
1count[2]
0count[3]
#469
0clk
0rst
0_02_
0_10_
1_03_
1_11_
1_04_
0_05_
0count[0]
1count[1]
1count[2]
0count[3]
#470
0clk
0rst
1_02_
0_10_
1_03_
1_11_
1_04_
0_05_
1count[0]
1count[1]
1count[2]
0count[3]
#471
0clk
0rst
0_02_
1_10_
0_03_
0_11_
0_04_
1_05_
0count[0]
0count[1]
0count[2]
1count[3]
#472
0clk
0rst
1_02_
0_10_
0_03_
1_11_
0_04_
1_05_
1count[0]
0count[1]
0count[2]
1count[3]
#473
0clk
0rst
0_02_
0_10_
1_03_
1_11_
0_04_
1_05_
0count[0]
1count[1]
0count[2]
1count[3]
#474
0clk
0rst
1_02_
0_10_
1_03_
1_11_
0_04_
1_05_
1count[0]
1count[1]
0count[2]
1count[3]
#475
0clk
0rst
0_02_
1_10_
0_03_
1_11_
1_04_
1_05_
0count[0]
0count[1]
1count[2]
1count[3]
#476
0clk
0rst
1_02_
0_10_
0_03_
1_11_
1_04_
1_05_
1count[0]
0count[1]
1count[2]
1count[3]
#477
0clk
0rst
0_02_
0_10_
1_03_
1_11_
1_04_
1_05_
0count[0]
1count[1]
1count[2]
1count[3]
#478
0clk
0rst
1_02_
0_10_
1_03_
1_11_
1_04_
1_05_
1count[0]
1count[1]
1count[2]
1count[3]
#479
0clk
0rst
0_02_
1_10_
0_03_
0_11_
0_04_
0_05_
0count[0]
0count[1]
0count[2]
0count[3]
#480
0clk
0rst
1_02_
0_10_
0_03_
1_11_
0_04_
0_05_
1count[0]
0count[1]
0count[2]
0count[3]
#481
0clk
0rst
0_02_
0_10_
1_03_
1_11_
0_04_
0_05_
0count[0]
1count[1]
0count[2]
0count[3]
#482
0clk
0rst
1_02_
0_10_
1_03_
1_11_
0_04_
0_05_
1count[0]
1count[1]
0count[2]
0count[3]
#483
0clk
0rst
0_02_
1_10_
0_03_
1_11_
1_04_
0_05_
0count[0]
0count[1]
1count[2]
0count[3]
#484
0clk
0rst
1_02_
0_10_
0_03_
1_11_
1_04_
0_05_
1count[0]
0count[1]
1count[2]
0count[3]
#485
0clk
0rst
0_02_
0_10_
1_03_
1_11_
1_04_
0_05_
0count[0]
1count[1]
1count[2]
0count[3]
#486
0clk
0rst
1_02_
0_10_
1_03_
1_11_
1_04_
0_05_
1count[0]
1count[1]
1count[2]
0count[3]
#487
0clk
0rst
0_02_
1_10_
0_03_
0_11_
0_04_
1_05_
0count[0]
0count[1]
0count[2]
1count[3]
#488
0clk
0rst
1_02_
0_10_
0_03_
1_11_
0_04_
1_05_
1count[0]
0count[1]
0count[2]
1count[3]
#489
0clk
0rst
0_02_
0_10_
1_03_
1_11_
0_04_
1_05_
0count[0]
1count[1]
0count[2]
1count[3]
#490
0clk
0rst
1_02_
0_10_
1_03_
1_11_
0_04_
1_05_
1count[0]
1count[1]
0count[2]
1count[3]
#491
0clk
0rst
0_02_
1_10_
0_03_
1_11_
1_04_
1_05_
0count[0]
0count[1]
1count[2]
1count[3]
#492
0clk
0rst
1_02_
0_10_
0_03_
1_11_
1_04_
1_05_
1count[0]
0count[1]
1count[2]
1count[3]
#493
0clk
0rst
0_02_
0_10_
1_03_
1_11_
1_04_
1_05_
0count[0]
1count[1]
1count[2]
1count[3]
#494
0clk
0rst
1_02_
0_10_
1_03_
1_11_
1_04_
1_05_
1count[0]
1count[1]
1count[2]
1count[3]
#495
0clk
0rst
0_02_
1_10_
0_03_
0_11_
0_04_
0_05_
0count[0]
0count[1]
0count[2]
0count[3]
#496
0clk
0rst
1_02_
0_10_
0_03_
1_11_
0_04_
0_05_
1count[0]
0count[1]
0count[2]
0count[3]
#497
0clk
0rst
0_02_
0_10_
1_03_
1_11_
0_04_
0_05_
0count[0]
1count[1]
0count[2]
0count[3]
#498
0clk
0rst
1_02_
0_10_
1_03_
1_11_
0_04_
0_05_
1count[0]
1count[1]
0count[2]
0count[3]
#499
0clk
0rst
0_02_
1_10_
0_03_
1_11_
1_04_
0_05_
0count[0]
0count[1]
1count[2]
0count[3]
#500
0clk
0rst
1_02_
0_10_
0_03_
1_11_
1_04_
0_05_
1count[0]
0count[1]
1count[2]
0count[3]
#501
0clk
0rst
0_02_
0_10_
1_03_
1_11_
1_04_
0_05_
0count[0]
1count[1]
1count[2]
0count[3]
#502
0clk
0rst
1_02_
0_10_
1_03_
1_11_
1_04_
0_05_
1count[0]
1count[1]
1count[2]
0count[3]
#503
0clk
0rst
0_02_
1_10_
0_03_
0_11_
0_04_
1_05_
0count[0]
0count[1]
0count[2]
1count[3]
#504
0clk
0rst
1_02_
0_10_
0_03_
1_11_
0_04_
1_05_
1count[0]
0count[1]
0count[2]
1count[3]
#505
0clk
0rst
0_02_
0_10_
1_03_
1_11_
0_04_
1_05_
0count[0]
1count[1]
0count[2]
1count[3]
#506
0clk
0rst
1_02_
0_10_
1_03_
1_11_
0_04_
1_05_
1count[0]
1count[1]
0count[2]
1count[3]
#507
0clk
0rst
0_02_
1_10_
0_03_
1_11_
1_04_
1_05_
0count[0]
0count[1]
1count[2]
1count[3]
#508
0clk
0rst
1_02_
0_10_
0_03_
1_11_
1_04_
1_05_
1count[0]
0count[1]
1count[2]
1count[3]
#509
0clk
0rst
0_02_
0_10_
1_03_
1_11_
1_04_
1_05_
0count[0]
1count[1]
1count[2]
1count[3]
#510
0clk
0rst
1_02_
0_10_
1_03_
1_11_
1_04_
1_05_
1count[0]
1count[1]
1count[2]
1count[3]
#511
0clk
0rst
0_02_
1_10_
0_03_
0_11_
0_04_
0_05_
0count[0]
0count[1]
0count[2]
0count[3]
#512
0clk
0rst
1_02_
0_10_
0_03_
1_11_
0_04_
0_05_
1count[0]
0count[1]
0count[2]
0count[3]
#513
0clk
0rst
0_02_
0_10_
1_03_
1_11_
0_04_
0_05_
0count[0]
1count[1]
0count[2]
0count[3]
#514
0clk
0rst
1_02_
0_10_
1_03_
1_11_
0_04_
0_05_
1count[0]
1count[1]
0count[2]
0count[3]
#515
0clk
0rst
0_02_
1_10_
0_03_
1_11_
1_04_
0_05_
0count[0]
0count[1]
1count[2]
0count[3]
#516
0clk
0rst
1_02_
0_10_
0_03_
1_11_
1_04_
0_05_
1count[0]
0count[1]
1count[2]
0count[3]
#517
0clk
0rst
0_02_
0_10_
1_03_
1_11_
1_04_
0_05_
0count[0]
1count[1]
1count[2]
0count[3]
#518
0clk
0rst
1_02_
0_10_
1_03_
1_11_
1_04_
0_05_
1count[0]
1count[1]
1count[2]
0count[3]
#519
0clk
0rst
0_02_
1_10_
0_03_
0_11_
0_04_
1_05_
0count[0]
0count[1]
0count[2]
1count[3]
#520
0clk
0rst
1_02_
0_10_
0_03_
1_11_
0_04_
1_05_
1count[0]
0count[1]
0count[2]
1count[3]
#521
0clk
0rst
0_02_
0_10_
1_03_
1_11_
0_04_
1_05_
0count[0]
1count[1]
0count[2]
1count[3]
#522
0clk
0rst
1_02_
0_10_
1_03_
1_11_
0_04_
1_05_
1count[0]
1count[1]
0count[2]
1count[3]
#523
0clk
0rst
0_02_
1_10_
0_03_
1_11_
1_04_
1_05_
0count[0]
0count[1]
1count[2]
1count[3]
#524
0clk
0rst
1_02_
0_10_
0_03_
1_11_
1_04_
1_05_
1count[0]
0count[1]
1count[2]
1count[3]
#525
0clk
0rst
0_02_
0_10_
1_03_
1_11_
1_04_
1_05_
0count[0]
1count[1]
1count[2]
1count[3]
#526
0clk
0rst
1_02_
0_10_
1_03_
1_11_
1_04_
1_05_
1count[0]
1count[1]
1count[2]
1count[3]
#527
0clk
0rst
0_02_
1_10_
0_03_
0_11_
0_04_
0_05_
0count[0]
0count[1]
0count[2]
0count[3]
#528
0clk
0rst
1_02_
0_10_
0_03_
1_11_
0_04_
0_05_
1count[0]
0count[1]
0count[2]
0count[3]
#529
0clk
0rst
0_02_
0_10_
1_03_
1_11_
0_04_
0_05_
0count[0]
1count[1]
0count[2]
0count[3]
#530
0clk
0rst
1_02_
0_10_
1_03_
1_11_
0_04_
0_05_
1count[0]
1count[1]
0count[2]
0count[3]
#531
0clk
0rst
0_02_
1_10_
0_03_
1_11_
1_04_
0_05_
0count[0]
0count[1]
1count[2]
0count[3]
#532
0clk
0rst
1_02_
0_10_
0_03_
1_11_
1_04_
0_05_
1count[0]
0count[1]
1count[2]
0count[3]
#533
0clk
0rst
0_02_
0_10_
1_03_
1_11_
1_04_
0_05_
0count[0]
1count[1]
1count[2]
0count[3]
#534
0clk
0rst
1_02_
0_10_
1_03_
1_11_
1_04_
0_05_
1count[0]
1count[1]
1count[2]
0count[3]
#535
0clk
0rst
0_02_
1_10_
0_03_
0_11_
0_04_
1_05_
0count[0]
0count[1]
0count[2]
1count[3]
#536
0clk
0rst
1_02_
0_10_
0_03_
1_11_
0_04_
1_05_
1count[0]
0count[1]
0count[2]
1count[3]
#537
0clk
0rst
0_02_
0_10_
1_03_
1_11_
0_04_
1_05_
0count[0]
1count[1]
0count[2]
1count[3]
#538
0clk
0rst
1_02_
0_10_
1_03_
1_11_
0_04_
1_05_
1count[0]
1count[1]
0count[2]
1count[3]
#539
0clk
0rst
0_02_
1_10_
0_03_
1_11_
1_04_
1_05_
0count[0]
0count[1]
1count[2]
1count[3]
#540
0clk
0rst
1_02_
0_10_
0_03_
1_11_
1_04_
1_05_
1count[0]
0count[1]
1count[2]
1count[3]
#541
0clk
0rst
0_02_
0_10_
1_03_
1_11_
1_04_
1_05_
0count[0]
1count[1]
1count[2]
1count[3]
#542
0clk
0rst
1_02_
0_10_
1_03_
1_11_
1_04_
1_05_
1count[0]
1count[1]
1count[2]
1count[3]
#543
0clk
0rst
0_02_
1_10_
0_03_
0_11_
0_04_
0_05_
0count[0]
0count[1]
0count[2]
0count[3]
#544
0clk
0rst
1_02_
0_10_
0_03_
1_11_
0_04_
0_05_
1count[0]
0count[1]
0count[2]
0count[3]
#545
0clk
0rst
0_02_
0_10_
1_03_
1_11_
0_04_
0_05_
0count[0]
1count[1]
0count[2]
0count[3]
#546
0clk
0rst
1_02_
0_10_
1_03_
1_11_
0_04_
0_05_
1count[0]
1count[1]
0count[2]
0count[3]
#547
0clk
0rst
0_02_
1_10_
0_03_
1_11_
1_04_
0_05_
0count[0]
0count[1]
1count[2]
0count[3]
#548
0clk
0rst
1_02_
0_10_
0_03_
1_11_
1_04_
0_05_
1count[0]
0count[1]
1count[2]
0count[3]
#549
0clk
0rst
0_02_
0_10_
1_03_
1_11_
1_04_
0_05_
0count[0]
1count[1]
1count[2]
0count[3]
#550
0clk
0rst
1_02_
0_10_
1_03_
1_11_
1_04_
0_05_
1count[0]
1count[1]
1count[2]
0count[3]
#551
0clk
0rst
0_02_
1_10_
0_03_
0_11_
0_04_
1_05_
0count[0]
0count[1]
0count[2]
1count[3]
#552
0clk
0rst
1_02_
0_10_
0_03_
1_11_
0_04_
1_05_
1count[0]
0count[1]
0count[2]
1count[3]
#553
0clk
0rst
0_02_
0_10_
1_03_
1_11_
0_04_
1_05_
0count[0]
1count[1]
0count[2]
1count[3]
#554
0clk
0rst
1_02_
0_10_
1_03_
1_11_
0_04_
1_05_
1count[0]
1count[1]
0count[2]
1count[3]
#555
0clk
0rst
0_02_
1_10_
0_03_
1_11_
1_04_
1_05_
0count[0]
0count[1]
1count[2]
1count[3]
#556
0clk
0rst
1_02_
0_10_
0_03_
1_11_
1_04_
1_05_
1count[0]
0count[1]
1count[2]
1count[3]
#557
0clk
0rst
0_02_
0_10_
1_03_
1_11_
1_04_
1_05_
0count[0]
1count[1]
1count[2]
1count[3]
#558
0clk
0rst
1_02_
0_10_
1_03_
1_11_
1_04_
1_05_
1count[0]
1count[1]
1count[2]
1count[3]
#559
0clk
0rst
0_02_
1_10_
0_03_
0_11_
0_04_
0_05_
0count[0]
0count[1]
0count[2]
0count[3]
#560
0clk
0rst
1_02_
0_10_
0_03_
1_11_
0_04_
0_05_
1count[0]
0count[1]
0count[2]
0count[3]
#561
0clk
0rst
0_02_
0_10_
1_03_
1_11_
0_04_
0_05_
0count[0]
1count[1]
0count[2]
0count[3]
#562
0clk
0rst
1_02_
0_10_
1_03_
1_11_
0_04_
0_05_
1count[0]
1count[1]
0count[2]
0count[3]
#563
0clk
0rst
0_02_
1_10_
0_03_
1_11_
1_04_
0_05_
0count[0]
0count[1]
1count[2]
0count[3]
#564
0clk
0rst
1_02_
0_10_
0_03_
1_11_
1_04_
0_05_
1count[0]
0count[1]
1count[2]
0count[3]
#565
0clk
0rst
0_02_
0_10_
1_03_
1_11_
1_04_
0_05_
0count[0]
1count[1]
1count[2]
0count[3]
#566
0clk
0rst
1_02_
0_10_
1_03_
1_11_
1_04_
0_05_
1count[0]
1count[1]
1count[2]
0count[3]
#567
0clk
0rst
0_02_
1_10_
0_03_
0_11_
0_04_
1_05_
0count[0]
0count[1]
0count[2]
1count[3]
#568
0clk
0rst
1_02_
0_10_
0_03_
1_11_
0_04_
1_05_
1count[0]
0count[1]
0count[2]
1count[3]
#569
0clk
0rst
0_02_
0_10_
1_03_
1_11_
0_04_
1_05_
0count[0]
1count[1]
0count[2]
1count[3]
#570
0clk
0rst
1_02_
0_10_
1_03_
1_11_
0_04_
1_05_
1count[0]
1count[1]
0count[2]
1count[3]
#571
0clk
0rst
0_02_
1_10_
0_03_
1_11_
1_04_
1_05_
0count[0]
0count[1]
1count[2]
1count[3]
#572
0clk
0rst
1_02_
0_10_
0_03_
1_11_
1_04_
1_05_
1count[0]
0count[1]
1count[2]
1count[3]
#573
0clk
0rst
0_02_
0_10_
1_03_
1_11_
1_04_
1_05_
0count[0]
1count[1]
1count[2]
1count[3]
#574
0clk
0rst
1_02_
0_10_
1_03_
1_11_
1_04_
1_05_
1count[0]
1count[1]
1count[2]
1count[3]
#575
0clk
0rst
0_02_
1_10_
0_03_
0_11_
0_04_
0_05_
0count[0]
0count[1]
0count[2]
0count[3]
#576
0clk
0rst
1_02_
0_10_
0_03_
1_11_
0_04_
0_05_
1count[0]
0count[1]
0count[2]
0count[3]
#577
0clk
0rst
0_02_
0_10_
1_03_
1_11_
0_04_
0_05_
0count[0]
1count[1]
0count[2]
0count[3]
#578
0clk
0rst
1_02_
0_10_
1_03_
1_11_
0_04_
0_05_
1count[0]
1count[1]
0count[2]
0count[3]
#579
0clk
0rst
0_02_
1_10_
0_03_
1_11_
1_04_
0_05_
0count[0]
0count[1]
1count[2]
0count[3]
#580
0clk
0rst
1_02_
0_10_
0_03_
1_11_
1_04_
0_05_
1count[0]
0count[1]
1count[2]
0count[3]
#581
0clk
0rst
0_02_
0_10_
1_03_
1_11_
1_04_
0_05_
0count[0]
1count[1]
1count[2]
0count[3]
#582
0clk
0rst
1_02_
0_10_
1_03_
1_11_
1_04_
0_05_
1count[0]
1count[1]
1count[2]
0count[3]
#583
0clk
0rst
0_02_
1_10_
0_03_
0_11_
0_04_
1_05_
0count[0]
0count[1]
0count[2]
1count[3]
#584
0clk
0rst
1_02_
0_10_
0_03_
1_11_
0_04_
1_05_
1count[0]
0count[1]
0count[2]
1count[3]
#585
0clk
0rst
0_02_
0_10_
1_03_
1_11_
0_04_
1_05_
0count[0]
1count[1]
0count[2]
1count[3]
#586
0clk
0rst
1_02_
0_10_
1_03_
1_11_
0_04_
1_05_
1count[0]
1count[1]
0count[2]
1count[3]
#587
0clk
0rst
0_02_
1_10_
0_03_
1_11_
1_04_
1_05_
0count[0]
0count[1]
1count[2]
1count[3]
#588
0clk
0rst
1_02_
0_10_
0_03_
1_11_
1_04_
1_05_
1count[0]
0count[1]
1count[2]
1count[3]
#589
0clk
0rst
0_02_
0_10_
1_03_
1_11_
1_04_
1_05_
0count[0]
1count[1]
1count[2]
1count[3]
#590
0clk
0rst
1_02_
0_10_
1_03_
1_11_
1_04_
1_05_
1count[0]
1count[1]
1count[2]
1count[3]
#591
0clk
0rst
0_02_
1_10_
0_03_
0_11_
0_04_
0_05_
0count[0]
0count[1]
0count[2]
0count[3]
#592
0clk
0rst
1_02_
0_10_
0_03_
1_11_
0_04_
0_05_
1count[0]
0count[1]
0count[2]
0count[3]
#593
0clk
0rst
0_02_
0_10_
1_03_
1_11_
0_04_
0_05_
0count[0]
1count[1]
0count[2]
0count[3]
#594
0clk
0rst
1_02_
0_10_
1_03_
1_11_
0_04_
0_05_
1count[0]
1count[1]
0count[2]
0count[3]
#595
0clk
0rst
0_02_
1_10_
0_03_
1_11_
1_04_
0_05_
0count[0]
0count[1]
1count[2]
0count[3]
#596
0clk
0rst
1_02_
0_10_
0_03_
1_11_
1_04_
0_05_
1count[0]
0count[1]
1count[2]
0count[3]
#597
0clk
0rst
0_02_
0_10_
1_03_
1_11_
1_04_
0_05_
0count[0]
1count[1]
1count[2]
0count[3]
#598
0clk
0rst
1_02_
0_10_
1_03_
1_11_
1_04_
0_05_
1count[0]
1count[1]
1count[2]
0count[3]
#599
0clk
0rst
0_02_
1_10_
0_03_
0_11_
0_04_
1_05_
0count[0]
0count[1]
0count[2]
1count[3]
#600
0clk
0rst
1_02_
0_10_
0_03_
1_11_
0_04_
1_05_
1count[0]
0count[1]
0count[2]
1count[3]
#601
0clk
0rst
0_02_
0_10_
1_03_
1_11_
0_04_
1_05_
0count[0]
1count[1]
0count[2]
1count[3]
#602
0clk
0rst
1_02_
0_10_
1_03_
1_11_
0_04_
1_05_
1count[0]
1count[1]
0count[2]
1count[3]
#603
0clk
0rst
0_02_
1_10_
0_03_
1_11_
1_04_
1_05_
0count[0]
0count[1]
1count[2]
1count[3]
#604
0clk
0rst
1_02_
0_10_
0_03_
1_11_
1_04_
1_05_
1count[0]
0count[1]
1count[2]
1count[3]
#605
0clk
0rst
0_02_
0_10_
1_03_
1_11_
1_04_
1_05_
0count[0]
1count[1]
1count[2]
1count[3]
#606
0clk
0rst
1_02_
0_10_
1_03_
1_11_
1_04_
1_05_
1count[0]
1count[1]
1count[2]
1count[3]
#607
0clk
0rst
0_02_
1_10_
0_03_
0_11_
0_04_
0_05_
0count[0]
0count[1]
0count[2]
0count[3]
#608
0clk
0rst
1_02_
0_10_
0_03_
1_11_
0_04_
0_05_
1count[0]
0count[1]
0count[2]
0count[3]
#609
0clk
0rst
0_02_
0_10_
1_03_
1_11_
0_04_
0_05_
0count[0]
1count[1]
0count[2]
0count[3]
#610
0clk
0rst
1_02_
0_10_
1_03_
1_11_
0_04_
0_05_
1count[0]
1count[1]
0count[2]
0count[3]
#611
0clk
0rst
0_02_
1_10_
0_03_
1_11_
1_04_
0_05_
0count[0]
0count[1]
1count[2]
0count[3]
#612
0clk
0rst
1_02_
0_10_
0_03_
1_11_
1_04_
0_05_
1count[0]
0count[1]
1count[2]
0count[3]
#613
0clk
0rst
0_02_
0_10_
1_03_
1_11_
1_04_
0_05_
0count[0]
1count[1]
1count[2]
0count[3]
#614
0clk
0rst
1_02_
0_10_
1_03_
1_11_
1_04_
0_05_
1count[0]
1count[1]
1count[2]
0count[3]
#615
0clk
0rst
0_02_
1_10_
0_03_
0_11_
0_04_
1_05_
0count[0]
0count[1]
0count[2]
1count[3]
#616
0clk
0rst
1_02_
0_10_
0_03_
1_11_
0_04_
1_05_
1count[0]
0count[1]
0count[2]
1count[3]
#617
0clk
0rst
0_02_
0_10_
1_03_
1_11_
0_04_
1_05_
0count[0]
1count[1]
0count[2]
1count[3]
#618
0clk
0rst
1_02_
0_10_
1_03_
1_11_
0_04_
1_05_
1count[0]
1count[1]
0count[2]
1count[3]
#619
0clk
0rst
0_02_
1_10_
0_03_
1_11_
1_04_
1_05_
0count[0]
0count[1]
1count[2]
1count[3]
#620
0clk
0rst
1_02_
0_10_
0_03_
1_11_
1_04_
1_05_
1count[0]
0count[1]
1count[2]
1count[3]
#621
0clk
0rst
0_02_
0_10_
1_03_
1_11_
1_04_
1_05_
0count[0]
1count[1]
1count[2]
1count[3]
#622
0clk
0rst
1_02_
0_10_
1_03_
1_11_
1_04_
1_05_
1count[0]
1count[1]
1count[2]
1count[3]
#623
0clk
0rst
0_02_
1_10_
0_03_
0_11_
0_04_
0_05_
0count[0]
0count[1]
0count[2]
0count[3]
#624
0clk
0rst
1_02_
0_10_
0_03_
1_11_
0_04_
0_05_
1count[0]
0count[1]
0count[2]
0count[3]
#625
0clk
0rst
0_02_
0_10_
1_03_
1_11_
0_04_
0_05_
0count[0]
1count[1]
0count[2]
0count[3]
#626
0clk
0rst
1_02_
0_10_
1_03_
1_11_
0_04_
0_05_
1count[0]
1count[1]
0count[2]
0count[3]
#627
0clk
0rst
0_02_
1_10_
0_03_
1_11_
1_04_
0_05_
0count[0]
0count[1]
1count[2]
0count[3]
#628
0clk
0rst
1_02_
0_10_
0_03_
1_11_
1_04_
0_05_
1count[0]
0count[1]
1count[2]
0count[3]
#629
0clk
0rst
0_02_
0_10_
1_03_
1_11_
1_04_
0_05_
0count[0]
1count[1]
1count[2]
0count[3]
#630
0clk
0rst
1_02_
0_10_
1_03_
1_11_
1_04_
0_05_
1count[0]
1count[1]
1count[2]
0count[3]
#631
0clk
0rst
0_02_
1_10_
0_03_
0_11_
0_04_
1_05_
0count[0]
0count[1]
0count[2]
1count[3]
#632
0clk
0rst
1_02_
0_10_
0_03_
1_11_
0_04_
1_05_
1count[0]
0count[1]
0count[2]
1count[3]
#633
0clk
0rst
0_02_
0_10_
1_03_
1_11_
0_04_
1_05_
0count[0]
1count[1]
0count[2]
1count[3]
#634
0clk
0rst
1_02_
0_10_
1_03_
1_11_
0_04_
1_05_
1count[0]
1count[1]
0count[2]
1count[3]
#635
0clk
0rst
0_02_
1_10_
0_03_
1_11_
1_04_
1_05_
0count[0]
0count[1]
1count[2]
1count[3]
#636
0clk
0rst
1_02_
0_10_
0_03_
1_11_
1_04_
1_05_
1count[0]
0count[1]
1count[2]
1count[3]
#637
0clk
0rst
0_02_
0_10_
1_03_
1_11_
1_04_
1_05_
0count[0]
1count[1]
1count[2]
1count[3]
#638
0clk
0rst
1_02_
0_10_
1_03_
1_11_
1_04_
1_05_
1count[0]
1count[1]
1count[2]
1count[3]
#639
0clk
0rst
0_02_
1_10_
0_03_
0_11_
0_04_
0_05_
0count[0]
0count[1]
0count[2]
0count[3]
#640
0clk
0rst
1_02_
0_10_
0_03_
1_11_
0_04_
0_05_
1count[0]
0count[1]
0count[2]
0count[3]
#641
0clk
0rst
0_02_
0_10_
1_03_
1_11_
0_04_
0_05_
0count[0]
1count[1]
0count[2]
0count[3]
#642
0clk
0rst
1_02_
0_10_
1_03_
1_11_
0_04_
0_05_
1count[0]
1count[1]
0count[2]
0count[3]
#643
0clk
0rst
0_02_
1_10_
0_03_
1_11_
1_04_
0_05_
0count[0]
0count[1]
1count[2]
0count[3]
#644
0clk
0rst
1_02_
0_10_
0_03_
1_11_
1_04_
0_05_
1count[0]
0count[1]
1count[2]
0count[3]
#645
0clk
0rst
0_02_
0_10_
1_03_
1_11_
1_04_
0_05_
0count[0]
1count[1]
1count[2]
0count[3]
#646
0clk
0rst
1_02_
0_10_
1_03_
1_11_
1_04_
0_05_
1count[0]
1count[1]
1count[2]
0count[3]
#647
0clk
0rst
0_02_
1_10_
0_03_
0_11_
0_04_
1_05_
0count[0]
0count[1]
0count[2]
1count[3]
#648
0clk
0rst
1_02_
0_10_
0_03_
1_11_
0_04_
1_05_
1count[0]
0count[1]
0count[2]
1count[3]
#649
0clk
0rst
0_02_
0_10_
1_03_
1_11_
0_04_
1_05_
0count[0]
1count[1]
0count[2]
1count[3]
#650
0clk
0rst
1_02_
0_10_
1_03_
1_11_
0_04_
1_05_
1count[0]
1count[1]
0count[2]
1count[3]
#651
0clk
0rst
0_02_
1_10_
0_03_
1_11_
1_04_
1_05_
0count[0]
0count[1]
1count[2]
1count[3]
#652
0clk
0rst
1_02_
0_10_
0_03_
1_11_
1_04_
1_05_
1count[0]
0count[1]
1count[2]
1count[3]
#653
0clk
0rst
0_02_
0_10_
1_03_
1_11_
1_04_
1_05_
0count[0]
1count[1]
1count[2]
1count[3]
#654
0clk
0rst
1_02_
0_10_
1_03_
1_11_
1_04_
1_05_
1count[0]
1count[1]
1count[2]
1count[3]
#655
0clk
0rst
0_02_
1_10_
0_03_
0_11_
0_04_
0_05_
0count[0]
0count[1]
0count[2]
0count[3]
#656
0clk
0rst
1_02_
0_10_
0_03_
1_11_
0_04_
0_05_
1count[0]
0count[1]
0count[2]
0count[3]
#657
0clk
0rst
0_02_
0_10_
1_03_
1_11_
0_04_
0_05_
0count[0]
1count[1]
0count[2]
0count[3]
#658
0clk
0rst
1_02_
0_10_
1_03_
1_11_
0_04_
0_05_
1count[0]
1count[1]
0count[2]
0count[3]
#659
0clk
0rst
0_02_
1_10_
0_03_
1_11_
1_04_
0_05_
0count[0]
0count[1]
1count[2]
0count[3]
#660
0clk
0rst
1_02_
0_10_
0_03_
1_11_
1_04_
0_05_
1count[0]
0count[1]
1count[2]
0count[3]
#661
0clk
0rst
0_02_
0_10_
1_03_
1_11_
1_04_
0_05_
0count[0]
1count[1]
1count[2]
0count[3]
#662
0clk
0rst
1_02_
0_10_
1_03_
1_11_
1_04_
0_05_
1count[0]
1count[1]
1count[2]
0count[3]
#663
0clk
0rst
0_02_
1_10_
0_03_
0_11_
0_04_
1_05_
0count[0]
0count[1]
0count[2]
1count[3]
#664
0clk
0rst
1_02_
0_10_
0_03_
1_11_
0_04_
1_05_
1count[0]
0count[1]
0count[2]
1count[3]
#665
0clk
0rst
0_02_
0_10_
1_03_
1_11_
0_04_
1_05_
0count[0]
1count[1]
0count[2]
1count[3]
#666
0clk
0rst
1_02_
0_10_
1_03_
1_11_
0_04_
1_05_
1count[0]
1count[1]
0count[2]
1count[3]
#667
0clk
0rst
0_02_
1_10_
0_03_
1_11_
1_04_
1_05_
0count[0]
0count[1]
1count[2]
1count[3]
#668
0clk
0rst
1_02_
0_10_
0_03_
1_11_
1_04_
1_05_
1count[0]
0count[1]
1count[2]
1count[3]
#669
0clk
0rst
0_02_
0_10_
1_03_
1_11_
1_04_
1_05_
0count[0]
1count[1]
1count[2]
1count[3]
#670
0clk
0rst
1_02_
0_10_
1_03_
1_11_
1_04_
1_05_
1count[0]
1count[1]
1count[2]
1count[3]
#671
0clk
0rst
0_02_
1_10_
0_03_
0_11_
0_04_
0_05_
0count[0]
0count[1]
0count[2]
0count[3]
#672
0clk
0rst
1_02_
0_10_
0_03_
1_11_
0_04_
0_05_
1count[0]
0count[1]
0count[2]
0count[3]
#673
0clk
0rst
0_02_
0_10_
1_03_
1_11_
0_04_
0_05_
0count[0]
1count[1]
0count[2]
0count[3]
#674
0clk
0rst
1_02_
0_10_
1_03_
1_11_
0_04_
0_05_
1count[0]
1count[1]
0count[2]
0count[3]
#675
0clk
0rst
0_02_
1_10_
0_03_
1_11_
1_04_
0_05_
0count[0]
0count[1]
1count[2]
0count[3]
#676
0clk
0rst
1_02_
0_10_
0_03_
1_11_
1_04_
0_05_
1count[0]
0count[1]
1count[2]
0count[3]
#677
0clk
0rst
0_02_
0_10_
1_03_
1_11_
1_04_
0_05_
0count[0]
1count[1]
1count[2]
0count[3]
#678
0clk
0rst
1_02_
0_10_
1_03_
1_11_
1_04_
0_05_
1count[0]
1count[1]
1count[2]
0count[3]
#679
0clk
0rst
0_02_
1_10_
0_03_
0_11_
0_04_
1_05_
0count[0]
0count[1]
0count[2]
1count[3]
#680
0clk
0rst
1_02_
0_10_
0_03_
1_11_
0_04_
1_05_
1count[0]
0count[1]
0count[2]
1count[3]
#681
0clk
0rst
0_02_
0_10_
1_03_
1_11_
0_04_
1_05_
0count[0]
1count[1]
0count[2]
1count[3]
#682
0clk
0rst
1_02_
0_10_
1_03_
1_11_
0_04_
1_05_
1count[0]
1count[1]
0count[2]
1count[3]
#683
0clk
0rst
0_02_
1_10_
0_03_
1_11_
1_04_
1_05_
0count[0]
0count[1]
1count[2]
1count[3]
#684
0clk
0rst
1_02_
0_10_
0_03_
1_11_
1_04_
1_05_
1count[0]
0count[1]
1count[2]
1count[3]
#685
0clk
0rst
0_02_
0_10_
1_03_
1_11_
1_04_
1_05_
0count[0]
1count[1]
1count[2]
1count[3]
#686
0clk
0rst
1_02_
0_10_
1_03_
1_11_
1_04_
1_05_
1count[0]
1count[1]
1count[2]
1count[3]
#687
0clk
0rst
0_02_
1_10_
0_03_
0_11_
0_04_
0_05_
0count[0]
0count[1]
0count[2]
0count[3]
#688
0clk
0rst
1_02_
0_10_
0_03_
1_11_
0_04_
0_05_
1count[0]
0count[1]
0count[2]
0count[3]
#689
0clk
0rst
0_02_
0_10_
1_03_
1_11_
0_04_
0_05_
0count[0]
1count[1]
0count[2]
0count[3]
#690
0clk
0rst
1_02_
0_10_
1_03_
1_11_
0_04_
0_05_
1count[0]
1count[1]
0count[2]
0count[3]
#691
0clk
0rst
0_02_
1_10_
0_03_
1_11_
1_04_
0_05_
0count[0]
0count[1]
1count[2]
0count[3]
#692
0clk
0rst
1_02_
0_10_
0_03_
1_11_
1_04_
0_05_
1count[0]
0count[1]
1count[2]
0count[3]
#693
0clk
0rst
0_02_
0_10_
1_03_
1_11_
1_04_
0_05_
0count[0]
1count[1]
1count[2]
0count[3]
#694
0clk
0rst
1_02_
0_10_
1_03_
1_11_
1_04_
0_05_
1count[0]
1count[1]
1count[2]
0count[3]
#695
0clk
0rst
0_02_
1_10_
0_03_
0_11_
0_04_
1_05_
0count[0]
0count[1]
0count[2]
1count[3]
#696
0clk
0rst
1_02_
0_10_
0_03_
1_11_
0_04_
1_05_
1count[0]
0count[1]
0count[2]
1count[3]
#697
0clk
0rst
0_02_
0_10_
1_03_
1_11_
0_04_
1_05_
0count[0]
1count[1]
0count[2]
1count[3]
#698
0clk
0rst
1_02_
0_10_
1_03_
1_11_
0_04_
1_05_
1count[0]
1count[1]
0count[2]
1count[3]
#699
0clk
0rst
0_02_
1_10_
0_03_
1_11_
1_04_
1_05_
0count[0]
0count[1]
1count[2]
1count[3]
#700
0clk
0rst
1_02_
0_10_
0_03_
1_11_
1_04_
1_05_
1count[0]
0count[1]
1count[2]
1count[3]
#701
0clk
0rst
0_02_
0_10_
1_03_
1_11_
1_04_
1_05_
0count[0]
1count[1]
1count[2]
1count[3]
#702
0clk
0rst
1_02_
0_10_
1_03_
1_11_
1_04_
1_05_
1count[0]
1count[1]
1count[2]
1count[3]
#703
0clk
0rst
0_02_
1_10_
0_03_
0_11_
0_04_
0_05_
0count[0]
0count[1]
0count[2]
0count[3]
#704
0clk
0rst
1_02_
0_10_
0_03_
1_11_
0_04_
0_05_
1count[0]
0count[1]
0count[2]
0count[3]
#705
0clk
0rst
0_02_
0_10_
1_03_
1_11_
0_04_
0_05_
0count[0]
1count[1]
0count[2]
0count[3]
#706
0clk
0rst
1_02_
0_10_
1_03_
1_11_
0_04_
0_05_
1count[0]
1count[1]
0count[2]
0count[3]
#707
0clk
0rst
0_02_
1_10_
0_03_
1_11_
1_04_
0_05_
0count[0]
0count[1]
1count[2]
0count[3]
#708
0clk
0rst
1_02_
0_10_
0_03_
1_11_
1_04_
0_05_
1count[0]
0count[1]
1count[2]
0count[3]
#709
0clk
0rst
0_02_
0_10_
1_03_
1_11_
1_04_
0_05_
0count[0]
1count[1]
1count[2]
0count[3]
#710
0clk
0rst
1_02_
0_10_
1_03_
1_11_
1_04_
0_05_
1count[0]
1count[1]
1count[2]
0count[3]
#711
0clk
0rst
0_02_
1_10_
0_03_
0_11_
0_04_
1_05_
0count[0]
0count[1]
0count[2]
1count[3]
#712
0clk
0rst
1_02_
0_10_
0_03_
1_11_
0_04_
1_05_
1count[0]
0count[1]
0count[2]
1count[3]
#713
0clk
0rst
0_02_
0_10_
1_03_
1_11_
0_04_
1_05_
0count[0]
1count[1]
0count[2]
1count[3]
#714
0clk
0rst
1_02_
0_10_
1_03_
1_11_
0_04_
1_05_
1count[0]
1count[1]
0count[2]
1count[3]
#715
0clk
0rst
0_02_
1_10_
0_03_
1_11_
1_04_
1_05_
0count[0]
0count[1]
1count[2]
1count[3]
#716
0clk
0rst
1_02_
0_10_
0_03_
1_11_
1_04_
1_05_
1count[0]
0count[1]
1count[2]
1count[3]
#717
0clk
0rst
0_02_
0_10_
1_03_
1_11_
1_04_
1_05_
0count[0]
1count[1]
1count[2]
1count[3]
#718
0clk
0rst
1_02_
0_10_
1_03_
1_11_
1_04_
1_05_
1count[0]
1count[1]
1count[2]
1count[3]
#719
0clk
0rst
0_02_
1_10_
0_03_
0_11_
0_04_
0_05_
0count[0]
0count[1]
0count[2]
0count[3]
#720
0clk
0rst
1_02_
0_10_
0_03_
1_11_
0_04_
0_05_
1count[0]
0count[1]
0count[2]
0count[3]
#721
0clk
0rst
0_02_
0_10_
1_03_
1_11_
0_04_
0_05_
0count[0]
1count[1]
0count[2]
0count[3]
#722
0clk
0rst
1_02_
0_10_
1_03_
1_11_
0_04_
0_05_
1count[0]
1count[1]
0count[2]
0count[3]
#723
0clk
0rst
0_02_
1_10_
0_03_
1_11_
1_04_
0_05_
0count[0]
0count[1]
1count[2]
0count[3]
#724
0clk
0rst
1_02_
0_10_
0_03_
1_11_
1_04_
0_05_
1count[0]
0count[1]
1count[2]
0count[3]
#725
0clk
0rst
0_02_
0_10_
1_03_
1_11_
1_04_
0_05_
0count[0]
1count[1]
1count[2]
0count[3]
#726
0clk
0rst
1_02_
0_10_
1_03_
1_11_
1_04_
0_05_
1count[0]
1count[1]
1count[2]
0count[3]
#727
0clk
0rst
0_02_
1_10_
0_03_
0_11_
0_04_
1_05_
0count[0]
0count[1]
0count[2]
1count[3]
#728
0clk
0rst
1_02_
0_10_
0_03_
1_11_
0_04_
1_05_
1count[0]
0count[1]
0count[2]
1count[3]
#729
0clk
0rst
0_02_
0_10_
1_03_
1_11_
0_04_
1_05_
0count[0]
1count[1]
0count[2]
1count[3]
#730
0clk
0rst
1_02_
0_10_
1_03_
1_11_
0_04_
1_05_
1count[0]
1count[1]
0count[2]
1count[3]
#731
0clk
0rst
0_02_
1_10_
0_03_
1_11_
1_04_
1_05_
0count[0]
0count[1]
1count[2]
1count[3]
#732
0clk
0rst
1_02_
0_10_
0_03_
1_11_
1_04_
1_05_
1count[0]
0count[1]
1count[2]
1count[3]
#733
0clk
0rst
0_02_
0_10_
1_03_
1_11_
1_04_
1_05_
0count[0]
1count[1]
1count[2]
1count[3]
#734
0clk
0rst
1_02_
0_10_
1_03_
1_11_
1_04_
1_05_
1count[0]
1count[1]
1count[2]
1count[3]
#735
0clk
0rst
0_02_
1_10_
0_03_
0_11_
0_04_
0_05_
0count[0]
0count[1]
0count[2]
0count[3]
#736
0clk
0rst
1_02_
0_10_
0_03_
1_11_
0_04_
0_05_
1count[0]
0count[1]
0count[2]
0count[3]
#737
0clk
0rst
0_02_
0_10_
1_03_
1_11_
0_04_
0_05_
0count[0]
1count[1]
0count[2]
0count[3]
#738
0clk
0rst
1_02_
0_10_
1_03_
1_11_
0_04_
0_05_
1count[0]
1count[1]
0count[2]
0count[3]
#739
0clk
0rst
0_02_
1_10_
0_03_
1_11_
1_04_
0_05_
0count[0]
0count[1]
1count[2]
0count[3]
#740
0clk
0rst
1_02_
0_10_
0_03_
1_11_
1_04_
0_05_
1count[0]
0count[1]
1count[2]
0count[3]
#741
0clk
0rst
0_02_
0_10_
1_03_
1_11_
1_04_
0_05_
0count[0]
1count[1]
1count[2]
0count[3]
#742
0clk
0rst
1_02_
0_10_
1_03_
1_11_
1_04_
0_05_
1count[0]
1count[1]
1count[2]
0count[3]
#743
0clk
0rst
0_02_
1_10_
0_03_
0_11_
0_04_
1_05_
0count[0]
0count[1]
0count[2]
1count[3]
#744
0clk
0rst
1_02_
0_10_
0_03_
1_11_
0_04_
1_05_
1count[0]
0count[1]
0count[2]
1count[3]
#745
0clk
0rst
0_02_
0_10_
1_03_
1_11_
0_04_
1_05_
0count[0]
1count[1]
0count[2]
1count[3]
#746
0clk
0rst
1_02_
0_10_
1_03_
1_11_
0_04_
1_05_
1count[0]
1count[1]
0count[2]
1count[3]
#747
0clk
0rst
0_02_
1_10_
0_03_
1_11_
1_04_
1_05_
0count[0]
0count[1]
1count[2]
1count[3]
#748
0clk
0rst
1_02_
0_10_
0_03_
1_11_
1_04_
1_05_
1count[0]
0count[1]
1count[2]
1count[3]
#749
0clk
0rst
0_02_
0_10_
1_03_
1_11_
1_04_
1_05_
0count[0]
1count[1]
1count[2]
1count[3]
#750
0clk
0rst
1_02_
0_10_
1_03_
1_11_
1_04_
1_05_
1count[0]
1count[1]
1count[2]
1count[3]
#751
0clk
0rst
0_02_
1_10_
0_03_
0_11_
0_04_
0_05_
0count[0]
0count[1]
0count[2]
0count[3]
#752
0clk
0rst
1_02_
0_10_
0_03_
1_11_
0_04_
0_05_
1count[0]
0count[1]
0count[2]
0count[3]
#753
0clk
0rst
0_02_
0_10_
1_03_
1_11_
0_04_
0_05_
0count[0]
1count[1]
0count[2]
0count[3]
#754
0clk
0rst
1_02_
0_10_
1_03_
1_11_
0_04_
0_05_
1count[0]
1count[1]
0count[2]
0count[3]
#755
0clk
0rst
0_02_
1_10_
0_03_
1_11_
1_04_
0_05_
0count[0]
0count[1]
1count[2]
0count[3]
#756
0clk
0rst
1_02_
0_10_
0_03_
1_11_
1_04_
0_05_
1count[0]
0count[1]
1count[2]
0count[3]
#757
0clk
0rst
0_02_
0_10_
1_03_
1_11_
1_04_
0_05_
0count[0]
1count[1]
1count[2]
0count[3]
#758
0clk
0rst
1_02_
0_10_
1_03_
1_11_
1_04_
0_05_
1count[0]
1count[1]
1count[2]
0count[3]
#759
0clk
0rst
0_02_
1_10_
0_03_
0_11_
0_04_
1_05_
0count[0]
0count[1]
0count[2]
1count[3]
#760
0clk
0rst
1_02_
0_10_
0_03_
1_11_
0_04_
1_05_
1count[0]
0count[1]
0count[2]
1count[3]
#761
0clk
0rst
0_02_
0_10_
1_03_
1_11_
0_04_
1_05_
0count[0]
1count[1]
0count[2]
1count[3]
#762
0clk
0rst
1_02_
0_10_
1_03_
1_11_
0_04_
1_05_
1count[0]
1count[1]
0count[2]
1count[3]
#763
0clk
0rst
0_02_
1_10_
0_03_
1_11_
1_04_
1_05_
0count[0]
0count[1]
1count[2]
1count[3]
#764
0clk
0rst
1_02_
0_10_
0_03_
1_11_
1_04_
1_05_
1count[0]
0count[1]
1count[2]
1count[3]
#765
0clk
0rst
0_02_
0_10_
1_03_
1_11_
1_04_
1_05_
0count[0]
1count[1]
1count[2]
1count[3]
#766
0clk
0rst
1_02_
0_10_
1_03_
1_11_
1_04_
1_05_
1count[0]
1count[1]
1count[2]
1count[3]
#767
0clk
0rst
0_02_
1_10_
0_03_
0_11_
0_04_
0_05_
0count[0]
0count[1]
0count[2]
0count[3]
#768
0clk
0rst
1_02_
0_10_
0_03_
1_11_
0_04_
0_05_
1count[0]
0count[1]
0count[2]
0count[3]
#769
0clk
0rst
0_02_
0_10_
1_03_
1_11_
0_04_
0_05_
0count[0]
1count[1]
0count[2]
0count[3]
#770
0clk
0rst
1_02_
0_10_
1_03_
1_11_
0_04_
0_05_
1count[0]
1count[1]
0count[2]
0count[3]
#771
0clk
0rst
0_02_
1_10_
0_03_
1_11_
1_04_
0_05_
0count[0]
0count[1]
1count[2]
0count[3]
#772
0clk
0rst
1_02_
0_10_
0_03_
1_11_
1_04_
0_05_
1count[0]
0count[1]
1count[2]
0count[3]
#773
0clk
0rst
0_02_
0_10_
1_03_
1_11_
1_04_
0_05_
0count[0]
1count[1]
1count[2]
0count[3]
#774
0clk
0rst
1_02_
0_10_
1_03_
1_11_
1_04_
0_05_
1count[0]
1count[1]
1count[2]
0count[3]
#775
0clk
0rst
0_02_
1_10_
0_03_
0_11_
0_04_
1_05_
0count[0]
0count[1]
0count[2]
1count[3]
#776
0clk
0rst
1_02_
0_10_
0_03_
1_11_
0_04_
1_05_
1count[0]
0count[1]
0count[2]
1count[3]
#777
0clk
0rst
0_02_
0_10_
1_03_
1_11_
0_04_
1_05_
0count[0]
1count[1]
0count[2]
1count[3]
#778
0clk
0rst
1_02_
0_10_
1_03_
1_11_
0_04_
1_05_
1count[0]
1count[1]
0count[2]
1count[3]
#779
0clk
0rst
0_02_
1_10_
0_03_
1_11_
1_04_
1_05_
0count[0]
0count[1]
1count[2]
1count[3]
#780
0clk
0rst
1_02_
0_10_
0_03_
1_11_
1_04_
1_05_
1count[0]
0count[1]
1count[2]
1count[3]
#781
0clk
0rst
0_02_
0_10_
1_03_
1_11_
1_04_
1_05_
0count[0]
1count[1]
1count[2]
1count[3]
#782
0clk
0rst
1_02_
0_10_
1_03_
1_11_
1_04_
1_05_
1count[0]
1count[1]
1count[2]
1count[3]
#783
0clk
0rst
0_02_
1_10_
0_03_
0_11_
0_04_
0_05_
0count[0]
0count[1]
0count[2]
0count[3]
#784
0clk
0rst
1_02_
0_10_
0_03_
1_11_
0_04_
0_05_
1count[0]
0count[1]
0count[2]
0count[3]
#785
0clk
0rst
0_02_
0_10_
1_03_
1_11_
0_04_
0_05_
0count[0]
1count[1]
0count[2]
0count[3]
#786
0clk
0rst
1_02_
0_10_
1_03_
1_11_
0_04_
0_05_
1count[0]
1count[1]
0count[2]
0count[3]
#787
0clk
0rst
0_02_
1_10_
0_03_
1_11_
1_04_
0_05_
0count[0]
0count[1]
1count[2]
0count[3]
#788
0clk
0rst
1_02_
0_10_
0_03_
1_11_
1_04_
0_05_
1count[0]
0count[1]
1count[2]
0count[3]
#789
0clk
0rst
0_02_
0_10_
1_03_
1_11_
1_04_
0_05_
0count[0]
1count[1]
1count[2]
0count[3]
#790
0clk
0rst
1_02_
0_10_
1_03_
1_11_
1_04_
0_05_
1count[0]
1count[1]
1count[2]
0count[3]
#791
0clk
0rst
0_02_
1_10_
0_03_
0_11_
0_04_
1_05_
0count[0]
0count[1]
0count[2]
1count[3]
#792
0clk
0rst
1_02_
0_10_
0_03_
1_11_
0_04_
1_05_
1count[0]
0count[1]
0count[2]
1count[3]
#793
0clk
0rst
0_02_
0_10_
1_03_
1_11_
0_04_
1_05_
0count[0]
1count[1]
0count[2]
1count[3]
#794
0clk
0rst
1_02_
0_10_
1_03_
1_11_
0_04_
1_05_
1count[0]
1count[1]
0count[2]
1count[3]
#795
0clk
0rst
0_02_
1_10_
0_03_
1_11_
1_04_
1_05_
0count[0]
0count[1]
1count[2]
1count[3]
#796
0clk
0rst
1_02_
0_10_
0_03_
1_11_
1_04_
1_05_
1count[0]
0count[1]
1count[2]
1count[3]
#797
0clk
0rst
0_02_
0_10_
1_03_
1_11_
1_04_
1_05_
0count[0]
1count[1]
1count[2]
1count[3]
#798
0clk
0rst
1_02_
0_10_
1_03_
1_11_
1_04_
1_05_
1count[0]
1count[1]
1count[2]
1count[3]
#799
0clk
0rst
0_02_
1_10_
0_03_
0_11_
0_04_
0_05_
0count[0]
0count[1]
0count[2]
0count[3]
#800
0clk
0rst
1_02_
0_10_
0_03_
1_11_
0_04_
0_05_
1count[0]
0count[1]
0count[2]
0count[3]
#801
0clk
0rst
0_02_
0_10_
1_03_
1_11_
0_04_
0_05_
0count[0]
1count[1]
0count[2]
0count[3]
#802
0clk
0rst
1_02_
0_10_
1_03_
1_11_
0_04_
0_05_
1count[0]
1count[1]
0count[2]
0count[3]
#803
0clk
0rst
0_02_
1_10_
0_03_
1_11_
1_04_
0_05_
0count[0]
0count[1]
1count[2]
0count[3]
#804
0clk
0rst
1_02_
0_10_
0_03_
1_11_
1_04_
0_05_
1count[0]
0count[1]
1count[2]
0count[3]
#805
0clk
0rst
0_02_
0_10_
1_03_
1_11_
1_04_
0_05_
0count[0]
1count[1]
1count[2]
0count[3]
#806
0clk
0rst
1_02_
0_10_
1_03_
1_11_
1_04_
0_05_
1count[0]
1count[1]
1count[2]
0count[3]
#807
0clk
0rst
0_02_
1_10_
0_03_
0_11_
0_04_
1_05_
0count[0]
0count[1]
0count[2]
1count[3]
#808
0clk
0rst
1_02_
0_10_
0_03_
1_11_
0_04_
1_05_
1count[0]
0count[1]
0count[2]
1count[3]
#809
0clk
0rst
0_02_
0_10_
1_03_
1_11_
0_04_
1_05_
0count[0]
1count[1]
0count[2]
1count[3]
#810
0clk
0rst
1_02_
0_10_
1_03_
1_11_
0_04_
1_05_
1count[0]
1count[1]
0count[2]
1count[3]
#811
0clk
0rst
0_02_
1_10_
0_03_
1_11_
1_04_
1_05_
0count[0]
0count[1]
1count[2]
1count[3]
#812
0clk
0rst
1_02_
0_10_
0_03_
1_11_
1_04_
1_05_
1count[0]
0count[1]
1count[2]
1count[3]
#813
0clk
0rst
0_02_
0_10_
1_03_
1_11_
1_04_
1_05_
0count[0]
1count[1]
1count[2]
1count[3]
#814
0clk
0rst
1_02_
0_10_
1_03_
1_11_
1_04_
1_05_
1count[0]
1count[1]
1count[2]
1count[3]
#815
0clk
0rst
0_02_
1_10_
0_03_
0_11_
0_04_
0_05_
0count[0]
0count[1]
0count[2]
0count[3]
#816
0clk
0rst
1_02_
0_10_
0_03_
1_11_
0_04_
0_05_
1count[0]
0count[1]
0count[2]
0count[3]
#817
0clk
0rst
0_02_
0_10_
1_03_
1_11_
0_04_
0_05_
0count[0]
1count[1]
0count[2]
0count[3]
#818
0clk
0rst
1_02_
0_10_
1_03_
1_11_
0_04_
0_05_
1count[0]
1count[1]
0count[2]
0count[3]
#819
0clk
0rst
0_02_
1_10_
0_03_
1_11_
1_04_
0_05_
0count[0]
0count[1]
1count[2]
0count[3]
#820
0clk
0rst
1_02_
0_10_
0_03_
1_11_
1_04_
0_05_
1count[0]
0count[1]
1count[2]
0count[3]
#821
0clk
0rst
0_02_
0_10_
1_03_
1_11_
1_04_
0_05_
0count[0]
1count[1]
1count[2]
0count[3]
#822
0clk
0rst
1_02_
0_10_
1_03_
1_11_
1_04_
0_05_
1count[0]
1count[1]
1count[2]
0count[3]
#823
0clk
0rst
0_02_
1_10_
0_03_
0_11_
0_04_
1_05_
0count[0]
0count[1]
0count[2]
1count[3]
#824
0clk
0rst
1_02_
0_10_
0_03_
1_11_
0_04_
1_05_
1count[0]
0count[1]
0count[2]
1count[3]
#825
0clk
0rst
0_02_
0_10_
1_03_
1_11_
0_04_
1_05_
0count[0]
1count[1]
0count[2]
1count[3]
#826
0clk
0rst
1_02_
0_10_
1_03_
1_11_
0_04_
1_05_
1count[0]
1count[1]
0count[2]
1count[3]
#827
0clk
0rst
0_02_
1_10_
0_03_
1_11_
1_04_
1_05_
0count[0]
0count[1]
1count[2]
1count[3]
#828
0clk
0rst
1_02_
0_10_
0_03_
1_11_
1_04_
1_05_
1count[0]
0count[1]
1count[2]
1count[3]
#829
0clk
0rst
0_02_
0_10_
1_03_
1_11_
1_04_
1_05_
0count[0]
1count[1]
1count[2]
1count[3]
#830
0clk
0rst
1_02_
0_10_
1_03_
1_11_
1_04_
1_05_
1count[0]
1count[1]
1count[2]
1count[3]
#831
0clk
0rst
0_02_
1_10_
0_03_
0_11_
0_04_
0_05_
0count[0]
0count[1]
0count[2]
0count[3]
#832
0clk
0rst
1_02_
0_10_
0_03_
1_11_
0_04_
0_05_
1count[0]
0count[1]
0count[2]
0count[3]
#833
0clk
0rst
0_02_
0_10_
1_03_
1_11_
0_04_
0_05_
0count[0]
1count[1]
0count[2]
0count[3]
#834
0clk
0rst
1_02_
0_10_
1_03_
1_11_
0_04_
0_05_
1count[0]
1count[1]
0count[2]
0count[3]
#835
0clk
0rst
0_02_
1_10_
0_03_
1_11_
1_04_
0_05_
0count[0]
0count[1]
1count[2]
0count[3]
#836
0clk
0rst
1_02_
0_10_
0_03_
1_11_
1_04_
0_05_
1count[0]
0count[1]
1count[2]
0count[3]
#837
0clk
0rst
0_02_
0_10_
1_03_
1_11_
1_04_
0_05_
0count[0]
1count[1]
1count[2]
0count[3]
#838
0clk
0rst
1_02_
0_10_
1_03_
1_11_
1_04_
0_05_
1count[0]
1count[1]
1count[2]
0count[3]
#839
0clk
0rst
0_02_
1_10_
0_03_
0_11_
0_04_
1_05_
0count[0]
0count[1]
0count[2]
1count[3]
#840
0clk
0rst
1_02_
0_10_
0_03_
1_11_
0_04_
1_05_
1count[0]
0count[1]
0count[2]
1count[3]
#841
0clk
0rst
0_02_
0_10_
1_03_
1_11_
0_04_
1_05_
0count[0]
1count[1]
0count[2]
1count[3]
#842
0clk
0rst
1_02_
0_10_
1_03_
1_11_
0_04_
1_05_
1count[0]
1count[1]
0count[2]
1count[3]
#843
0clk
0rst
0_02_
1_10_
0_03_
1_11_
1_04_
1_05_
0count[0]
0count[1]
1count[2]
1count[3]
#844
0clk
0rst
1_02_
0_10_
0_03_
1_11_
1_04_
1_05_
1count[0]
0count[1]
1count[2]
1count[3]
#845
0clk
0rst
0_02_
0_10_
1_03_
1_11_
1_04_
1_05_
0count[0]
1count[1]
1count[2]
1count[3]
#846
0clk
0rst
1_02_
0_10_
1_03_
1_11_
1_04_
1_05_
1count[0]
1count[1]
1count[2]
1count[3]
#847
0clk
0rst
0_02_
1_10_
0_03_
0_11_
0_04_
0_05_
0count[0]
0count[1]
0count[2]
0count[3]
#848
0clk
0rst
1_02_
0_10_
0_03_
1_11_
0_04_
0_05_
1count[0]
0count[1]
0count[2]
0count[3]
#849
0clk
0rst
0_02_
0_10_
1_03_
1_11_
0_04_
0_05_
0count[0]
1count[1]
0count[2]
0count[3]
#850
0clk
0rst
1_02_
0_10_
1_03_
1_11_
0_04_
0_05_
1count[0]
1count[1]
0count[2]
0count[3]
#851
0clk
0rst
0_02_
1_10_
0_03_
1_11_
1_04_
0_05_
0count[0]
0count[1]
1count[2]
0count[3]
#852
0clk
0rst
1_02_
0_10_
0_03_
1_11_
1_04_
0_05_
1count[0]
0count[1]
1count[2]
0count[3]
#853
0clk
0rst
0_02_
0_10_
1_03_
1_11_
1_04_
0_05_
0count[0]
1count[1]
1count[2]
0count[3]
#854
0clk
0rst
1_02_
0_10_
1_03_
1_11_
1_04_
0_05_
1count[0]
1count[1]
1count[2]
0count[3]
#855
0clk
0rst
0_02_
1_10_
0_03_
0_11_
0_04_
1_05_
0count[0]
0count[1]
0count[2]
1count[3]
#856
0clk
0rst
1_02_
0_10_
0_03_
1_11_
0_04_
1_05_
1count[0]
0count[1]
0count[2]
1count[3]
#857
0clk
0rst
0_02_
0_10_
1_03_
1_11_
0_04_
1_05_
0count[0]
1count[1]
0count[2]
1count[3]
#858
0clk
0rst
1_02_
0_10_
1_03_
1_11_
0_04_
1_05_
1count[0]
1count[1]
0count[2]
1count[3]
#859
0clk
0rst
0_02_
1_10_
0_03_
1_11_
1_04_
1_05_
0count[0]
0count[1]
1count[2]
1count[3]
#860
0clk
0rst
1_02_
0_10_
0_03_
1_11_
1_04_
1_05_
1count[0]
0count[1]
1count[2]
1count[3]
#861
0clk
0rst
0_02_
0_10_
1_03_
1_11_
1_04_
1_05_
0count[0]
1count[1]
1count[2]
1count[3]
#862
0clk
0rst
1_02_
0_10_
1_03_
1_11_
1_04_
1_05_
1count[0]
1count[1]
1count[2]
1count[3]
#863
0clk
0rst
0_02_
1_10_
0_03_
0_11_
0_04_
0_05_
0count[0]
0count[1]
0count[2]
0count[3]
#864
0clk
0rst
1_02_
0_10_
0_03_
1_11_
0_04_
0_05_
1count[0]
0count[1]
0count[2]
0count[3]
#865
0clk
0rst
0_02_
0_10_
1_03_
1_11_
0_04_
0_05_
0count[0]
1count[1]
0count[2]
0count[3]
#866
0clk
0rst
1_02_
0_10_
1_03_
1_11_
0_04_
0_05_
1count[0]
1count[1]
0count[2]
0count[3]
#867
0clk
0rst
0_02_
1_10_
0_03_
1_11_
1_04_
0_05_
0count[0]
0count[1]
1count[2]
0count[3]
#868
0clk
0rst
1_02_
0_10_
0_03_
1_11_
1_04_
0_05_
1count[0]
0count[1]
1count[2]
0count[3]
#869
0clk
0rst
0_02_
0_10_
1_03_
1_11_
1_04_
0_05_
0count[0]
1count[1]
1count[2]
0count[3]
#870
0clk
0rst
1_02_
0_10_
1_03_
1_11_
1_04_
0_05_
1count[0]
1count[1]
1count[2]
0count[3]
#871
0clk
0rst
0_02_
1_10_
0_03_
0_11_
0_04_
1_05_
0count[0]
0count[1]
0count[2]
1count[3]
#872
0clk
0rst
1_02_
0_10_
0_03_
1_11_
0_04_
1_05_
1count[0]
0count[1]
0count[2]
1count[3]
#873
0clk
0rst
0_02_
0_10_
1_03_
1_11_
0_04_
1_05_
0count[0]
1count[1]
0count[2]
1count[3]
#874
0clk
0rst
1_02_
0_10_
1_03_
1_11_
0_04_
1_05_
1count[0]
1count[1]
0count[2]
1count[3]
#875
0clk
0rst
0_02_
1_10_
0_03_
1_11_
1_04_
1_05_
0count[0]
0count[1]
1count[2]
1count[3]
#876
0clk
0rst
1_02_
0_10_
0_03_
1_11_
1_04_
1_05_
1count[0]
0count[1]
1count[2]
1count[3]
#877
0clk
0rst
0_02_
0_10_
1_03_
1_11_
1_04_
1_05_
0count[0]
1count[1]
1count[2]
1count[3]
#878
0clk
0rst
1_02_
0_10_
1_03_
1_11_
1_04_
1_05_
1count[0]
1count[1]
1count[2]
1count[3]
#879
0clk
0rst
0_02_
1_10_
0_03_
0_11_
0_04_
0_05_
0count[0]
0count[1]
0count[2]
0count[3]
#880
0clk
0rst
1_02_
0_10_
0_03_
1_11_
0_04_
0_05_
1count[0]
0count[1]
0count[2]
0count[3]
#881
0clk
0rst
0_02_
0_10_
1_03_
1_11_
0_04_
0_05_
0count[0]
1count[1]
0count[2]
0count[3]
#882
0clk
0rst
1_02_
0_10_
1_03_
1_11_
0_04_
0_05_
1count[0]
1count[1]
0count[2]
0count[3]
#883
0clk
0rst
0_02_
1_10_
0_03_
1_11_
1_04_
0_05_
0count[0]
0count[1]
1count[2]
0count[3]
#884
0clk
0rst
1_02_
0_10_
0_03_
1_11_
1_04_
0_05_
1count[0]
0count[1]
1count[2]
0count[3]
#885
0clk
0rst
0_02_
0_10_
1_03_
1_11_
1_04_
0_05_
0count[0]
1count[1]
1count[2]
0count[3]
#886
0clk
0rst
1_02_
0_10_
1_03_
1_11_
1_04_
0_05_
1count[0]
1count[1]
1count[2]
0count[3]
#887
0clk
0rst
0_02_
1_10_
0_03_
0_11_
0_04_
1_05_
0count[0]
0count[1]
0count[2]
1count[3]
#888
0clk
0rst
1_02_
0_10_
0_03_
1_11_
0_04_
1_05_
1count[0]
0count[1]
0count[2]
1count[3]
#889
0clk
0rst
0_02_
0_10_
1_03_
1_11_
0_04_
1_05_
0count[0]
1count[1]
0count[2]
1count[3]
#890
0clk
0rst
1_02_
0_10_
1_03_
1_11_
0_04_
1_05_
1count[0]
1count[1]
0count[2]
1count[3]
#891
0clk
0rst
0_02_
1_10_
0_03_
1_11_
1_04_
1_05_
0count[0]
0count[1]
1count[2]
1count[3]
#892
0clk
0rst
1_02_
0_10_
0_03_
1_11_
1_04_
1_05_
1count[0]
0count[1]
1count[2]
1count[3]
#893
0clk
0rst
0_02_
0_10_
1_03_
1_11_
1_04_
1_05_
0count[0]
1count[1]
1count[2]
1count[3]
#894
0clk
0rst
1_02_
0_10_
1_03_
1_11_
1_04_
1_05_
1count[0]
1count[1]
1count[2]
1count[3]
#895
0clk
0rst
0_02_
1_10_
0_03_
0_11_
0_04_
0_05_
0count[0]
0count[1]
0count[2]
0count[3]
#896
0clk
0rst
1_02_
0_10_
0_03_
1_11_
0_04_
0_05_
1count[0]
0count[1]
0count[2]
0count[3]
#897
0clk
0rst
0_02_
0_10_
1_03_
1_11_
0_04_
0_05_
0count[0]
1count[1]
0count[2]
0count[3]
#898
0clk
0rst
1_02_
0_10_
1_03_
1_11_
0_04_
0_05_
1count[0]
1count[1]
0count[2]
0count[3]
#899
0clk
0rst
0_02_
1_10_
0_03_
1_11_
1_04_
0_05_
0count[0]
0count[1]
1count[2]
0count[3]
#900
0clk
0rst
1_02_
0_10_
0_03_
1_11_
1_04_
0_05_
1count[0]
0count[1]
1count[2]
0count[3]
#901
0clk
0rst
0_02_
0_10_
1_03_
1_11_
1_04_
0_05_
0count[0]
1count[1]
1count[2]
0count[3]
#902
0clk
0rst
1_02_
0_10_
1_03_
1_11_
1_04_
0_05_
1count[0]
1count[1]
1count[2]
0count[3]
#903
0clk
0rst
0_02_
1_10_
0_03_
0_11_
0_04_
1_05_
0count[0]
0count[1]
0count[2]
1count[3]
#904
0clk
0rst
1_02_
0_10_
0_03_
1_11_
0_04_
1_05_
1count[0]
0count[1]
0count[2]
1count[3]
#905
0clk
0rst
0_02_
0_10_
1_03_
1_11_
0_04_
1_05_
0count[0]
1count[1]
0count[2]
1count[3]
#906
0clk
0rst
1_02_
0_10_
1_03_
1_11_
0_04_
1_05_
1count[0]
1count[1]
0count[2]
1count[3]
#907
0clk
0rst
0_02_
1_10_
0_03_
1_11_
1_04_
1_05_
0count[0]
0count[1]
1count[2]
1count[3]
#908
0clk
0rst
1_02_
0_10_
0_03_
1_11_
1_04_
1_05_
1count[0]
0count[1]
1count[2]
1count[3]
#909
0clk
0rst
0_02_
0_10_
1_03_
1_11_
1_04_
1_05_
0count[0]
1count[1]
1count[2]
1count[3]
#910
0clk
0rst
1_02_
0_10_
1_03_
1_11_
1_04_
1_05_
1count[0]
1count[1]
1count[2]
1count[3]
#911
0clk
0rst
0_02_
1_10_
0_03_
0_11_
0_04_
0_05_
0count[0]
0count[1]
0count[2]
0count[3]
#912
0clk
0rst
1_02_
0_10_
0_03_
1_11_
0_04_
0_05_
1count[0]
0count[1]
0count[2]
0count[3]
#913
0clk
0rst
0_02_
0_10_
1_03_
1_11_
0_04_
0_05_
0count[0]
1count[1]
0count[2]
0count[3]
#914
0clk
0rst
1_02_
0_10_
1_03_
1_11_
0_04_
0_05_
1count[0]
1count[1]
0count[2]
0count[3]
#915
0clk
0rst
0_02_
1_10_
0_03_
1_11_
1_04_
0_05_
0count[0]
0count[1]
1count[2]
0count[3]
#916
0clk
0rst
1_02_
0_10_
0_03_
1_11_
1_04_
0_05_
1count[0]
0count[1]
1count[2]
0count[3]
#917
0clk
0rst
0_02_
0_10_
1_03_
1_11_
1_04_
0_05_
0count[0]
1count[1]
1count[2]
0count[3]
#918
0clk
0rst
1_02_
0_10_
1_03_
1_11_
1_04_
0_05_
1count[0]
1count[1]
1count[2]
0count[3]
#919
0clk
0rst
0_02_
1_10_
0_03_
0_11_
0_04_
1_05_
0count[0]
0count[1]
0count[2]
1count[3]
#920
0clk
0rst
1_02_
0_10_
0_03_
1_11_
0_04_
1_05_
1count[0]
0count[1]
0count[2]
1count[3]
#921
0clk
0rst
0_02_
0_10_
1_03_
1_11_
0_04_
1_05_
0count[0]
1count[1]
0count[2]
1count[3]
#922
0clk
0rst
1_02_
0_10_
1_03_
1_11_
0_04_
1_05_
1count[0]
1count[1]
0count[2]
1count[3]
#923
0clk
0rst
0_02_
1_10_
0_03_
1_11_
1_04_
1_05_
0count[0]
0count[1]
1count[2]
1count[3]
#924
0clk
0rst
1_02_
0_10_
0_03_
1_11_
1_04_
1_05_
1count[0]
0count[1]
1count[2]
1count[3]
#925
0clk
0rst
0_02_
0_10_
1_03_
1_11_
1_04_
1_05_
0count[0]
1count[1]
1count[2]
1count[3]
#926
0clk
0rst
1_02_
0_10_
1_03_
1_11_
1_04_
1_05_
1count[0]
1count[1]
1count[2]
1count[3]
#927
0clk
0rst
0_02_
1_10_
0_03_
0_11_
0_04_
0_05_
0count[0]
0count[1]
0count[2]
0count[3]
#928
0clk
0rst
1_02_
0_10_
0_03_
1_11_
0_04_
0_05_
1count[0]
0count[1]
0count[2]
0count[3]
#929
0clk
0rst
0_02_
0_10_
1_03_
1_11_
0_04_
0_05_
0count[0]
1count[1]
0count[2]
0count[3]
#930
0clk
0rst
1_02_
0_10_
1_03_
1_11_
0_04_
0_05_
1count[0]
1count[1]
0count[2]
0count[3]
#931
0clk
0rst
0_02_
1_10_
0_03_
1_11_
1_04_
0_05_
0count[0]
0count[1]
1count[2]
0count[3]
#932
0clk
0rst
1_02_
0_10_
0_03_
1_11_
1_04_
0_05_
1count[0]
0count[1]
1count[2]
0count[3]
#933
0clk
0rst
0_02_
0_10_
1_03_
1_11_
1_04_
0_05_
0count[0]
1count[1]
1count[2]
0count[3]
#934
0clk
0rst
1_02_
0_10_
1_03_
1_11_
1_04_
0_05_
1count[0]
1count[1]
1count[2]
0count[3]
#935
0clk
0rst
0_02_
1_10_
0_03_
0_11_
0_04_
1_05_
0count[0]
0count[1]
0count[2]
1count[3]
#936
0clk
0rst
1_02_
0_10_
0_03_
1_11_
0_04_
1_05_
1count[0]
0count[1]
0count[2]
1count[3]
#937
0clk
0rst
0_02_
0_10_
1_03_
1_11_
0_04_
1_05_
0count[0]
1count[1]
0count[2]
1count[3]
#938
0clk
0rst
1_02_
0_10_
1_03_
1_11_
0_04_
1_05_
1count[0]
1count[1]
0count[2]
1count[3]
#939
0clk
0rst
0_02_
1_10_
0_03_
1_11_
1_04_
1_05_
0count[0]
0count[1]
1count[2]
1count[3]
#940
0clk
0rst
1_02_
0_10_
0_03_
1_11_
1_04_
1_05_
1count[0]
0count[1]
1count[2]
1count[3]
#941
0clk
0rst
0_02_
0_10_
1_03_
1_11_
1_04_
1_05_
0count[0]
1count[1]
1count[2]
1count[3]
#942
0clk
0rst
1_02_
0_10_
1_03_
1_11_
1_04_
1_05_
1count[0]
1count[1]
1count[2]
1count[3]
#943
0clk
0rst
0_02_
1_10_
0_03_
0_11_
0_04_
0_05_
0count[0]
0count[1]
0count[2]
0count[3]
#944
0clk
0rst
1_02_
0_10_
0_03_
1_11_
0_04_
0_05_
1count[0]
0count[1]
0count[2]
0count[3]
#945
0clk
0rst
0_02_
0_10_
1_03_
1_11_
0_04_
0_05_
0count[0]
1count[1]
0count[2]
0count[3]
#946
0clk
0rst
1_02_
0_10_
1_03_
1_11_
0_04_
0_05_
1count[0]
1count[1]
0count[2]
0count[3]
#947
0clk
0rst
0_02_
1_10_
0_03_
1_11_
1_04_
0_05_
0count[0]
0count[1]
1count[2]
0count[3]
#948
0clk
0rst
1_02_
0_10_
0_03_
1_11_
1_04_
0_05_
1count[0]
0count[1]
1count[2]
0count[3]
#949
0clk
0rst
0_02_
0_10_
1_03_
1_11_
1_04_
0_05_
0count[0]
1count[1]
1count[2]
0count[3]
#950
0clk
0rst
1_02_
0_10_
1_03_
1_11_
1_04_
0_05_
1count[0]
1count[1]
1count[2]
0count[3]
#951
0clk
0rst
0_02_
1_10_
0_03_
0_11_
0_04_
1_05_
0count[0]
0count[1]
0count[2]
1count[3]
#952
0clk
0rst
1_02_
0_10_
0_03_
1_11_
0_04_
1_05_
1count[0]
0count[1]
0count[2]
1count[3]
#953
0clk
0rst
0_02_
0_10_
1_03_
1_11_
0_04_
1_05_
0count[0]
1count[1]
0count[2]
1count[3]
#954
0clk
0rst
1_02_
0_10_
1_03_
1_11_
0_04_
1_05_
1count[0]
1count[1]
0count[2]
1count[3]
#955
0clk
0rst
0_02_
1_10_
0_03_
1_11_
1_04_
1_05_
0count[0]
0count[1]
1count[2]
1count[3]
#956
0clk
0rst
1_02_
0_10_
0_03_
1_11_
1_04_
1_05_
1count[0]
0count[1]
1count[2]
1count[3]
#957
0clk
0rst
0_02_
0_10_
1_03_
1_11_
1_04_
1_05_
0count[0]
1count[1]
1count[2]
1count[3]
#958
0clk
0rst
1_02_
0_10_
1_03_
1_11_
1_04_
1_05_
1count[0]
1count[1]
1count[2]
1count[3]
#959
0clk
0rst
0_02_
1_10_
0_03_
0_11_
0_04_
0_05_
0count[0]
0count[1]
0count[2]
0count[3]
#960
0clk
0rst
1_02_
0_10_
0_03_
1_11_
0_04_
0_05_
1count[0]
0count[1]
0count[2]
0count[3]
#961
0clk
0rst
0_02_
0_10_
1_03_
1_11_
0_04_
0_05_
0count[0]
1count[1]
0count[2]
0count[3]
#962
0clk
0rst
1_02_
0_10_
1_03_
1_11_
0_04_
0_05_
1count[0]
1count[1]
0count[2]
0count[3]
#963
0clk
0rst
0_02_
1_10_
0_03_
1_11_
1_04_
0_05_
0count[0]
0count[1]
1count[2]
0count[3]
#964
0clk
0rst
1_02_
0_10_
0_03_
1_11_
1_04_
0_05_
1count[0]
0count[1]
1count[2]
0count[3]
#965
0clk
0rst
0_02_
0_10_
1_03_
1_11_
1_04_
0_05_
0count[0]
1count[1]
1count[2]
0count[3]
#966
0clk
0rst
1_02_
0_10_
1_03_
1_11_
1_04_
0_05_
1count[0]
1count[1]
1count[2]
0count[3]
#967
0clk
0rst
0_02_
1_10_
0_03_
0_11_
0_04_
1_05_
0count[0]
0count[1]
0count[2]
1count[3]
#968
0clk
0rst
1_02_
0_10_
0_03_
1_11_
0_04_
1_05_
1count[0]
0count[1]
0count[2]
1count[3]
#969
0clk
0rst
0_02_
0_10_
1_03_
1_11_
0_04_
1_05_
0count[0]
1count[1]
0count[2]
1count[3]
#970
0clk
0rst
1_02_
0_10_
1_03_
1_11_
0_04_
1_05_
1count[0]
1count[1]
0count[2]
1count[3]
#971
0clk
0rst
0_02_
1_10_
0_03_
1_11_
1_04_
1_05_
0count[0]
0count[1]
1count[2]
1count[3]
#972
0clk
0rst
1_02_
0_10_
0_03_
1_11_
1_04_
1_05_
1count[0]
0count[1]
1count[2]
1count[3]
#973
0clk
0rst
0_02_
0_10_
1_03_
1_11_
1_04_
1_05_
0count[0]
1count[1]
1count[2]
1count[3]
#974
0clk
0rst
1_02_
0_10_
1_03_
1_11_
1_04_
1_05_
1count[0]
1count[1]
1count[2]
1count[3]
#975
0clk
0rst
0_02_
1_10_
0_03_
0_11_
0_04_
0_05_
0count[0]
0count[1]
0count[2]
0count[3]
#976
0clk
0rst
1_02_
0_10_
0_03_
1_11_
0_04_
0_05_
1count[0]
0count[1]
0count[2]
0count[3]
#977
0clk
0rst
0_02_
0_10_
1_03_
1_11_
0_04_
0_05_
0count[0]
1count[1]
0count[2]
0count[3]
#978
0clk
0rst
1_02_
0_10_
1_03_
1_11_
0_04_
0_05_
1count[0]
1count[1]
0count[2]
0count[3]
#979
0clk
0rst
0_02_
1_10_
0_03_
1_11_
1_04_
0_05_
0count[0]
0count[1]
1count[2]
0count[3]
#980
0clk
0rst
1_02_
0_10_
0_03_
1_11_
1_04_
0_05_
1count[0]
0count[1]
1count[2]
0count[3]
#981
0clk
0rst
0_02_
0_10_
1_03_
1_11_
1_04_
0_05_
0count[0]
1count[1]
1count[2]
0count[3]
#982
0clk
0rst
1_02_
0_10_
1_03_
1_11_
1_04_
0_05_
1count[0]
1count[1]
1count[2]
0count[3]
#983
0clk
0rst
0_02_
1_10_
0_03_
0_11_
0_04_
1_05_
0count[0]
0count[1]
0count[2]
1count[3]
#984
0clk
0rst
1_02_
0_10_
0_03_
1_11_
0_04_
1_05_
1count[0]
0count[1]
0count[2]
1count[3]
#985
0clk
0rst
0_02_
0_10_
1_03_
1_11_
0_04_
1_05_
0count[0]
1count[1]
0count[2]
1count[3]
#986
0clk
0rst
1_02_
0_10_
1_03_
1_11_
0_04_
1_05_
1count[0]
1count[1]
0count[2]
1count[3]
#987
0clk
0rst
0_02_
1_10_
0_03_
1_11_
1_04_
1_05_
0count[0]
0count[1]
1count[2]
1count[3]
#988
0clk
0rst
1_02_
0_10_
0_03_
1_11_
1_04_
1_05_
1count[0]
0count[1]
1count[2]
1count[3]
#989
0clk
0rst
0_02_
0_10_
1_03_
1_11_
1_04_
1_05_
0count[0]
1count[1]
1count[2]
1count[3]
#990
0clk
0rst
1_02_
0_10_
1_03_
1_11_
1_04_
1_05_
1count[0]
1count[1]
1count[2]
1count[3]
#991
0clk
0rst
0_02_
1_10_
0_03_
0_11_
0_04_
0_05_
0count[0]
0count[1]
0count[2]
0count[3]
#992
0clk
0rst
1_02_
0_10_
0_03_
1_11_
0_04_
0_05_
1count[0]
0count[1]
0count[2]
0count[3]
#993
0clk
0rst
0_02_
0_10_
1_03_
1_11_
0_04_
0_05_
0count[0]
1count[1]
0count[2]
0count[3]
#994
0clk
0rst
1_02_
0_10_
1_03_
1_11_
0_04_
0_05_
1count[0]
1count[1]
0count[2]
0count[3]
#995
0clk
0rst
0_02_
1_10_
0_03_
1_11_
1_04_
0_05_
0count[0]
0count[1]
1count[2]
0count[3]
#996
0clk
0rst
1_02_
0_10_
0_03_
1_11_
1_04_
0_05_
1count[0]
0count[1]
1count[2]
0count[3]
#997
0clk
0rst
0_02_
0_10_
1_03_
1_11_
1_04_
0_05_
0count[0]
1count[1]
1count[2]
0count[3]
#998
0clk
0rst
1_02_
0_10_
1_03_
1_11_
1_04_
0_05_
1count[0]
1count[1]
1count[2]
0count[3]
#999
0clk
0rst
0_02_
1_10_
0_03_
0_11_
0_04_
1_05_
0count[0]
0count[1]
0count[2]
1count[3]
#1000
0clk
0rst
1_02_
0_10_
0_03_
1_11_
0_04_
1_05_
1count[0]
0count[1]
0count[2]
1count[3]
#1001
0clk
0rst
0_02_
0_10_
1_03_
1_11_
0_04_
1_05_
0count[0]
1count[1]
0count[2]
1count[3]
#1002
0clk
0rst
1_02_
0_10_
1_03_
1_11_
0_04_
1_05_
1count[0]
1count[1]
0count[2]
1count[3]
#1003
0clk
0rst
0_02_
1_10_
0_03_
1_11_
1_04_
1_05_
0count[0]
0count[1]
1count[2]
1count[3]
#1004
0clk
0rst
1_02_
0_10_
0_03_
1_11_
1_04_
1_05_
1count[0]
0count[1]
1count[2]
1count[3]
#1005
0clk
0rst
0_02_
0_10_
1_03_
1_11_
1_04_
1_05_
0count[0]
1count[1]
1count[2]
1count[3]
#1006
0clk
0rst
1_02_
0_10_
1_03_
1_11_
1_04_
1_05_
1count[0]
1count[1]
1count[2]
1count[3]
#1007
0clk
0rst
0_02_
1_10_
0_03_
0_11_
0_04_
0_05_
0count[0]
0count[1]
0count[2]
0count[3]
#1008
0clk
0rst
1_02_
0_10_
0_03_
1_11_
0_04_
0_05_
1count[0]
0count[1]
0count[2]
0count[3]
#1009
0clk
0rst
0_02_
0_10_
1_03_
1_11_
0_04_
0_05_
0count[0]
1count[1]
0count[2]
0count[3]
#1010
0clk
0rst
1_02_
0_10_
1_03_
1_11_
0_04_
0_05_
1count[0]
1count[1]
0count[2]
0count[3]
#1011
0clk
0rst
0_02_
1_10_
0_03_
1_11_
1_04_
0_05_
0count[0]
0count[1]
1count[2]
0count[3]
#1012
0clk
0rst
1_02_
0_10_
0_03_
1_11_
1_04_
0_05_
1count[0]
0count[1]
1count[2]
0count[3]
#1013
0clk
0rst
0_02_
0_10_
1_03_
1_11_
1_04_
0_05_
0count[0]
1count[1]
1count[2]
0count[3]
#1014
0clk
0rst
1_02_
0_10_
1_03_
1_11_
1_04_
0_05_
1count[0]
1count[1]
1count[2]
0count[3]
#1015
0clk
0rst
0_02_
1_10_
0_03_
0_11_
0_04_
1_05_
0count[0]
0count[1]
0count[2]
1count[3]
#1016
0clk
0rst
1_02_
0_10_
0_03_
1_11_
0_04_
1_05_
1count[0]
0count[1]
0count[2]
1count[3]
#1017
0clk
0rst
0_02_
0_10_
1_03_
1_11_
0_04_
1_05_
0count[0]
1count[1]
0count[2]
1count[3]
#1018
0clk
0rst
1_02_
0_10_
1_03_
1_11_
0_04_
1_05_
1count[0]
1count[1]
0count[2]
1count[3]
#1019
0clk
0rst
0_02_
1_10_
0_03_
1_11_
1_04_
1_05_
0count[0]
0count[1]
1count[2]
1count[3]
#1020
0clk
0rst
1_02_
0_10_
0_03_
1_11_
1_04_
1_05_
1count[0]
0count[1]
1count[2]
1count[3]
#1021
0clk
0rst
0_02_
0_10_
1_03_
1_11_
1_04_
1_05_
0count[0]
1count[1]
1count[2]
1count[3]
#1022
0clk
0rst
1_02_
0_10_
1_03_
1_11_
1_04_
1_05_
1count[0]
1count[1]
1count[2]
1count[3]
#1023
0clk
0rst
0_02_
1_10_
0_03_
0_11_
0_04_
0_05_
0count[0]
0count[1]
0count[2]
0count[3]
#1024
0clk
0rst
1_02_
0_10_
0_03_
1_11_
0_04_
0_05_
1count[0]
0count[1]
0count[2]
0count[3]
#1025
0clk
0rst
0_02_
0_10_
1_03_
1_11_
0_04_
0_05_
0count[0]
1count[1]
0count[2]
0count[3]
#1026
0clk
0rst
1_02_
0_10_
1_03_
1_11_
0_04_
0_05_
1count[0]
1count[1]
0count[2]
0count[3]
#1027
0clk
0rst
0_02_
1_10_
0_03_
1_11_
1_04_
0_05_
0count[0]
0count[1]
1count[2]
0count[3]
#1028
0clk
0rst
1_02_
0_10_
0_03_
1_11_
1_04_
0_05_
1count[0]
0count[1]
1count[2]
0count[3]
#1029
0clk
0rst
0_02_
0_10_
1_03_
1_11_
1_04_
0_05_
0count[0]
1count[1]
1count[2]
0count[3]
#1030
0clk
0rst
1_02_
0_10_
1_03_
1_11_
1_04_
0_05_
1count[0]
1count[1]
1count[2]
0count[3]
#1031
0clk
0rst
0_02_
1_10_
0_03_
0_11_
0_04_
1_05_
0count[0]
0count[1]
0count[2]
1count[3]
#1032
0clk
0rst
1_02_
0_10_
0_03_
1_11_
0_04_
1_05_
1count[0]
0count[1]
0count[2]
1count[3]
#1033
0clk
0rst
0_02_
0_10_
1_03_
1_11_
0_04_
1_05_
0count[0]
1count[1]
0count[2]
1count[3]
#1034
0clk
0rst
1_02_
0_10_
1_03_
1_11_
0_04_
1_05_
1count[0]
1count[1]
0count[2]
1count[3]
#1035
0clk
0rst
0_02_
1_10_
0_03_
1_11_
1_04_
1_05_
0count[0]
0count[1]
1count[2]
1count[3]
#1036
0clk
0rst
1_02_
0_10_
0_03_
1_11_
1_04_
1_05_
1count[0]
0count[1]
1count[2]
1count[3]
#1037
0clk
0rst
0_02_
0_10_
1_03_
1_11_
1_04_
1_05_
0count[0]
1count[1]
1count[2]
1count[3]
#1038
0clk
0rst
1_02_
0_10_
1_03_
1_11_
1_04_
1_05_
1count[0]
1count[1]
1count[2]
1count[3]
#1039
0clk
0rst
0_02_
1_10_
0_03_
0_11_
0_04_
0_05_
0count[0]
0count[1]
0count[2]
0count[3]
#1040
0clk
0rst
1_02_
0_10_
0_03_
1_11_
0_04_
0_05_
1count[0]
0count[1]
0count[2]
0count[3]
#1041
0clk
0rst
0_02_
0_10_
1_03_
1_11_
0_04_
0_05_
0count[0]
1count[1]
0count[2]
0count[3]
#1042
0clk
0rst
1_02_
0_10_
1_03_
1_11_
0_04_
0_05_
1count[0]
1count[1]
0count[2]
0count[3]
#1043
0clk
0rst
0_02_
1_10_
0_03_
1_11_
1_04_
0_05_
0count[0]
0count[1]
1count[2]
0count[3]
#1044
0clk
0rst
1_02_
0_10_
0_03_
1_11_
1_04_
0_05_
1count[0]
0count[1]
1count[2]
0count[3]
#1045
0clk
0rst
0_02_
0_10_
1_03_
1_11_
1_04_
0_05_
0count[0]
1count[1]
1count[2]
0count[3]
#1046
0clk
0rst
1_02_
0_10_
1_03_
1_11_
1_04_
0_05_
1count[0]
1count[1]
1count[2]
0count[3]
#1047
0clk
0rst
0_02_
1_10_
0_03_
0_11_
0_04_
1_05_
0count[0]
0count[1]
0count[2]
1count[3]
#1048
0clk
0rst
1_02_
0_10_
0_03_
1_11_
0_04_
1_05_
1count[0]
0count[1]
0count[2]
1count[3]
#1049
0clk
0rst
0_02_
0_10_
1_03_
1_11_
0_04_
1_05_
0count[0]
1count[1]
0count[2]
1count[3]
#1050
0clk
0rst
1_02_
0_10_
1_03_
1_11_
0_04_
1_05_
1count[0]
1count[1]
0count[2]
1count[3]
#1051
0clk
0rst
0_02_
1_10_
0_03_
1_11_
1_04_
1_05_
0count[0]
0count[1]
1count[2]
1count[3]
#1052
0clk
0rst
1_02_
0_10_
0_03_
1_11_
1_04_
1_05_
1count[0]
0count[1]
1count[2]
1count[3]
#1053
0clk
0rst
0_02_
0_10_
1_03_
1_11_
1_04_
1_05_
0count[0]
1count[1]
1count[2]
1count[3]
#1054
0clk
0rst
1_02_
0_10_
1_03_
1_11_
1_04_
1_05_
1count[0]
1count[1]
1count[2]
1count[3]
#1055
0clk
0rst
0_02_
1_10_
0_03_
0_11_
0_04_
0_05_
0count[0]
0count[1]
0count[2]
0count[3]
#1056
0clk
0rst
1_02_
0_10_
0_03_
1_11_
0_04_
0_05_
1count[0]
0count[1]
0count[2]
0count[3]
#1057
0clk
0rst
0_02_
0_10_
1_03_
1_11_
0_04_
0_05_
0count[0]
1count[1]
0count[2]
0count[3]
#1058
0clk
0rst
1_02_
0_10_
1_03_
1_11_
0_04_
0_05_
1count[0]
1count[1]
0count[2]
0count[3]
#1059
0clk
0rst
0_02_
1_10_
0_03_
1_11_
1_04_
0_05_
0count[0]
0count[1]
1count[2]
0count[3]
#1060
0clk
0rst
1_02_
0_10_
0_03_
1_11_
1_04_
0_05_
1count[0]
0count[1]
1count[2]
0count[3]
#1061
0clk
0rst
0_02_
0_10_
1_03_
1_11_
1_04_
0_05_
0count[0]
1count[1]
1count[2]
0count[3]
#1062
0clk
0rst
1_02_
0_10_
1_03_
1_11_
1_04_
0_05_
1count[0]
1count[1]
1count[2]
0count[3]
#1063
0clk
0rst
0_02_
1_10_
0_03_
0_11_
0_04_
1_05_
0count[0]
0count[1]
0count[2]
1count[3]
#1064
0clk
0rst
1_02_
0_10_
0_03_
1_11_
0_04_
1_05_
1count[0]
0count[1]
0count[2]
1count[3]
#1065
0clk
0rst
0_02_
0_10_
1_03_
1_11_
0_04_
1_05_
0count[0]
1count[1]
0count[2]
1count[3]
#1066
0clk
0rst
1_02_
0_10_
1_03_
1_11_
0_04_
1_05_
1count[0]
1count[1]
0count[2]
1count[3]
#1067
0clk
0rst
0_02_
1_10_
0_03_
1_11_
1_04_
1_05_
0count[0]
0count[1]
1count[2]
1count[3]
#1068
0clk
0rst
1_02_
0_10_
0_03_
1_11_
1_04_
1_05_
1count[0]
0count[1]
1count[2]
1count[3]
#1069
0clk
0rst
0_02_
0_10_
1_03_
1_11_
1_04_
1_05_
0count[0]
1count[1]
1count[2]
1count[3]
#1070
0clk
0rst
1_02_
0_10_
1_03_
1_11_
1_04_
1_05_
1count[0]
1count[1]
1count[2]
1count[3]
#1071
0clk
0rst
0_02_
1_10_
0_03_
0_11_
0_04_
0_05_
0count[0]
0count[1]
0count[2]
0count[3]
#1072
0clk
0rst
1_02_
0_10_
0_03_
1_11_
0_04_
0_05_
1count[0]
0count[1]
0count[2]
0count[3]
#1073
0clk
0rst
0_02_
0_10_
1_03_
1_11_
0_04_
0_05_
0count[0]
1count[1]
0count[2]
0count[3]
#1074
0clk
0rst
1_02_
0_10_
1_03_
1_11_
0_04_
0_05_
1count[0]
1count[1]
0count[2]
0count[3]
#1075
0clk
0rst
0_02_
1_10_
0_03_
1_11_
1_04_
0_05_
0count[0]
0count[1]
1count[2]
0count[3]
#1076
0clk
0rst
1_02_
0_10_
0_03_
1_11_
1_04_
0_05_
1count[0]
0count[1]
1count[2]
0count[3]
#1077
0clk
0rst
0_02_
0_10_
1_03_
1_11_
1_04_
0_05_
0count[0]
1count[1]
1count[2]
0count[3]
#1078
0clk
0rst
1_02_
0_10_
1_03_
1_11_
1_04_
0_05_
1count[0]
1count[1]
1count[2]
0count[3]
#1079
0clk
0rst
0_02_
1_10_
0_03_
0_11_
0_04_
1_05_
0count[0]
0count[1]
0count[2]
1count[3]
#1080
0clk
0rst
1_02_
0_10_
0_03_
1_11_
0_04_
1_05_
1count[0]
0count[1]
0count[2]
1count[3]
#1081
0clk
0rst
0_02_
0_10_
1_03_
1_11_
0_04_
1_05_
0count[0]
1count[1]
0count[2]
1count[3]
#1082
0clk
0rst
1_02_
0_10_
1_03_
1_11_
0_04_
1_05_
1count[0]
1count[1]
0count[2]
1count[3]
#1083
0clk
0rst
0_02_
1_10_
0_03_
1_11_
1_04_
1_05_
0count[0]
0count[1]
1count[2]
1count[3]
#1084
0clk
0rst
1_02_
0_10_
0_03_
1_11_
1_04_
1_05_
1count[0]
0count[1]
1count[2]
1count[3]
#1085
0clk
0rst
0_02_
0_10_
1_03_
1_11_
1_04_
1_05_
0count[0]
1count[1]
1count[2]
1count[3]
#1086
0clk
0rst
1_02_
0_10_
1_03_
1_11_
1_04_
1_05_
1count[0]
1count[1]
1count[2]
1count[3]
#1087
0clk
0rst
0_02_
1_10_
0_03_
0_11_
0_04_
0_05_
0count[0]
0count[1]
0count[2]
0count[3]
#1088
0clk
0rst
1_02_
0_10_
0_03_
1_11_
0_04_
0_05_
1count[0]
0count[1]
0count[2]
0count[3]
#1089
0clk
0rst
0_02_
0_10_
1_03_
1_11_
0_04_
0_05_
0count[0]
1count[1]
0count[2]
0count[3]
#1090
0clk
0rst
1_02_
0_10_
1_03_
1_11_
0_04_
0_05_
1count[0]
1count[1]
0count[2]
0count[3]
#1091
0clk
0rst
0_02_
1_10_
0_03_
1_11_
1_04_
0_05_
0count[0]
0count[1]
1count[2]
0count[3]
#1092
0clk
0rst
1_02_
0_10_
0_03_
1_11_
1_04_
0_05_
1count[0]
0count[1]
1count[2]
0count[3]
#1093
0clk
0rst
0_02_
0_10_
1_03_
1_11_
1_04_
0_05_
0count[0]
1count[1]
1count[2]
0count[3]
#1094
0clk
0rst
1_02_
0_10_
1_03_
1_11_
1_04_
0_05_
1count[0]
1count[1]
1count[2]
0count[3]
#1095
0clk
0rst
0_02_
1_10_
0_03_
0_11_
0_04_
1_05_
0count[0]
0count[1]
0count[2]
1count[3]
#1096
0clk
0rst
1_02_
0_10_
0_03_
1_11_
0_04_
1_05_
1count[0]
0count[1]
0count[2]
1count[3]
#1097
0clk
0rst
0_02_
0_10_
1_03_
1_11_
0_04_
1_05_
0count[0]
1count[1]
0count[2]
1count[3]
#1098
0clk
0rst
1_02_
0_10_
1_03_
1_11_
0_04_
1_05_
1count[0]
1count[1]
0count[2]
1count[3]
#1099
0clk
0rst
0_02_
1_10_
0_03_
1_11_
1_04_
1_05_
0count[0]
0count[1]
1count[2]
1count[3]
#1100
0clk
0rst
1_02_
0_10_
0_03_
1_11_
1_04_
1_05_
1count[0]
0count[1]
1count[2]
1count[3]
#1101
0clk
0rst
0_02_
0_10_
1_03_
1_11_
1_04_
1_05_
0count[0]
1count[1]
1count[2]
1count[3]
#1102
0clk
0rst
1_02_
0_10_
1_03_
1_11_
1_04_
1_05_
1count[0]
1count[1]
1count[2]
1count[3]
#1103
0clk
0rst
0_02_
1_10_
0_03_
0_11_
0_04_
0_05_
0count[0]
0count[1]
0count[2]
0count[3]
#1104
0clk
0rst
1_02_
0_10_
0_03_
1_11_
0_04_
0_05_
1count[0]
0count[1]
0count[2]
0count[3]
#1105
0clk
0rst
0_02_
0_10_
1_03_
1_11_
0_04_
0_05_
0count[0]
1count[1]
0count[2]
0count[3]
#1106
0clk
0rst
1_02_
0_10_
1_03_
1_11_
0_04_
0_05_
1count[0]
1count[1]
0count[2]
0count[3]
#1107
0clk
0rst
0_02_
1_10_
0_03_
1_11_
1_04_
0_05_
0count[0]
0count[1]
1count[2]
0count[3]
#1108
0clk
0rst
1_02_
0_10_
0_03_
1_11_
1_04_
0_05_
1count[0]
0count[1]
1count[2]
0count[3]
#1109
0clk
0rst
0_02_
0_10_
1_03_
1_11_
1_04_
0_05_
0count[0]
1count[1]
1count[2]
0count[3]
#1110
0clk
0rst
1_02_
0_10_
1_03_
1_11_
1_04_
0_05_
1count[0]
1count[1]
1count[2]
0count[3]
#1111
0clk
0rst
0_02_
1_10_
0_03_
0_11_
0_04_
1_05_
0count[0]
0count[1]
0count[2]
1count[3]
#1112
0clk
0rst
1_02_
0_10_
0_03_
1_11_
0_04_
1_05_
1count[0]
0count[1]
0count[2]
1count[3]
#1113
0clk
0rst
0_02_
0_10_
1_03_
1_11_
0_04_
1_05_
0count[0]
1count[1]
0count[2]
1count[3]
#1114
0clk
0rst
1_02_
0_10_
1_03_
1_11_
0_04_
1_05_
1count[0]
1count[1]
0count[2]
1count[3]
#1115
0clk
0rst
0_02_
1_10_
0_03_
1_11_
1_04_
1_05_
0count[0]
0count[1]
1count[2]
1count[3]
#1116
0clk
0rst
1_02_
0_10_
0_03_
1_11_
1_04_
1_05_
1count[0]
0count[1]
1count[2]
1count[3]
#1117
0clk
0rst
0_02_
0_10_
1_03_
1_11_
1_04_
1_05_
0count[0]
1count[1]
1count[2]
1count[3]
#1118
0clk
0rst
1_02_
0_10_
1_03_
1_11_
1_04_
1_05_
1count[0]
1count[1]
1count[2]
1count[3]
#1119
0clk
0rst
0_02_
1_10_
0_03_
0_11_
0_04_
0_05_
0count[0]
0count[1]
0count[2]
0count[3]
#1120
0clk
0rst
1_02_
0_10_
0_03_
1_11_
0_04_
0_05_
1count[0]
0count[1]
0count[2]
0count[3]
#1121
0clk
0rst
0_02_
0_10_
1_03_
1_11_
0_04_
0_05_
0count[0]
1count[1]
0count[2]
0count[3]
#1122
0clk
0rst
1_02_
0_10_
1_03_
1_11_
0_04_
0_05_
1count[0]
1count[1]
0count[2]
0count[3]
#1123
0clk
0rst
0_02_
1_10_
0_03_
1_11_
1_04_
0_05_
0count[0]
0count[1]
1count[2]
0count[3]
#1124
0clk
0rst
1_02_
0_10_
0_03_
1_11_
1_04_
0_05_
1count[0]
0count[1]
1count[2]
0count[3]
#1125
0clk
0rst
0_02_
0_10_
1_03_
1_11_
1_04_
0_05_
0count[0]
1count[1]
1count[2]
0count[3]
#1126
0clk
0rst
1_02_
0_10_
1_03_
1_11_
1_04_
0_05_
1count[0]
1count[1]
1count[2]
0count[3]
#1127
0clk
0rst
0_02_
1_10_
0_03_
0_11_
0_04_
1_05_
0count[0]
0count[1]
0count[2]
1count[3]
#1128
0clk
0rst
1_02_
0_10_
0_03_
1_11_
0_04_
1_05_
1count[0]
0count[1]
0count[2]
1count[3]
#1129
0clk
0rst
0_02_
0_10_
1_03_
1_11_
0_04_
1_05_
0count[0]
1count[1]
0count[2]
1count[3]
#1130
0clk
0rst
1_02_
0_10_
1_03_
1_11_
0_04_
1_05_
1count[0]
1count[1]
0count[2]
1count[3]
#1131
0clk
0rst
0_02_
1_10_
0_03_
1_11_
1_04_
1_05_
0count[0]
0count[1]
1count[2]
1count[3]
#1132
0clk
0rst
1_02_
0_10_
0_03_
1_11_
1_04_
1_05_
1count[0]
0count[1]
1count[2]
1count[3]
#1133
0clk
0rst
0_02_
0_10_
1_03_
1_11_
1_04_
1_05_
0count[0]
1count[1]
1count[2]
1count[3]
#1134
0clk
0rst
1_02_
0_10_
1_03_
1_11_
1_04_
1_05_
1count[0]
1count[1]
1count[2]
1count[3]
#1135
0clk
0rst
0_02_
1_10_
0_03_
0_11_
0_04_
0_05_
0count[0]
0count[1]
0count[2]
0count[3]
#1136
0clk
0rst
1_02_
0_10_
0_03_
1_11_
0_04_
0_05_
1count[0]
0count[1]
0count[2]
0count[3]
#1137
0clk
0rst
0_02_
0_10_
1_03_
1_11_
0_04_
0_05_
0count[0]
1count[1]
0count[2]
0count[3]
#1138
0clk
0rst
1_02_
0_10_
1_03_
1_11_
0_04_
0_05_
1count[0]
1count[1]
0count[2]
0count[3]
#1139
0clk
0rst
0_02_
1_10_
0_03_
1_11_
1_04_
0_05_
0count[0]
0count[1]
1count[2]
0count[3]
#1140
0clk
0rst
1_02_
0_10_
0_03_
1_11_
1_04_
0_05_
1count[0]
0count[1]
1count[2]
0count[3]
#1141
0clk
0rst
0_02_
0_10_
1_03_
1_11_
1_04_
0_05_
0count[0]
1count[1]
1count[2]
0count[3]
#1142
0clk
0rst
1_02_
0_10_
1_03_
1_11_
1_04_
0_05_
1count[0]
1count[1]
1count[2]
0count[3]
#1143
0clk
0rst
0_02_
1_10_
0_03_
0_11_
0_04_
1_05_
0count[0]
0count[1]
0count[2]
1count[3]
#1144
0clk
0rst
1_02_
0_10_
0_03_
1_11_
0_04_
1_05_
1count[0]
0count[1]
0count[2]
1count[3]
#1145
0clk
0rst
0_02_
0_10_
1_03_
1_11_
0_04_
1_05_
0count[0]
1count[1]
0count[2]
1count[3]
#1146
0clk
0rst
1_02_
0_10_
1_03_
1_11_
0_04_
1_05_
1count[0]
1count[1]
0count[2]
1count[3]
#1147
0clk
0rst
0_02_
1_10_
0_03_
1_11_
1_04_
1_05_
0count[0]
0count[1]
1count[2]
1count[3]
#1148
0clk
0rst
1_02_
0_10_
0_03_
1_11_
1_04_
1_05_
1count[0]
0count[1]
1count[2]
1count[3]
#1149
0clk
0rst
0_02_
0_10_
1_03_
1_11_
1_04_
1_05_
0count[0]
1count[1]
1count[2]
1count[3]
#1150
0clk
0rst
1_02_
0_10_
1_03_
1_11_
1_04_
1_05_
1count[0]
1count[1]
1count[2]
1count[3]
#1151
0clk
0rst
0_02_
1_10_
0_03_
0_11_
0_04_
0_05_
0count[0]
0count[1]
0count[2]
0count[3]
#1152
0clk
0rst
1_02_
0_10_
0_03_
1_11_
0_04_
0_05_
1count[0]
0count[1]
0count[2]
0count[3]
#1153
0clk
0rst
0_02_
0_10_
1_03_
1_11_
0_04_
0_05_
0count[0]
1count[1]
0count[2]
0count[3]
#1154
0clk
0rst
1_02_
0_10_
1_03_
1_11_
0_04_
0_05_
1count[0]
1count[1]
0count[2]
0count[3]
#1155
0clk
0rst
0_02_
1_10_
0_03_
1_11_
1_04_
0_05_
0count[0]
0count[1]
1count[2]
0count[3]
#1156
0clk
0rst
1_02_
0_10_
0_03_
1_11_
1_04_
0_05_
1count[0]
0count[1]
1count[2]
0count[3]
#1157
0clk
0rst
0_02_
0_10_
1_03_
1_11_
1_04_
0_05_
0count[0]
1count[1]
1count[2]
0count[3]
#1158
0clk
0rst
1_02_
0_10_
1_03_
1_11_
1_04_
0_05_
1count[0]
1count[1]
1count[2]
0count[3]
#1159
0clk
0rst
0_02_
1_10_
0_03_
0_11_
0_04_
1_05_
0count[0]
0count[1]
0count[2]
1count[3]
#1160
0clk
0rst
1_02_
0_10_
0_03_
1_11_
0_04_
1_05_
1count[0]
0count[1]
0count[2]
1count[3]
#1161
0clk
0rst
0_02_
0_10_
1_03_
1_11_
0_04_
1_05_
0count[0]
1count[1]
0count[2]
1count[3]
#1162
0clk
0rst
1_02_
0_10_
1_03_
1_11_
0_04_
1_05_
1count[0]
1count[1]
0count[2]
1count[3]
#1163
0clk
0rst
0_02_
1_10_
0_03_
1_11_
1_04_
1_05_
0count[0]
0count[1]
1count[2]
1count[3]
#1164
0clk
0rst
1_02_
0_10_
0_03_
1_11_
1_04_
1_05_
1count[0]
0count[1]
1count[2]
1count[3]
#1165
0clk
0rst
0_02_
0_10_
1_03_
1_11_
1_04_
1_05_
0count[0]
1count[1]
1count[2]
1count[3]
#1166
0clk
0rst
1_02_
0_10_
1_03_
1_11_
1_04_
1_05_
1count[0]
1count[1]
1count[2]
1count[3]
#1167
0clk
0rst
0_02_
1_10_
0_03_
0_11_
0_04_
0_05_
0count[0]
0count[1]
0count[2]
0count[3]
#1168
0clk
0rst
1_02_
0_10_
0_03_
1_11_
0_04_
0_05_
1count[0]
0count[1]
0count[2]
0count[3]
#1169
0clk
0rst
0_02_
0_10_
1_03_
1_11_
0_04_
0_05_
0count[0]
1count[1]
0count[2]
0count[3]
#1170
0clk
0rst
1_02_
0_10_
1_03_
1_11_
0_04_
0_05_
1count[0]
1count[1]
0count[2]
0count[3]
#1171
0clk
0rst
0_02_
1_10_
0_03_
1_11_
1_04_
0_05_
0count[0]
0count[1]
1count[2]
0count[3]
#1172
0clk
0rst
1_02_
0_10_
0_03_
1_11_
1_04_
0_05_
1count[0]
0count[1]
1count[2]
0count[3]
#1173
0clk
0rst
0_02_
0_10_
1_03_
1_11_
1_04_
0_05_
0count[0]
1count[1]
1count[2]
0count[3]
#1174
0clk
0rst
1_02_
0_10_
1_03_
1_11_
1_04_
0_05_
1count[0]
1count[1]
1count[2]
0count[3]
#1175
0clk
0rst
0_02_
1_10_
0_03_
0_11_
0_04_
1_05_
0count[0]
0count[1]
0count[2]
1count[3]
#1176
0clk
0rst
1_02_
0_10_
0_03_
1_11_
0_04_
1_05_
1count[0]
0count[1]
0count[2]
1count[3]
#1177
0clk
0rst
0_02_
0_10_
1_03_
1_11_
0_04_
1_05_
0count[0]
1count[1]
0count[2]
1count[3]
#1178
0clk
0rst
1_02_
0_10_
1_03_
1_11_
0_04_
1_05_
1count[0]
1count[1]
0count[2]
1count[3]
#1179
0clk
0rst
0_02_
1_10_
0_03_
1_11_
1_04_
1_05_
0count[0]
0count[1]
1count[2]
1count[3]
#1180
0clk
0rst
1_02_
0_10_
0_03_
1_11_
1_04_
1_05_
1count[0]
0count[1]
1count[2]
1count[3]
#1181
0clk
0rst
0_02_
0_10_
1_03_
1_11_
1_04_
1_05_
0count[0]
1count[1]
1count[2]
1count[3]
#1182
0clk
0rst
1_02_
0_10_
1_03_
1_11_
1_04_
1_05_
1count[0]
1count[1]
1count[2]
1count[3]
#1183
0clk
0rst
0_02_
1_10_
0_03_
0_11_
0_04_
0_05_
0count[0]
0count[1]
0count[2]
0count[3]
#1184
0clk
0rst
1_02_
0_10_
0_03_
1_11_
0_04_
0_05_
1count[0]
0count[1]
0count[2]
0count[3]
#1185
0clk
0rst
0_02_
0_10_
1_03_
1_11_
0_04_
0_05_
0count[0]
1count[1]
0count[2]
0count[3]
#1186
0clk
0rst
1_02_
0_10_
1_03_
1_11_
0_04_
0_05_
1count[0]
1count[1]
0count[2]
0count[3]
#1187
0clk
0rst
0_02_
1_10_
0_03_
1_11_
1_04_
0_05_
0count[0]
0count[1]
1count[2]
0count[3]
#1188
0clk
0rst
1_02_
0_10_
0_03_
1_11_
1_04_
0_05_
1count[0]
0count[1]
1count[2]
0count[3]
#1189
0clk
0rst
0_02_
0_10_
1_03_
1_11_
1_04_
0_05_
0count[0]
1count[1]
1count[2]
0count[3]
#1190
0clk
0rst
1_02_
0_10_
1_03_
1_11_
1_04_
0_05_
1count[0]
1count[1]
1count[2]
0count[3]
#1191
0clk
0rst
0_02_
1_10_
0_03_
0_11_
0_04_
1_05_
0count[0]
0count[1]
0count[2]
1count[3]
#1192
0clk
0rst
1_02_
0_10_
0_03_
1_11_
0_04_
1_05_
1count[0]
0count[1]
0count[2]
1count[3]
#1193
0clk
0rst
0_02_
0_10_
1_03_
1_11_
0_04_
1_05_
0count[0]
1count[1]
0count[2]
1count[3]
#1194
0clk
0rst
1_02_
0_10_
1_03_
1_11_
0_04_
1_05_
1count[0]
1count[1]
0count[2]
1count[3]
#1195
0clk
0rst
0_02_
1_10_
0_03_
1_11_
1_04_
1_05_
0count[0]
0count[1]
1count[2]
1count[3]
#1196
0clk
0rst
1_02_
0_10_
0_03_
1_11_
1_04_
1_05_
1count[0]
0count[1]
1count[2]
1count[3]
#1197
0clk
0rst
0_02_
0_10_
1_03_
1_11_
1_04_
1_05_
0count[0]
1count[1]
1count[2]
1count[3]
#1198
0clk
0rst
1_02_
0_10_
1_03_
1_11_
1_04_
1_05_
1count[0]
1count[1]
1count[2]
1count[3]
#1199
0clk
0rst
0_02_
1_10_
0_03_
0_11_
0_04_
0_05_
0count[0]
0count[1]
0count[2]
0count[3]
#1200
0clk
0rst
1_02_
0_10_
0_03_
1_11_
0_04_
0_05_
1count[0]
0count[1]
0count[2]
0count[3]
#1201
0clk
0rst
0_02_
0_10_
1_03_
1_11_
0_04_
0_05_
0count[0]
1count[1]
0count[2]
0count[3]
#1202
0clk
0rst
1_02_
0_10_
1_03_
1_11_
0_04_
0_05_
1count[0]
1count[1]
0count[2]
0count[3]
#1203
0clk
0rst
0_02_
1_10_
0_03_
1_11_
1_04_
0_05_
0count[0]
0count[1]
1count[2]
0count[3]
#1204
0clk
0rst
1_02_
0_10_
0_03_
1_11_
1_04_
0_05_
1count[0]
0count[1]
1count[2]
0count[3]
#1205
0clk
0rst
0_02_
0_10_
1_03_
1_11_
1_04_
0_05_
0count[0]
1count[1]
1count[2]
0count[3]
#1206
0clk
0rst
1_02_
0_10_
1_03_
1_11_
1_04_
0_05_
1count[0]
1count[1]
1count[2]
0count[3]
#1207
0clk
0rst
0_02_
1_10_
0_03_
0_11_
0_04_
1_05_
0count[0]
0count[1]
0count[2]
1count[3]
#1208
0clk
0rst
1_02_
0_10_
0_03_
1_11_
0_04_
1_05_
1count[0]
0count[1]
0count[2]
1count[3]
#1209
0clk
0rst
0_02_
0_10_
1_03_
1_11_
0_04_
1_05_
0count[0]
1count[1]
0count[2]
1count[3]
#1210
0clk
0rst
1_02_
0_10_
1_03_
1_11_
0_04_
1_05_
1count[0]
1count[1]
0count[2]
1count[3]
#1211
0clk
0rst
0_02_
1_10_
0_03_
1_11_
1_04_
1_05_
0count[0]
0count[1]
1count[2]
1count[3]
#1212
0clk
0rst
1_02_
0_10_
0_03_
1_11_
1_04_
1_05_
1count[0]
0count[1]
1count[2]
1count[3]
#1213
0clk
0rst
0_02_
0_10_
1_03_
1_11_
1_04_
1_05_
0count[0]
1count[1]
1count[2]
1count[3]
#1214
0clk
0rst
1_02_
0_10_
1_03_
1_11_
1_04_
1_05_
1count[0]
1count[1]
1count[2]
1count[3]
#1215
0clk
0rst
0_02_
1_10_
0_03_
0_11_
0_04_
0_05_
0count[0]
0count[1]
0count[2]
0count[3]
#1216
0clk
0rst
1_02_
0_10_
0_03_
1_11_
0_04_
0_05_
1count[0]
0count[1]
0count[2]
0count[3]
#1217
0clk
0rst
0_02_
0_10_
1_03_
1_11_
0_04_
0_05_
0count[0]
1count[1]
0count[2]
0count[3]
#1218
0clk
0rst
1_02_
0_10_
1_03_
1_11_
0_04_
0_05_
1count[0]
1count[1]
0count[2]
0count[3]
#1219
0clk
0rst
0_02_
1_10_
0_03_
1_11_
1_04_
0_05_
0count[0]
0count[1]
1count[2]
0count[3]
#1220
0clk
0rst
1_02_
0_10_
0_03_
1_11_
1_04_
0_05_
1count[0]
0count[1]
1count[2]
0count[3]
#1221
0clk
0rst
0_02_
0_10_
1_03_
1_11_
1_04_
0_05_
0count[0]
1count[1]
1count[2]
0count[3]
#1222
0clk
0rst
1_02_
0_10_
1_03_
1_11_
1_04_
0_05_
1count[0]
1count[1]
1count[2]
0count[3]
#1223
0clk
0rst
0_02_
1_10_
0_03_
0_11_
0_04_
1_05_
0count[0]
0count[1]
0count[2]
1count[3]
#1224
0clk
0rst
1_02_
0_10_
0_03_
1_11_
0_04_
1_05_
1count[0]
0count[1]
0count[2]
1count[3]
#1225
0clk
0rst
0_02_
0_10_
1_03_
1_11_
0_04_
1_05_
0count[0]
1count[1]
0count[2]
1count[3]
#1226
0clk
0rst
1_02_
0_10_
1_03_
1_11_
0_04_
1_05_
1count[0]
1count[1]
0count[2]
1count[3]
#1227
0clk
0rst
0_02_
1_10_
0_03_
1_11_
1_04_
1_05_
0count[0]
0count[1]
1count[2]
1count[3]
#1228
0clk
0rst
1_02_
0_10_
0_03_
1_11_
1_04_
1_05_
1count[0]
0count[1]
1count[2]
1count[3]
#1229
0clk
0rst
0_02_
0_10_
1_03_
1_11_
1_04_
1_05_
0count[0]
1count[1]
1count[2]
1count[3]
#1230
0clk
0rst
1_02_
0_10_
1_03_
1_11_
1_04_
1_05_
1count[0]
1count[1]
1count[2]
1count[3]
#1231
0clk
0rst
0_02_
1_10_
0_03_
0_11_
0_04_
0_05_
0count[0]
0count[1]
0count[2]
0count[3]
#1232
0clk
0rst
1_02_
0_10_
0_03_
1_11_
0_04_
0_05_
1count[0]
0count[1]
0count[2]
0count[3]
#1233
0clk
0rst
0_02_
0_10_
1_03_
1_11_
0_04_
0_05_
0count[0]
1count[1]
0count[2]
0count[3]
#1234
0clk
0rst
1_02_
0_10_
1_03_
1_11_
0_04_
0_05_
1count[0]
1count[1]
0count[2]
0count[3]
#1235
0clk
0rst
0_02_
1_10_
0_03_
1_11_
1_04_
0_05_
0count[0]
0count[1]
1count[2]
0count[3]
#1236
0clk
0rst
1_02_
0_10_
0_03_
1_11_
1_04_
0_05_
1count[0]
0count[1]
1count[2]
0count[3]
#1237
0clk
0rst
0_02_
0_10_
1_03_
1_11_
1_04_
0_05_
0count[0]
1count[1]
1count[2]
0count[3]
#1238
0clk
0rst
1_02_
0_10_
1_03_
1_11_
1_04_
0_05_
1count[0]
1count[1]
1count[2]
0count[3]
#1239
0clk
0rst
0_02_
1_10_
0_03_
0_11_
0_04_
1_05_
0count[0]
0count[1]
0count[2]
1count[3]
#1240
0clk
0rst
1_02_
0_10_
0_03_
1_11_
0_04_
1_05_
1count[0]
0count[1]
0count[2]
1count[3]
#1241
0clk
0rst
0_02_
0_10_
1_03_
1_11_
0_04_
1_05_
0count[0]
1count[1]
0count[2]
1count[3]
#1242
0clk
0rst
1_02_
0_10_
1_03_
1_11_
0_04_
1_05_
1count[0]
1count[1]
0count[2]
1count[3]
#1243
0clk
0rst
0_02_
1_10_
0_03_
1_11_
1_04_
1_05_
0count[0]
0count[1]
1count[2]
1count[3]
#1244
0clk
0rst
1_02_
0_10_
0_03_
1_11_
1_04_
1_05_
1count[0]
0count[1]
1count[2]
1count[3]
#1245
0clk
0rst
0_02_
0_10_
1_03_
1_11_
1_04_
1_05_
0count[0]
1count[1]
1count[2]
1count[3]
#1246
0clk
0rst
1_02_
0_10_
1_03_
1_11_
1_04_
1_05_
1count[0]
1count[1]
1count[2]
1count[3]
#1247
0clk
0rst
0_02_
1_10_
0_03_
0_11_
0_04_
0_05_
0count[0]
0count[1]
0count[2]
0count[3]
#1248
0clk
0rst
1_02_
0_10_
0_03_
1_11_
0_04_
0_05_
1count[0]
0count[1]
0count[2]
0count[3]
#1249
0clk
0rst
0_02_
0_10_
1_03_
1_11_
0_04_
0_05_
0count[0]
1count[1]
0count[2]
0count[3]
#1250
0clk
0rst
1_02_
0_10_
1_03_
1_11_
0_04_
0_05_
1count[0]
1count[1]
0count[2]
0count[3]
#1251
0clk
0rst
0_02_
1_10_
0_03_
1_11_
1_04_
0_05_
0count[0]
0count[1]
1count[2]
0count[3]
#1252
0clk
0rst
1_02_
0_10_
0_03_
1_11_
1_04_
0_05_
1count[0]
0count[1]
1count[2]
0count[3]
#1253
0clk
0rst
0_02_
0_10_
1_03_
1_11_
1_04_
0_05_
0count[0]
1count[1]
1count[2]
0count[3]
#1254
0clk
0rst
1_02_
0_10_
1_03_
1_11_
1_04_
0_05_
1count[0]
1count[1]
1count[2]
0count[3]
#1255
0clk
0rst
0_02_
1_10_
0_03_
0_11_
0_04_
1_05_
0count[0]
0count[1]
0count[2]
1count[3]
#1256
0clk
0rst
1_02_
0_10_
0_03_
1_11_
0_04_
1_05_
1count[0]
0count[1]
0count[2]
1count[3]
#1257
0clk
0rst
0_02_
0_10_
1_03_
1_11_
0_04_
1_05_
0count[0]
1count[1]
0count[2]
1count[3]
#1258
0clk
0rst
1_02_
0_10_
1_03_
1_11_
0_04_
1_05_
1count[0]
1count[1]
0count[2]
1count[3]
#1259
0clk
0rst
0_02_
1_10_
0_03_
1_11_
1_04_
1_05_
0count[0]
0count[1]
1count[2]
1count[3]
#1260
0clk
0rst
1_02_
0_10_
0_03_
1_11_
1_04_
1_05_
1count[0]
0count[1]
1count[2]
1count[3]
#1261
0clk
0rst
0_02_
0_10_
1_03_
1_11_
1_04_
1_05_
0count[0]
1count[1]
1count[2]
1count[3]
#1262
0clk
0rst
1_02_
0_10_
1_03_
1_11_
1_04_
1_05_
1count[0]
1count[1]
1count[2]
1count[3]
#1263
0clk
0rst
0_02_
1_10_
0_03_
0_11_
0_04_
0_05_
0count[0]
0count[1]
0count[2]
0count[3]
#1264
0clk
0rst
1_02_
0_10_
0_03_
1_11_
0_04_
0_05_
1count[0]
0count[1]
0count[2]
0count[3]
#1265
0clk
0rst
0_02_
0_10_
1_03_
1_11_
0_04_
0_05_
0count[0]
1count[1]
0count[2]
0count[3]
#1266
0clk
0rst
1_02_
0_10_
1_03_
1_11_
0_04_
0_05_
1count[0]
1count[1]
0count[2]
0count[3]
#1267
0clk
0rst
0_02_
1_10_
0_03_
1_11_
1_04_
0_05_
0count[0]
0count[1]
1count[2]
0count[3]
#1268
0clk
0rst
1_02_
0_10_
0_03_
1_11_
1_04_
0_05_
1count[0]
0count[1]
1count[2]
0count[3]
#1269
0clk
0rst
0_02_
0_10_
1_03_
1_11_
1_04_
0_05_
0count[0]
1count[1]
1count[2]
0count[3]
#1270
0clk
0rst
1_02_
0_10_
1_03_
1_11_
1_04_
0_05_
1count[0]
1count[1]
1count[2]
0count[3]
#1271
0clk
0rst
0_02_
1_10_
0_03_
0_11_
0_04_
1_05_
0count[0]
0count[1]
0count[2]
1count[3]
#1272
0clk
0rst
1_02_
0_10_
0_03_
1_11_
0_04_
1_05_
1count[0]
0count[1]
0count[2]
1count[3]
#1273
0clk
0rst
0_02_
0_10_
1_03_
1_11_
0_04_
1_05_
0count[0]
1count[1]
0count[2]
1count[3]
#1274
0clk
0rst
1_02_
0_10_
1_03_
1_11_
0_04_
1_05_
1count[0]
1count[1]
0count[2]
1count[3]
#1275
0clk
0rst
0_02_
1_10_
0_03_
1_11_
1_04_
1_05_
0count[0]
0count[1]
1count[2]
1count[3]
#1276
0clk
0rst
1_02_
0_10_
0_03_
1_11_
1_04_
1_05_
1count[0]
0count[1]
1count[2]
1count[3]
#1277
0clk
0rst
0_02_
0_10_
1_03_
1_11_
1_04_
1_05_
0count[0]
1count[1]
1count[2]
1count[3]
#1278
0clk
0rst
1_02_
0_10_
1_03_
1_11_
1_04_
1_05_
1count[0]
1count[1]
1count[2]
1count[3]
#1279
0clk
0rst
0_02_
1_10_
0_03_
0_11_
0_04_
0_05_
0count[0]
0count[1]
0count[2]
0count[3]
#1280
0clk
0rst
1_02_
0_10_
0_03_
1_11_
0_04_
0_05_
1count[0]
0count[1]
0count[2]
0count[3]
#1281
0clk
0rst
0_02_
0_10_
1_03_
1_11_
0_04_
0_05_
0count[0]
1count[1]
0count[2]
0count[3]
#1282
0clk
0rst
1_02_
0_10_
1_03_
1_11_
0_04_
0_05_
1count[0]
1count[1]
0count[2]
0count[3]
#1283
0clk
0rst
0_02_
1_10_
0_03_
1_11_
1_04_
0_05_
0count[0]
0count[1]
1count[2]
0count[3]
#1284
0clk
0rst
1_02_
0_10_
0_03_
1_11_
1_04_
0_05_
1count[0]
0count[1]
1count[2]
0count[3]
#1285
0clk
0rst
0_02_
0_10_
1_03_
1_11_
1_04_
0_05_
0count[0]
1count[1]
1count[2]
0count[3]
#1286
0clk
0rst
1_02_
0_10_
1_03_
1_11_
1_04_
0_05_
1count[0]
1count[1]
1count[2]
0count[3]
#1287
0clk
0rst
0_02_
1_10_
0_03_
0_11_
0_04_
1_05_
0count[0]
0count[1]
0count[2]
1count[3]
#1288
0clk
0rst
1_02_
0_10_
0_03_
1_11_
0_04_
1_05_
1count[0]
0count[1]
0count[2]
1count[3]
#1289
0clk
0rst
0_02_
0_10_
1_03_
1_11_
0_04_
1_05_
0count[0]
1count[1]
0count[2]
1count[3]
#1290
0clk
0rst
1_02_
0_10_
1_03_
1_11_
0_04_
1_05_
1count[0]
1count[1]
0count[2]
1count[3]
#1291
0clk
0rst
0_02_
1_10_
0_03_
1_11_
1_04_
1_05_
0count[0]
0count[1]
1count[2]
1count[3]
#1292
0clk
0rst
1_02_
0_10_
0_03_
1_11_
1_04_
1_05_
1count[0]
0count[1]
1count[2]
1count[3]
#1293
0clk
0rst
0_02_
0_10_
1_03_
1_11_
1_04_
1_05_
0count[0]
1count[1]
1count[2]
1count[3]
#1294
0clk
0rst
1_02_
0_10_
1_03_
1_11_
1_04_
1_05_
1count[0]
1count[1]
1count[2]
1count[3]
#1295
0clk
0rst
0_02_
1_10_
0_03_
0_11_
0_04_
0_05_
0count[0]
0count[1]
0count[2]
0count[3]
#1296
0clk
0rst
1_02_
0_10_
0_03_
1_11_
0_04_
0_05_
1count[0]
0count[1]
0count[2]
0count[3]
#1297
0clk
0rst
0_02_
0_10_
1_03_
1_11_
0_04_
0_05_
0count[0]
1count[1]
0count[2]
0count[3]
#1298
0clk
0rst
1_02_
0_10_
1_03_
1_11_
0_04_
0_05_
1count[0]
1count[1]
0count[2]
0count[3]
#1299
0clk
0rst
0_02_
1_10_
0_03_
1_11_
1_04_
0_05_
0count[0]
0count[1]
1count[2]
0count[3]
#1300
0clk
0rst
1_02_
0_10_
0_03_
1_11_
1_04_
0_05_
1count[0]
0count[1]
1count[2]
0count[3]
#1301
0clk
0rst
0_02_
0_10_
1_03_
1_11_
1_04_
0_05_
0count[0]
1count[1]
1count[2]
0count[3]
#1302
0clk
0rst
1_02_
0_10_
1_03_
1_11_
1_04_
0_05_
1count[0]
1count[1]
1count[2]
0count[3]
#1303
0clk
0rst
0_02_
1_10_
0_03_
0_11_
0_04_
1_05_
0count[0]
0count[1]
0count[2]
1count[3]
#1304
0clk
0rst
1_02_
0_10_
0_03_
1_11_
0_04_
1_05_
1count[0]
0count[1]
0count[2]
1count[3]
#1305
0clk
0rst
0_02_
0_10_
1_03_
1_11_
0_04_
1_05_
0count[0]
1count[1]
0count[2]
1count[3]
#1306
0clk
0rst
1_02_
0_10_
1_03_
1_11_
0_04_
1_05_
1count[0]
1count[1]
0count[2]
1count[3]
#1307
0clk
0rst
0_02_
1_10_
0_03_
1_11_
1_04_
1_05_
0count[0]
0count[1]
1count[2]
1count[3]
#1308
0clk
0rst
1_02_
0_10_
0_03_
1_11_
1_04_
1_05_
1count[0]
0count[1]
1count[2]
1count[3]
#1309
0clk
0rst
0_02_
0_10_
1_03_
1_11_
1_04_
1_05_
0count[0]
1count[1]
1count[2]
1count[3]
#1310
0clk
0rst
1_02_
0_10_
1_03_
1_11_
1_04_
1_05_
1count[0]
1count[1]
1count[2]
1count[3]
#1311
0clk
0rst
0_02_
1_10_
0_03_
0_11_
0_04_
0_05_
0count[0]
0count[1]
0count[2]
0count[3]
#1312
0clk
0rst
1_02_
0_10_
0_03_
1_11_
0_04_
0_05_
1count[0]
0count[1]
0count[2]
0count[3]
#1313
0clk
0rst
0_02_
0_10_
1_03_
1_11_
0_04_
0_05_
0count[0]
1count[1]
0count[2]
0count[3]
#1314
0clk
0rst
1_02_
0_10_
1_03_
1_11_
0_04_
0_05_
1count[0]
1count[1]
0count[2]
0count[3]
#1315
0clk
0rst
0_02_
1_10_
0_03_
1_11_
1_04_
0_05_
0count[0]
0count[1]
1count[2]
0count[3]
#1316
0clk
0rst
1_02_
0_10_
0_03_
1_11_
1_04_
0_05_
1count[0]
0count[1]
1count[2]
0count[3]
#1317
0clk
0rst
0_02_
0_10_
1_03_
1_11_
1_04_
0_05_
0count[0]
1count[1]
1count[2]
0count[3]
#1318
0clk
0rst
1_02_
0_10_
1_03_
1_11_
1_04_
0_05_
1count[0]
1count[1]
1count[2]
0count[3]
#1319
0clk
0rst
0_02_
1_10_
0_03_
0_11_
0_04_
1_05_
0count[0]
0count[1]
0count[2]
1count[3]
#1320
0clk
0rst
1_02_
0_10_
0_03_
1_11_
0_04_
1_05_
1count[0]
0count[1]
0count[2]
1count[3]
#1321
0clk
0rst
0_02_
0_10_
1_03_
1_11_
0_04_
1_05_
0count[0]
1count[1]
0count[2]
1count[3]
#1322
0clk
0rst
1_02_
0_10_
1_03_
1_11_
0_04_
1_05_
1count[0]
1count[1]
0count[2]
1count[3]
#1323
0clk
0rst
0_02_
1_10_
0_03_
1_11_
1_04_
1_05_
0count[0]
0count[1]
1count[2]
1count[3]
#1324
0clk
0rst
1_02_
0_10_
0_03_
1_11_
1_04_
1_05_
1count[0]
0count[1]
1count[2]
1count[3]
#1325
0clk
0rst
0_02_
0_10_
1_03_
1_11_
1_04_
1_05_
0count[0]
1count[1]
1count[2]
1count[3]
#1326
0clk
0rst
1_02_
0_10_
1_03_
1_11_
1_04_
1_05_
1count[0]
1count[1]
1count[2]
1count[3]
#1327
0clk
0rst
0_02_
1_10_
0_03_
0_11_
0_04_
0_05_
0count[0]
0count[1]
0count[2]
0count[3]
#1328
0clk
0rst
1_02_
0_10_
0_03_
1_11_
0_04_
0_05_
1count[0]
0count[1]
0count[2]
0count[3]
#1329
0clk
0rst
0_02_
0_10_
1_03_
1_11_
0_04_
0_05_
0count[0]
1count[1]
0count[2]
0count[3]
#1330
0clk
0rst
1_02_
0_10_
1_03_
1_11_
0_04_
0_05_
1count[0]
1count[1]
0count[2]
0count[3]
#1331
0clk
0rst
0_02_
1_10_
0_03_
1_11_
1_04_
0_05_
0count[0]
0count[1]
1count[2]
0count[3]
#1332
0clk
0rst
1_02_
0_10_
0_03_
1_11_
1_04_
0_05_
1count[0]
0count[1]
1count[2]
0count[3]
#1333
0clk
0rst
0_02_
0_10_
1_03_
1_11_
1_04_
0_05_
0count[0]
1count[1]
1count[2]
0count[3]
#1334
0clk
0rst
1_02_
0_10_
1_03_
1_11_
1_04_
0_05_
1count[0]
1count[1]
1count[2]
0count[3]
#1335
0clk
0rst
0_02_
1_10_
0_03_
0_11_
0_04_
1_05_
0count[0]
0count[1]
0count[2]
1count[3]
#1336
0clk
0rst
1_02_
0_10_
0_03_
1_11_
0_04_
1_05_
1count[0]
0count[1]
0count[2]
1count[3]
#1337
0clk
0rst
0_02_
0_10_
1_03_
1_11_
0_04_
1_05_
0count[0]
1count[1]
0count[2]
1count[3]
#1338
0clk
0rst
1_02_
0_10_
1_03_
1_11_
0_04_
1_05_
1count[0]
1count[1]
0count[2]
1count[3]
#1339
0clk
0rst
0_02_
1_10_
0_03_
1_11_
1_04_
1_05_
0count[0]
0count[1]
1count[2]
1count[3]
#1340
0clk
0rst
1_02_
0_10_
0_03_
1_11_
1_04_
1_05_
1count[0]
0count[1]
1count[2]
1count[3]
#1341
0clk
0rst
0_02_
0_10_
1_03_
1_11_
1_04_
1_05_
0count[0]
1count[1]
1count[2]
1count[3]
#1342
0clk
0rst
1_02_
0_10_
1_03_
1_11_
1_04_
1_05_
1count[0]
1count[1]
1count[2]
1count[3]
#1343
0clk
0rst
0_02_
1_10_
0_03_
0_11_
0_04_
0_05_
0count[0]
0count[1]
0count[2]
0count[3]
#1344
0clk
0rst
1_02_
0_10_
0_03_
1_11_
0_04_
0_05_
1count[0]
0count[1]
0count[2]
0count[3]
#1345
0clk
0rst
0_02_
0_10_
1_03_
1_11_
0_04_
0_05_
0count[0]
1count[1]
0count[2]
0count[3]
#1346
0clk
0rst
1_02_
0_10_
1_03_
1_11_
0_04_
0_05_
1count[0]
1count[1]
0count[2]
0count[3]
#1347
0clk
0rst
0_02_
1_10_
0_03_
1_11_
1_04_
0_05_
0count[0]
0count[1]
1count[2]
0count[3]
#1348
0clk
0rst
1_02_
0_10_
0_03_
1_11_
1_04_
0_05_
1count[0]
0count[1]
1count[2]
0count[3]
#1349
0clk
0rst
0_02_
0_10_
1_03_
1_11_
1_04_
0_05_
0count[0]
1count[1]
1count[2]
0count[3]
#1350
0clk
0rst
1_02_
0_10_
1_03_
1_11_
1_04_
0_05_
1count[0]
1count[1]
1count[2]
0count[3]
#1351
0clk
0rst
0_02_
1_10_
0_03_
0_11_
0_04_
1_05_
0count[0]
0count[1]
0count[2]
1count[3]
#1352
0clk
0rst
1_02_
0_10_
0_03_
1_11_
0_04_
1_05_
1count[0]
0count[1]
0count[2]
1count[3]
#1353
0clk
0rst
0_02_
0_10_
1_03_
1_11_
0_04_
1_05_
0count[0]
1count[1]
0count[2]
1count[3]
#1354
0clk
0rst
1_02_
0_10_
1_03_
1_11_
0_04_
1_05_
1count[0]
1count[1]
0count[2]
1count[3]
#1355
0clk
0rst
0_02_
1_10_
0_03_
1_11_
1_04_
1_05_
0count[0]
0count[1]
1count[2]
1count[3]
#1356
0clk
0rst
1_02_
0_10_
0_03_
1_11_
1_04_
1_05_
1count[0]
0count[1]
1count[2]
1count[3]
#1357
0clk
0rst
0_02_
0_10_
1_03_
1_11_
1_04_
1_05_
0count[0]
1count[1]
1count[2]
1count[3]
#1358
0clk
0rst
1_02_
0_10_
1_03_
1_11_
1_04_
1_05_
1count[0]
1count[1]
1count[2]
1count[3]
#1359
0clk
0rst
0_02_
1_10_
0_03_
0_11_
0_04_
0_05_
0count[0]
0count[1]
0count[2]
0count[3]
#1360
0clk
0rst
1_02_
0_10_
0_03_
1_11_
0_04_
0_05_
1count[0]
0count[1]
0count[2]
0count[3]
#1361
0clk
0rst
0_02_
0_10_
1_03_
1_11_
0_04_
0_05_
0count[0]
1count[1]
0count[2]
0count[3]
#1362
0clk
0rst
1_02_
0_10_
1_03_
1_11_
0_04_
0_05_
1count[0]
1count[1]
0count[2]
0count[3]
#1363
0clk
0rst
0_02_
1_10_
0_03_
1_11_
1_04_
0_05_
0count[0]
0count[1]
1count[2]
0count[3]
#1364
0clk
0rst
1_02_
0_10_
0_03_
1_11_
1_04_
0_05_
1count[0]
0count[1]
1count[2]
0count[3]
#1365
0clk
0rst
0_02_
0_10_
1_03_
1_11_
1_04_
0_05_
0count[0]
1count[1]
1count[2]
0count[3]
#1366
0clk
0rst
1_02_
0_10_
1_03_
1_11_
1_04_
0_05_
1count[0]
1count[1]
1count[2]
0count[3]
#1367
0clk
0rst
0_02_
1_10_
0_03_
0_11_
0_04_
1_05_
0count[0]
0count[1]
0count[2]
1count[3]
#1368
0clk
0rst
1_02_
0_10_
0_03_
1_11_
0_04_
1_05_
1count[0]
0count[1]
0count[2]
1count[3]
#1369
0clk
0rst
0_02_
0_10_
1_03_
1_11_
0_04_
1_05_
0count[0]
1count[1]
0count[2]
1count[3]
#1370
0clk
0rst
1_02_
0_10_
1_03_
1_11_
0_04_
1_05_
1count[0]
1count[1]
0count[2]
1count[3]
#1371
0clk
0rst
0_02_
1_10_
0_03_
1_11_
1_04_
1_05_
0count[0]
0count[1]
1count[2]
1count[3]
#1372
0clk
0rst
1_02_
0_10_
0_03_
1_11_
1_04_
1_05_
1count[0]
0count[1]
1count[2]
1count[3]
#1373
0clk
0rst
0_02_
0_10_
1_03_
1_11_
1_04_
1_05_
0count[0]
1count[1]
1count[2]
1count[3]
#1374
0clk
0rst
1_02_
0_10_
1_03_
1_11_
1_04_
1_05_
1count[0]
1count[1]
1count[2]
1count[3]
#1375
0clk
0rst
0_02_
1_10_
0_03_
0_11_
0_04_
0_05_
0count[0]
0count[1]
0count[2]
0count[3]
#1376
0clk
0rst
1_02_
0_10_
0_03_
1_11_
0_04_
0_05_
1count[0]
0count[1]
0count[2]
0count[3]
#1377
0clk
0rst
0_02_
0_10_
1_03_
1_11_
0_04_
0_05_
0count[0]
1count[1]
0count[2]
0count[3]
#1378
0clk
0rst
1_02_
0_10_
1_03_
1_11_
0_04_
0_05_
1count[0]
1count[1]
0count[2]
0count[3]
#1379
0clk
0rst
0_02_
1_10_
0_03_
1_11_
1_04_
0_05_
0count[0]
0count[1]
1count[2]
0count[3]
#1380
0clk
0rst
1_02_
0_10_
0_03_
1_11_
1_04_
0_05_
1count[0]
0count[1]
1count[2]
0count[3]
#1381
0clk
0rst
0_02_
0_10_
1_03_
1_11_
1_04_
0_05_
0count[0]
1count[1]
1count[2]
0count[3]
#1382
0clk
0rst
1_02_
0_10_
1_03_
1_11_
1_04_
0_05_
1count[0]
1count[1]
1count[2]
0count[3]
#1383
0clk
0rst
0_02_
1_10_
0_03_
0_11_
0_04_
1_05_
0count[0]
0count[1]
0count[2]
1count[3]
#1384
0clk
0rst
1_02_
0_10_
0_03_
1_11_
0_04_
1_05_
1count[0]
0count[1]
0count[2]
1count[3]
#1385
0clk
0rst
0_02_
0_10_
1_03_
1_11_
0_04_
1_05_
0count[0]
1count[1]
0count[2]
1count[3]
#1386
0clk
0rst
1_02_
0_10_
1_03_
1_11_
0_04_
1_05_
1count[0]
1count[1]
0count[2]
1count[3]
#1387
0clk
0rst
0_02_
1_10_
0_03_
1_11_
1_04_
1_05_
0count[0]
0count[1]
1count[2]
1count[3]
#1388
0clk
0rst
1_02_
0_10_
0_03_
1_11_
1_04_
1_05_
1count[0]
0count[1]
1count[2]
1count[3]
#1389
0clk
0rst
0_02_
0_10_
1_03_
1_11_
1_04_
1_05_
0count[0]
1count[1]
1count[2]
1count[3]
#1390
0clk
0rst
1_02_
0_10_
1_03_
1_11_
1_04_
1_05_
1count[0]
1count[1]
1count[2]
1count[3]
#1391
0clk
0rst
0_02_
1_10_
0_03_
0_11_
0_04_
0_05_
0count[0]
0count[1]
0count[2]
0count[3]
#1392
0clk
0rst
1_02_
0_10_
0_03_
1_11_
0_04_
0_05_
1count[0]
0count[1]
0count[2]
0count[3]
#1393
0clk
0rst
0_02_
0_10_
1_03_
1_11_
0_04_
0_05_
0count[0]
1count[1]
0count[2]
0count[3]
#1394
0clk
0rst
1_02_
0_10_
1_03_
1_11_
0_04_
0_05_
1count[0]
1count[1]
0count[2]
0count[3]
#1395
0clk
0rst
0_02_
1_10_
0_03_
1_11_
1_04_
0_05_
0count[0]
0count[1]
1count[2]
0count[3]
#1396
0clk
0rst
1_02_
0_10_
0_03_
1_11_
1_04_
0_05_
1count[0]
0count[1]
1count[2]
0count[3]
#1397
0clk
0rst
0_02_
0_10_
1_03_
1_11_
1_04_
0_05_
0count[0]
1count[1]
1count[2]
0count[3]
#1398
0clk
0rst
1_02_
0_10_
1_03_
1_11_
1_04_
0_05_
1count[0]
1count[1]
1count[2]
0count[3]
#1399
0clk
0rst
0_02_
1_10_
0_03_
0_11_
0_04_
1_05_
0count[0]
0count[1]
0count[2]
1count[3]
#1400
0clk
0rst
1_02_
0_10_
0_03_
1_11_
0_04_
1_05_
1count[0]
0count[1]
0count[2]
1count[3]
#1401
0clk
0rst
0_02_
0_10_
1_03_
1_11_
0_04_
1_05_
0count[0]
1count[1]
0count[2]
1count[3]
#1402
0clk
0rst
1_02_
0_10_
1_03_
1_11_
0_04_
1_05_
1count[0]
1count[1]
0count[2]
1count[3]
#1403
0clk
0rst
0_02_
1_10_
0_03_
1_11_
1_04_
1_05_
0count[0]
0count[1]
1count[2]
1count[3]
#1404
0clk
0rst
1_02_
0_10_
0_03_
1_11_
1_04_
1_05_
1count[0]
0count[1]
1count[2]
1count[3]
#1405
0clk
0rst
0_02_
0_10_
1_03_
1_11_
1_04_
1_05_
0count[0]
1count[1]
1count[2]
1count[3]
#1406
0clk
0rst
1_02_
0_10_
1_03_
1_11_
1_04_
1_05_
1count[0]
1count[1]
1count[2]
1count[3]
#1407
0clk
0rst
0_02_
1_10_
0_03_
0_11_
0_04_
0_05_
0count[0]
0count[1]
0count[2]
0count[3]
#1408
0clk
0rst
1_02_
0_10_
0_03_
1_11_
0_04_
0_05_
1count[0]
0count[1]
0count[2]
0count[3]
#1409
0clk
0rst
0_02_
0_10_
1_03_
1_11_
0_04_
0_05_
0count[0]
1count[1]
0count[2]
0count[3]
#1410
0clk
0rst
1_02_
0_10_
1_03_
1_11_
0_04_
0_05_
1count[0]
1count[1]
0count[2]
0count[3]
#1411
0clk
0rst
0_02_
1_10_
0_03_
1_11_
1_04_
0_05_
0count[0]
0count[1]
1count[2]
0count[3]
#1412
0clk
0rst
1_02_
0_10_
0_03_
1_11_
1_04_
0_05_
1count[0]
0count[1]
1count[2]
0count[3]
#1413
0clk
0rst
0_02_
0_10_
1_03_
1_11_
1_04_
0_05_
0count[0]
1count[1]
1count[2]
0count[3]
#1414
0clk
0rst
1_02_
0_10_
1_03_
1_11_
1_04_
0_05_
1count[0]
1count[1]
1count[2]
0count[3]
#1415
0clk
0rst
0_02_
1_10_
0_03_
0_11_
0_04_
1_05_
0count[0]
0count[1]
0count[2]
1count[3]
#1416
0clk
0rst
1_02_
0_10_
0_03_
1_11_
0_04_
1_05_
1count[0]
0count[1]
0count[2]
1count[3]
#1417
0clk
0rst
0_02_
0_10_
1_03_
1_11_
0_04_
1_05_
0count[0]
1count[1]
0count[2]
1count[3]
#1418
0clk
0rst
1_02_
0_10_
1_03_
1_11_
0_04_
1_05_
1count[0]
1count[1]
0count[2]
1count[3]
#1419
0clk
0rst
0_02_
1_10_
0_03_
1_11_
1_04_
1_05_
0count[0]
0count[1]
1count[2]
1count[3]
#1420
0clk
0rst
1_02_
0_10_
0_03_
1_11_
1_04_
1_05_
1count[0]
0count[1]
1count[2]
1count[3]
#1421
0clk
0rst
0_02_
0_10_
1_03_
1_11_
1_04_
1_05_
0count[0]
1count[1]
1count[2]
1count[3]
#1422
0clk
0rst
1_02_
0_10_
1_03_
1_11_
1_04_
1_05_
1count[0]
1count[1]
1count[2]
1count[3]
#1423
0clk
0rst
0_02_
1_10_
0_03_
0_11_
0_04_
0_05_
0count[0]
0count[1]
0count[2]
0count[3]
#1424
0clk
0rst
1_02_
0_10_
0_03_
1_11_
0_04_
0_05_
1count[0]
0count[1]
0count[2]
0count[3]
#1425
0clk
0rst
0_02_
0_10_
1_03_
1_11_
0_04_
0_05_
0count[0]
1count[1]
0count[2]
0count[3]
#1426
0clk
0rst
1_02_
0_10_
1_03_
1_11_
0_04_
0_05_
1count[0]
1count[1]
0count[2]
0count[3]
#1427
0clk
0rst
0_02_
1_10_
0_03_
1_11_
1_04_
0_05_
0count[0]
0count[1]
1count[2]
0count[3]
#1428
0clk
0rst
1_02_
0_10_
0_03_
1_11_
1_04_
0_05_
1count[0]
0count[1]
1count[2]
0count[3]
#1429
0clk
0rst
0_02_
0_10_
1_03_
1_11_
1_04_
0_05_
0count[0]
1count[1]
1count[2]
0count[3]
#1430
0clk
0rst
1_02_
0_10_
1_03_
1_11_
1_04_
0_05_
1count[0]
1count[1]
1count[2]
0count[3]
#1431
0clk
0rst
0_02_
1_10_
0_03_
0_11_
0_04_
1_05_
0count[0]
0count[1]
0count[2]
1count[3]
#1432
0clk
0rst
1_02_
0_10_
0_03_
1_11_
0_04_
1_05_
1count[0]
0count[1]
0count[2]
1count[3]
#1433
0clk
0rst
0_02_
0_10_
1_03_
1_11_
0_04_
1_05_
0count[0]
1count[1]
0count[2]
1count[3]
#1434
0clk
0rst
1_02_
0_10_
1_03_
1_11_
0_04_
1_05_
1count[0]
1count[1]
0count[2]
1count[3]
#1435
0clk
0rst
0_02_
1_10_
0_03_
1_11_
1_04_
1_05_
0count[0]
0count[1]
1count[2]
1count[3]
#1436
0clk
0rst
1_02_
0_10_
0_03_
1_11_
1_04_
1_05_
1count[0]
0count[1]
1count[2]
1count[3]
#1437
0clk
0rst
0_02_
0_10_
1_03_
1_11_
1_04_
1_05_
0count[0]
1count[1]
1count[2]
1count[3]
#1438
0clk
0rst
1_02_
0_10_
1_03_
1_11_
1_04_
1_05_
1count[0]
1count[1]
1count[2]
1count[3]
#1439
0clk
0rst
0_02_
1_10_
0_03_
0_11_
0_04_
0_05_
0count[0]
0count[1]
0count[2]
0count[3]
#1440
0clk
0rst
1_02_
0_10_
0_03_
1_11_
0_04_
0_05_
1count[0]
0count[1]
0count[2]
0count[3]
#1441
0clk
0rst
0_02_
0_10_
1_03_
1_11_
0_04_
0_05_
0count[0]
1count[1]
0count[2]
0count[3]
#1442
0clk
0rst
1_02_
0_10_
1_03_
1_11_
0_04_
0_05_
1count[0]
1count[1]
0count[2]
0count[3]
#1443
0clk
0rst
0_02_
1_10_
0_03_
1_11_
1_04_
0_05_
0count[0]
0count[1]
1count[2]
0count[3]
#1444
0clk
0rst
1_02_
0_10_
0_03_
1_11_
1_04_
0_05_
1count[0]
0count[1]
1count[2]
0count[3]
#1445
0clk
0rst
0_02_
0_10_
1_03_
1_11_
1_04_
0_05_
0count[0]
1count[1]
1count[2]
0count[3]
#1446
0clk
0rst
1_02_
0_10_
1_03_
1_11_
1_04_
0_05_
1count[0]
1count[1]
1count[2]
0count[3]
#1447
0clk
0rst
0_02_
1_10_
0_03_
0_11_
0_04_
1_05_
0count[0]
0count[1]
0count[2]
1count[3]
#1448
0clk
0rst
1_02_
0_10_
0_03_
1_11_
0_04_
1_05_
1count[0]
0count[1]
0count[2]
1count[3]
#1449
0clk
0rst
0_02_
0_10_
1_03_
1_11_
0_04_
1_05_
0count[0]
1count[1]
0count[2]
1count[3]
#1450
0clk
0rst
1_02_
0_10_
1_03_
1_11_
0_04_
1_05_
1count[0]
1count[1]
0count[2]
1count[3]
#1451
0clk
0rst
0_02_
1_10_
0_03_
1_11_
1_04_
1_05_
0count[0]
0count[1]
1count[2]
1count[3]
#1452
0clk
0rst
1_02_
0_10_
0_03_
1_11_
1_04_
1_05_
1count[0]
0count[1]
1count[2]
1count[3]
#1453
0clk
0rst
0_02_
0_10_
1_03_
1_11_
1_04_
1_05_
0count[0]
1count[1]
1count[2]
1count[3]
#1454
0clk
0rst
1_02_
0_10_
1_03_
1_11_
1_04_
1_05_
1count[0]
1count[1]
1count[2]
1count[3]
#1455
0clk
0rst
0_02_
1_10_
0_03_
0_11_
0_04_
0_05_
0count[0]
0count[1]
0count[2]
0count[3]
#1456
0clk
0rst
1_02_
0_10_
0_03_
1_11_
0_04_
0_05_
1count[0]
0count[1]
0count[2]
0count[3]
#1457
0clk
0rst
0_02_
0_10_
1_03_
1_11_
0_04_
0_05_
0count[0]
1count[1]
0count[2]
0count[3]
#1458
0clk
0rst
1_02_
0_10_
1_03_
1_11_
0_04_
0_05_
1count[0]
1count[1]
0count[2]
0count[3]
#1459
0clk
0rst
0_02_
1_10_
0_03_
1_11_
1_04_
0_05_
0count[0]
0count[1]
1count[2]
0count[3]
#1460
0clk
0rst
1_02_
0_10_
0_03_
1_11_
1_04_
0_05_
1count[0]
0count[1]
1count[2]
0count[3]
#1461
0clk
0rst
0_02_
0_10_
1_03_
1_11_
1_04_
0_05_
0count[0]
1count[1]
1count[2]
0count[3]
#1462
0clk
0rst
1_02_
0_10_
1_03_
1_11_
1_04_
0_05_
1count[0]
1count[1]
1count[2]
0count[3]
#1463
0clk
0rst
0_02_
1_10_
0_03_
0_11_
0_04_
1_05_
0count[0]
0count[1]
0count[2]
1count[3]
#1464
0clk
0rst
1_02_
0_10_
0_03_
1_11_
0_04_
1_05_
1count[0]
0count[1]
0count[2]
1count[3]
#1465
0clk
0rst
0_02_
0_10_
1_03_
1_11_
0_04_
1_05_
0count[0]
1count[1]
0count[2]
1count[3]
#1466
0clk
0rst
1_02_
0_10_
1_03_
1_11_
0_04_
1_05_
1count[0]
1count[1]
0count[2]
1count[3]
#1467
0clk
0rst
0_02_
1_10_
0_03_
1_11_
1_04_
1_05_
0count[0]
0count[1]
1count[2]
1count[3]
#1468
0clk
0rst
1_02_
0_10_
0_03_
1_11_
1_04_
1_05_
1count[0]
0count[1]
1count[2]
1count[3]
#1469
0clk
0rst
0_02_
0_10_
1_03_
1_11_
1_04_
1_05_
0count[0]
1count[1]
1count[2]
1count[3]
#1470
0clk
0rst
1_02_
0_10_
1_03_
1_11_
1_04_
1_05_
1count[0]
1count[1]
1count[2]
1count[3]
#1471
0clk
0rst
0_02_
1_10_
0_03_
0_11_
0_04_
0_05_
0count[0]
0count[1]
0count[2]
0count[3]
#1472
0clk
0rst
1_02_
0_10_
0_03_
1_11_
0_04_
0_05_
1count[0]
0count[1]
0count[2]
0count[3]
#1473
0clk
0rst
0_02_
0_10_
1_03_
1_11_
0_04_
0_05_
0count[0]
1count[1]
0count[2]
0count[3]
#1474
0clk
0rst
1_02_
0_10_
1_03_
1_11_
0_04_
0_05_
1count[0]
1count[1]
0count[2]
0count[3]
#1475
0clk
0rst
0_02_
1_10_
0_03_
1_11_
1_04_
0_05_
0count[0]
0count[1]
1count[2]
0count[3]
#1476
0clk
0rst
1_02_
0_10_
0_03_
1_11_
1_04_
0_05_
1count[0]
0count[1]
1count[2]
0count[3]
#1477
0clk
0rst
0_02_
0_10_
1_03_
1_11_
1_04_
0_05_
0count[0]
1count[1]
1count[2]
0count[3]
#1478
0clk
0rst
1_02_
0_10_
1_03_
1_11_
1_04_
0_05_
1count[0]
1count[1]
1count[2]
0count[3]
#1479
0clk
0rst
0_02_
1_10_
0_03_
0_11_
0_04_
1_05_
0count[0]
0count[1]
0count[2]
1count[3]
#1480
0clk
0rst
1_02_
0_10_
0_03_
1_11_
0_04_
1_05_
1count[0]
0count[1]
0count[2]
1count[3]
#1481
0clk
0rst
0_02_
0_10_
1_03_
1_11_
0_04_
1_05_
0count[0]
1count[1]
0count[2]
1count[3]
#1482
0clk
0rst
1_02_
0_10_
1_03_
1_11_
0_04_
1_05_
1count[0]
1count[1]
0count[2]
1count[3]
#1483
0clk
0rst
0_02_
1_10_
0_03_
1_11_
1_04_
1_05_
0count[0]
0count[1]
1count[2]
1count[3]
#1484
0clk
0rst
1_02_
0_10_
0_03_
1_11_
1_04_
1_05_
1count[0]
0count[1]
1count[2]
1count[3]
#1485
0clk
0rst
0_02_
0_10_
1_03_
1_11_
1_04_
1_05_
0count[0]
1count[1]
1count[2]
1count[3]
#1486
0clk
0rst
1_02_
0_10_
1_03_
1_11_
1_04_
1_05_
1count[0]
1count[1]
1count[2]
1count[3]
#1487
0clk
0rst
0_02_
1_10_
0_03_
0_11_
0_04_
0_05_
0count[0]
0count[1]
0count[2]
0count[3]
#1488
0clk
0rst
1_02_
0_10_
0_03_
1_11_
0_04_
0_05_
1count[0]
0count[1]
0count[2]
0count[3]
#1489
0clk
0rst
0_02_
0_10_
1_03_
1_11_
0_04_
0_05_
0count[0]
1count[1]
0count[2]
0count[3]
#1490
0clk
0rst
1_02_
0_10_
1_03_
1_11_
0_04_
0_05_
1count[0]
1count[1]
0count[2]
0count[3]
#1491
0clk
0rst
0_02_
1_10_
0_03_
1_11_
1_04_
0_05_
0count[0]
0count[1]
1count[2]
0count[3]
#1492
0clk
0rst
1_02_
0_10_
0_03_
1_11_
1_04_
0_05_
1count[0]
0count[1]
1count[2]
0count[3]
#1493
0clk
0rst
0_02_
0_10_
1_03_
1_11_
1_04_
0_05_
0count[0]
1count[1]
1count[2]
0count[3]
#1494
0clk
0rst
1_02_
0_10_
1_03_
1_11_
1_04_
0_05_
1count[0]
1count[1]
1count[2]
0count[3]
#1495
0clk
0rst
0_02_
1_10_
0_03_
0_11_
0_04_
1_05_
0count[0]
0count[1]
0count[2]
1count[3]
#1496
0clk
0rst
1_02_
0_10_
0_03_
1_11_
0_04_
1_05_
1count[0]
0count[1]
0count[2]
1count[3]
#1497
0clk
0rst
0_02_
0_10_
1_03_
1_11_
0_04_
1_05_
0count[0]
1count[1]
0count[2]
1count[3]
#1498
0clk
0rst
1_02_
0_10_
1_03_
1_11_
0_04_
1_05_
1count[0]
1count[1]
0count[2]
1count[3]
#1499
0clk
0rst
0_02_
1_10_
0_03_
1_11_
1_04_
1_05_
0count[0]
0count[1]
1count[2]
1count[3]
#1500
0clk
0rst
1_02_
0_10_
0_03_
1_11_
1_04_
1_05_
1count[0]
0count[1]
1count[2]
1count[3]
#1501
0clk
0rst
0_02_
0_10_
1_03_
1_11_
1_04_
1_05_
0count[0]
1count[1]
1count[2]
1count[3]
#1502
0clk
0rst
1_02_
0_10_
1_03_
1_11_
1_04_
1_05_
1count[0]
1count[1]
1count[2]
1count[3]
#1503
0clk
0rst
0_02_
1_10_
0_03_
0_11_
0_04_
0_05_
0count[0]
0count[1]
0count[2]
0count[3]
#1504
0clk
0rst
1_02_
0_10_
0_03_
1_11_
0_04_
0_05_
1count[0]
0count[1]
0count[2]
0count[3]
#1505
0clk
0rst
0_02_
0_10_
1_03_
1_11_
0_04_
0_05_
0count[0]
1count[1]
0count[2]
0count[3]
#1506
0clk
0rst
1_02_
0_10_
1_03_
1_11_
0_04_
0_05_
1count[0]
1count[1]
0count[2]
0count[3]
#1507
0clk
0rst
0_02_
1_10_
0_03_
1_11_
1_04_
0_05_
0count[0]
0count[1]
1count[2]
0count[3]
#1508
0clk
0rst
1_02_
0_10_
0_03_
1_11_
1_04_
0_05_
1count[0]
0count[1]
1count[2]
0count[3]
#1509
0clk
0rst
0_02_
0_10_
1_03_
1_11_
1_04_
0_05_
0count[0]
1count[1]
1count[2]
0count[3]
#1510
0clk
0rst
1_02_
0_10_
1_03_
1_11_
1_04_
0_05_
1count[0]
1count[1]
1count[2]
0count[3]
#1511
0clk
0rst
0_02_
1_10_
0_03_
0_11_
0_04_
1_05_
0count[0]
0count[1]
0count[2]
1count[3]
#1512
0clk
0rst
1_02_
0_10_
0_03_
1_11_
0_04_
1_05_
1count[0]
0count[1]
0count[2]
1count[3]
#1513
0clk
0rst
0_02_
0_10_
1_03_
1_11_
0_04_
1_05_
0count[0]
1count[1]
0count[2]
1count[3]
#1514
0clk
0rst
1_02_
0_10_
1_03_
1_11_
0_04_
1_05_
1count[0]
1count[1]
0count[2]
1count[3]
#1515
0clk
0rst
0_02_
1_10_
0_03_
1_11_
1_04_
1_05_
0count[0]
0count[1]
1count[2]
1count[3]
#1516
0clk
0rst
1_02_
0_10_
0_03_
1_11_
1_04_
1_05_
1count[0]
0count[1]
1count[2]
1count[3]
#1517
0clk
0rst
0_02_
0_10_
1_03_
1_11_
1_04_
1_05_
0count[0]
1count[1]
1count[2]
1count[3]
#1518
0clk
0rst
1_02_
0_10_
1_03_
1_11_
1_04_
1_05_
1count[0]
1count[1]
1count[2]
1count[3]
#1519
0clk
0rst
0_02_
1_10_
0_03_
0_11_
0_04_
0_05_
0count[0]
0count[1]
0count[2]
0count[3]
#1520
0clk
0rst
1_02_
0_10_
0_03_
1_11_
0_04_
0_05_
1count[0]
0count[1]
0count[2]
0count[3]
#1521
0clk
0rst
0_02_
0_10_
1_03_
1_11_
0_04_
0_05_
0count[0]
1count[1]
0count[2]
0count[3]
#1522
0clk
0rst
1_02_
0_10_
1_03_
1_11_
0_04_
0_05_
1count[0]
1count[1]
0count[2]
0count[3]
#1523
0clk
0rst
0_02_
1_10_
0_03_
1_11_
1_04_
0_05_
0count[0]
0count[1]
1count[2]
0count[3]
#1524
0clk
0rst
1_02_
0_10_
0_03_
1_11_
1_04_
0_05_
1count[0]
0count[1]
1count[2]
0count[3]
#1525
0clk
0rst
0_02_
0_10_
1_03_
1_11_
1_04_
0_05_
0count[0]
1count[1]
1count[2]
0count[3]
#1526
0clk
0rst
1_02_
0_10_
1_03_
1_11_
1_04_
0_05_
1count[0]
1count[1]
1count[2]
0count[3]
#1527
0clk
0rst
0_02_
1_10_
0_03_
0_11_
0_04_
1_05_
0count[0]
0count[1]
0count[2]
1count[3]
#1528
0clk
0rst
1_02_
0_10_
0_03_
1_11_
0_04_
1_05_
1count[0]
0count[1]
0count[2]
1count[3]
#1529
0clk
0rst
0_02_
0_10_
1_03_
1_11_
0_04_
1_05_
0count[0]
1count[1]
0count[2]
1count[3]
#1530
0clk
0rst
1_02_
0_10_
1_03_
1_11_
0_04_
1_05_
1count[0]
1count[1]
0count[2]
1count[3]
#1531
0clk
0rst
0_02_
1_10_
0_03_
1_11_
1_04_
1_05_
0count[0]
0count[1]
1count[2]
1count[3]
#1532
0clk
0rst
1_02_
0_10_
0_03_
1_11_
1_04_
1_05_
1count[0]
0count[1]
1count[2]
1count[3]
#1533
0clk
0rst
0_02_
0_10_
1_03_
1_11_
1_04_
1_05_
0count[0]
1count[1]
1count[2]
1count[3]
#1534
0clk
0rst
1_02_
0_10_
1_03_
1_11_
1_04_
1_05_
1count[0]
1count[1]
1count[2]
1count[3]
#1535
0clk
0rst
0_02_
1_10_
0_03_
0_11_
0_04_
0_05_
0count[0]
0count[1]
0count[2]
0count[3]
#1536
0clk
0rst
1_02_
0_10_
0_03_
1_11_
0_04_
0_05_
1count[0]
0count[1]
0count[2]
0count[3]
#1537
0clk
0rst
0_02_
0_10_
1_03_
1_11_
0_04_
0_05_
0count[0]
1count[1]
0count[2]
0count[3]
#1538
0clk
0rst
1_02_
0_10_
1_03_
1_11_
0_04_
0_05_
1count[0]
1count[1]
0count[2]
0count[3]
#1539
0clk
0rst
0_02_
1_10_
0_03_
1_11_
1_04_
0_05_
0count[0]
0count[1]
1count[2]
0count[3]
#1540
0clk
0rst
1_02_
0_10_
0_03_
1_11_
1_04_
0_05_
1count[0]
0count[1]
1count[2]
0count[3]
#1541
0clk
0rst
0_02_
0_10_
1_03_
1_11_
1_04_
0_05_
0count[0]
1count[1]
1count[2]
0count[3]
#1542
0clk
0rst
1_02_
0_10_
1_03_
1_11_
1_04_
0_05_
1count[0]
1count[1]
1count[2]
0count[3]
#1543
0clk
0rst
0_02_
1_10_
0_03_
0_11_
0_04_
1_05_
0count[0]
0count[1]
0count[2]
1count[3]
#1544
0clk
0rst
1_02_
0_10_
0_03_
1_11_
0_04_
1_05_
1count[0]
0count[1]
0count[2]
1count[3]
#1545
0clk
0rst
0_02_
0_10_
1_03_
1_11_
0_04_
1_05_
0count[0]
1count[1]
0count[2]
1count[3]
#1546
0clk
0rst
1_02_
0_10_
1_03_
1_11_
0_04_
1_05_
1count[0]
1count[1]
0count[2]
1count[3]
#1547
0clk
0rst
0_02_
1_10_
0_03_
1_11_
1_04_
1_05_
0count[0]
0count[1]
1count[2]
1count[3]
#1548
0clk
0rst
1_02_
0_10_
0_03_
1_11_
1_04_
1_05_
1count[0]
0count[1]
1count[2]
1count[3]
#1549
0clk
0rst
0_02_
0_10_
1_03_
1_11_
1_04_
1_05_
0count[0]
1count[1]
1count[2]
1count[3]
#1550
0clk
0rst
1_02_
0_10_
1_03_
1_11_
1_04_
1_05_
1count[0]
1count[1]
1count[2]
1count[3]
#1551
0clk
0rst
0_02_
1_10_
0_03_
0_11_
0_04_
0_05_
0count[0]
0count[1]
0count[2]
0count[3]
#1552
0clk
0rst
1_02_
0_10_
0_03_
1_11_
0_04_
0_05_
1count[0]
0count[1]
0count[2]
0count[3]
#1553
0clk
0rst
0_02_
0_10_
1_03_
1_11_
0_04_
0_05_
0count[0]
1count[1]
0count[2]
0count[3]
#1554
0clk
0rst
1_02_
0_10_
1_03_
1_11_
0_04_
0_05_
1count[0]
1count[1]
0count[2]
0count[3]
#1555
0clk
0rst
0_02_
1_10_
0_03_
1_11_
1_04_
0_05_
0count[0]
0count[1]
1count[2]
0count[3]
#1556
0clk
0rst
1_02_
0_10_
0_03_
1_11_
1_04_
0_05_
1count[0]
0count[1]
1count[2]
0count[3]
#1557
0clk
0rst
0_02_
0_10_
1_03_
1_11_
1_04_
0_05_
0count[0]
1count[1]
1count[2]
0count[3]
#1558
0clk
0rst
1_02_
0_10_
1_03_
1_11_
1_04_
0_05_
1count[0]
1count[1]
1count[2]
0count[3]
#1559
0clk
0rst
0_02_
1_10_
0_03_
0_11_
0_04_
1_05_
0count[0]
0count[1]
0count[2]
1count[3]
#1560
0clk
0rst
1_02_
0_10_
0_03_
1_11_
0_04_
1_05_
1count[0]
0count[1]
0count[2]
1count[3]
#1561
0clk
0rst
0_02_
0_10_
1_03_
1_11_
0_04_
1_05_
0count[0]
1count[1]
0count[2]
1count[3]
#1562
0clk
0rst
1_02_
0_10_
1_03_
1_11_
0_04_
1_05_
1count[0]
1count[1]
0count[2]
1count[3]
#1563
0clk
0rst
0_02_
1_10_
0_03_
1_11_
1_04_
1_05_
0count[0]
0count[1]
1count[2]
1count[3]
#1564
0clk
0rst
1_02_
0_10_
0_03_
1_11_
1_04_
1_05_
1count[0]
0count[1]
1count[2]
1count[3]
#1565
0clk
0rst
0_02_
0_10_
1_03_
1_11_
1_04_
1_05_
0count[0]
1count[1]
1count[2]
1count[3]
#1566
0clk
0rst
1_02_
0_10_
1_03_
1_11_
1_04_
1_05_
1count[0]
1count[1]
1count[2]
1count[3]
#1567
0clk
0rst
0_02_
1_10_
0_03_
0_11_
0_04_
0_05_
0count[0]
0count[1]
0count[2]
0count[3]
#1568
0clk
0rst
1_02_
0_10_
0_03_
1_11_
0_04_
0_05_
1count[0]
0count[1]
0count[2]
0count[3]
#1569
0clk
0rst
0_02_
0_10_
1_03_
1_11_
0_04_
0_05_
0count[0]
1count[1]
0count[2]
0count[3]
#1570
0clk
0rst
1_02_
0_10_
1_03_
1_11_
0_04_
0_05_
1count[0]
1count[1]
0count[2]
0count[3]
#1571
0clk
0rst
0_02_
1_10_
0_03_
1_11_
1_04_
0_05_
0count[0]
0count[1]
1count[2]
0count[3]
#1572
0clk
0rst
1_02_
0_10_
0_03_
1_11_
1_04_
0_05_
1count[0]
0count[1]
1count[2]
0count[3]
#1573
0clk
0rst
0_02_
0_10_
1_03_
1_11_
1_04_
0_05_
0count[0]
1count[1]
1count[2]
0count[3]
#1574
0clk
0rst
1_02_
0_10_
1_03_
1_11_
1_04_
0_05_
1count[0]
1count[1]
1count[2]
0count[3]
#1575
0clk
0rst
0_02_
1_10_
0_03_
0_11_
0_04_
1_05_
0count[0]
0count[1]
0count[2]
1count[3]
#1576
0clk
0rst
1_02_
0_10_
0_03_
1_11_
0_04_
1_05_
1count[0]
0count[1]
0count[2]
1count[3]
#1577
0clk
0rst
0_02_
0_10_
1_03_
1_11_
0_04_
1_05_
0count[0]
1count[1]
0count[2]
1count[3]
#1578
0clk
0rst
1_02_
0_10_
1_03_
1_11_
0_04_
1_05_
1count[0]
1count[1]
0count[2]
1count[3]
#1579
0clk
0rst
0_02_
1_10_
0_03_
1_11_
1_04_
1_05_
0count[0]
0count[1]
1count[2]
1count[3]
#1580
0clk
0rst
1_02_
0_10_
0_03_
1_11_
1_04_
1_05_
1count[0]
0count[1]
1count[2]
1count[3]
#1581
0clk
0rst
0_02_
0_10_
1_03_
1_11_
1_04_
1_05_
0count[0]
1count[1]
1count[2]
1count[3]
#1582
0clk
0rst
1_02_
0_10_
1_03_
1_11_
1_04_
1_05_
1count[0]
1count[1]
1count[2]
1count[3]
#1583
0clk
0rst
0_02_
1_10_
0_03_
0_11_
0_04_
0_05_
0count[0]
0count[1]
0count[2]
0count[3]
#1584
0clk
0rst
1_02_
0_10_
0_03_
1_11_
0_04_
0_05_
1count[0]
0count[1]
0count[2]
0count[3]
#1585
0clk
0rst
0_02_
0_10_
1_03_
1_11_
0_04_
0_05_
0count[0]
1count[1]
0count[2]
0count[3]
#1586
0clk
0rst
1_02_
0_10_
1_03_
1_11_
0_04_
0_05_
1count[0]
1count[1]
0count[2]
0count[3]
#1587
0clk
0rst
0_02_
1_10_
0_03_
1_11_
1_04_
0_05_
0count[0]
0count[1]
1count[2]
0count[3]
#1588
0clk
0rst
1_02_
0_10_
0_03_
1_11_
1_04_
0_05_
1count[0]
0count[1]
1count[2]
0count[3]
#1589
0clk
0rst
0_02_
0_10_
1_03_
1_11_
1_04_
0_05_
0count[0]
1count[1]
1count[2]
0count[3]
#1590
0clk
0rst
1_02_
0_10_
1_03_
1_11_
1_04_
0_05_
1count[0]
1count[1]
1count[2]
0count[3]
#1591
0clk
0rst
0_02_
1_10_
0_03_
0_11_
0_04_
1_05_
0count[0]
0count[1]
0count[2]
1count[3]
#1592
0clk
0rst
1_02_
0_10_
0_03_
1_11_
0_04_
1_05_
1count[0]
0count[1]
0count[2]
1count[3]
#1593
0clk
0rst
0_02_
0_10_
1_03_
1_11_
0_04_
1_05_
0count[0]
1count[1]
0count[2]
1count[3]
#1594
0clk
0rst
1_02_
0_10_
1_03_
1_11_
0_04_
1_05_
1count[0]
1count[1]
0count[2]
1count[3]
#1595
0clk
0rst
0_02_
1_10_
0_03_
1_11_
1_04_
1_05_
0count[0]
0count[1]
1count[2]
1count[3]
#1596
0clk
0rst
1_02_
0_10_
0_03_
1_11_
1_04_
1_05_
1count[0]
0count[1]
1count[2]
1count[3]
#1597
0clk
0rst
0_02_
0_10_
1_03_
1_11_
1_04_
1_05_
0count[0]
1count[1]
1count[2]
1count[3]
#1598
0clk
0rst
1_02_
0_10_
1_03_
1_11_
1_04_
1_05_
1count[0]
1count[1]
1count[2]
1count[3]
#1599
0clk
0rst
0_02_
1_10_
0_03_
0_11_
0_04_
0_05_
0count[0]
0count[1]
0count[2]
0count[3]
#1600
0clk
0rst
1_02_
0_10_
0_03_
1_11_
0_04_
0_05_
1count[0]
0count[1]
0count[2]
0count[3]
#1601
0clk
0rst
0_02_
0_10_
1_03_
1_11_
0_04_
0_05_
0count[0]
1count[1]
0count[2]
0count[3]
#1602
0clk
0rst
1_02_
0_10_
1_03_
1_11_
0_04_
0_05_
1count[0]
1count[1]
0count[2]
0count[3]
#1603
0clk
0rst
0_02_
1_10_
0_03_
1_11_
1_04_
0_05_
0count[0]
0count[1]
1count[2]
0count[3]
#1604
0clk
0rst
1_02_
0_10_
0_03_
1_11_
1_04_
0_05_
1count[0]
0count[1]
1count[2]
0count[3]
#1605
0clk
0rst
0_02_
0_10_
1_03_
1_11_
1_04_
0_05_
0count[0]
1count[1]
1count[2]
0count[3]
#1606
0clk
0rst
1_02_
0_10_
1_03_
1_11_
1_04_
0_05_
1count[0]
1count[1]
1count[2]
0count[3]
#1607
0clk
0rst
0_02_
1_10_
0_03_
0_11_
0_04_
1_05_
0count[0]
0count[1]
0count[2]
1count[3]
#1608
0clk
0rst
1_02_
0_10_
0_03_
1_11_
0_04_
1_05_
1count[0]
0count[1]
0count[2]
1count[3]
#1609
0clk
0rst
0_02_
0_10_
1_03_
1_11_
0_04_
1_05_
0count[0]
1count[1]
0count[2]
1count[3]
#1610
0clk
0rst
1_02_
0_10_
1_03_
1_11_
0_04_
1_05_
1count[0]
1count[1]
0count[2]
1count[3]
#1611
0clk
0rst
0_02_
1_10_
0_03_
1_11_
1_04_
1_05_
0count[0]
0count[1]
1count[2]
1count[3]
#1612
0clk
0rst
1_02_
0_10_
0_03_
1_11_
1_04_
1_05_
1count[0]
0count[1]
1count[2]
1count[3]
#1613
0clk
0rst
0_02_
0_10_
1_03_
1_11_
1_04_
1_05_
0count[0]
1count[1]
1count[2]
1count[3]
#1614
0clk
0rst
1_02_
0_10_
1_03_
1_11_
1_04_
1_05_
1count[0]
1count[1]
1count[2]
1count[3]
#1615
0clk
0rst
0_02_
1_10_
0_03_
0_11_
0_04_
0_05_
0count[0]
0count[1]
0count[2]
0count[3]
#1616
0clk
0rst
1_02_
0_10_
0_03_
1_11_
0_04_
0_05_
1count[0]
0count[1]
0count[2]
0count[3]
#1617
0clk
0rst
0_02_
0_10_
1_03_
1_11_
0_04_
0_05_
0count[0]
1count[1]
0count[2]
0count[3]
#1618
0clk
0rst
1_02_
0_10_
1_03_
1_11_
0_04_
0_05_
1count[0]
1count[1]
0count[2]
0count[3]
#1619
0clk
0rst
0_02_
1_10_
0_03_
1_11_
1_04_
0_05_
0count[0]
0count[1]
1count[2]
0count[3]
#1620
0clk
0rst
1_02_
0_10_
0_03_
1_11_
1_04_
0_05_
1count[0]
0count[1]
1count[2]
0count[3]
#1621
0clk
0rst
0_02_
0_10_
1_03_
1_11_
1_04_
0_05_
0count[0]
1count[1]
1count[2]
0count[3]
#1622
0clk
0rst
1_02_
0_10_
1_03_
1_11_
1_04_
0_05_
1count[0]
1count[1]
1count[2]
0count[3]
#1623
0clk
0rst
0_02_
1_10_
0_03_
0_11_
0_04_
1_05_
0count[0]
0count[1]
0count[2]
1count[3]
#1624
0clk
0rst
1_02_
0_10_
0_03_
1_11_
0_04_
1_05_
1count[0]
0count[1]
0count[2]
1count[3]
#1625
0clk
0rst
0_02_
0_10_
1_03_
1_11_
0_04_
1_05_
0count[0]
1count[1]
0count[2]
1count[3]
#1626
0clk
0rst
1_02_
0_10_
1_03_
1_11_
0_04_
1_05_
1count[0]
1count[1]
0count[2]
1count[3]
#1627
0clk
0rst
0_02_
1_10_
0_03_
1_11_
1_04_
1_05_
0count[0]
0count[1]
1count[2]
1count[3]
#1628
0clk
0rst
1_02_
0_10_
0_03_
1_11_
1_04_
1_05_
1count[0]
0count[1]
1count[2]
1count[3]
#1629
0clk
0rst
0_02_
0_10_
1_03_
1_11_
1_04_
1_05_
0count[0]
1count[1]
1count[2]
1count[3]
#1630
0clk
0rst
1_02_
0_10_
1_03_
1_11_
1_04_
1_05_
1count[0]
1count[1]
1count[2]
1count[3]
#1631
0clk
0rst
0_02_
1_10_
0_03_
0_11_
0_04_
0_05_
0count[0]
0count[1]
0count[2]
0count[3]
#1632
0clk
0rst
1_02_
0_10_
0_03_
1_11_
0_04_
0_05_
1count[0]
0count[1]
0count[2]
0count[3]
#1633
0clk
0rst
0_02_
0_10_
1_03_
1_11_
0_04_
0_05_
0count[0]
1count[1]
0count[2]
0count[3]
#1634
0clk
0rst
1_02_
0_10_
1_03_
1_11_
0_04_
0_05_
1count[0]
1count[1]
0count[2]
0count[3]
#1635
0clk
0rst
0_02_
1_10_
0_03_
1_11_
1_04_
0_05_
0count[0]
0count[1]
1count[2]
0count[3]
#1636
0clk
0rst
1_02_
0_10_
0_03_
1_11_
1_04_
0_05_
1count[0]
0count[1]
1count[2]
0count[3]
#1637
0clk
0rst
0_02_
0_10_
1_03_
1_11_
1_04_
0_05_
0count[0]
1count[1]
1count[2]
0count[3]
#1638
0clk
0rst
1_02_
0_10_
1_03_
1_11_
1_04_
0_05_
1count[0]
1count[1]
1count[2]
0count[3]
#1639
0clk
0rst
0_02_
1_10_
0_03_
0_11_
0_04_
1_05_
0count[0]
0count[1]
0count[2]
1count[3]
#1640
0clk
0rst
1_02_
0_10_
0_03_
1_11_
0_04_
1_05_
1count[0]
0count[1]
0count[2]
1count[3]
#1641
0clk
0rst
0_02_
0_10_
1_03_
1_11_
0_04_
1_05_
0count[0]
1count[1]
0count[2]
1count[3]
#1642
0clk
0rst
1_02_
0_10_
1_03_
1_11_
0_04_
1_05_
1count[0]
1count[1]
0count[2]
1count[3]
#1643
0clk
0rst
0_02_
1_10_
0_03_
1_11_
1_04_
1_05_
0count[0]
0count[1]
1count[2]
1count[3]
#1644
0clk
0rst
1_02_
0_10_
0_03_
1_11_
1_04_
1_05_
1count[0]
0count[1]
1count[2]
1count[3]
#1645
0clk
0rst
0_02_
0_10_
1_03_
1_11_
1_04_
1_05_
0count[0]
1count[1]
1count[2]
1count[3]
#1646
0clk
0rst
1_02_
0_10_
1_03_
1_11_
1_04_
1_05_
1count[0]
1count[1]
1count[2]
1count[3]
#1647
0clk
0rst
0_02_
1_10_
0_03_
0_11_
0_04_
0_05_
0count[0]
0count[1]
0count[2]
0count[3]
#1648
0clk
0rst
1_02_
0_10_
0_03_
1_11_
0_04_
0_05_
1count[0]
0count[1]
0count[2]
0count[3]
#1649
0clk
0rst
0_02_
0_10_
1_03_
1_11_
0_04_
0_05_
0count[0]
1count[1]
0count[2]
0count[3]
#1650
0clk
0rst
1_02_
0_10_
1_03_
1_11_
0_04_
0_05_
1count[0]
1count[1]
0count[2]
0count[3]
#1651
0clk
0rst
0_02_
1_10_
0_03_
1_11_
1_04_
0_05_
0count[0]
0count[1]
1count[2]
0count[3]
#1652
0clk
0rst
1_02_
0_10_
0_03_
1_11_
1_04_
0_05_
1count[0]
0count[1]
1count[2]
0count[3]
#1653
0clk
0rst
0_02_
0_10_
1_03_
1_11_
1_04_
0_05_
0count[0]
1count[1]
1count[2]
0count[3]
#1654
0clk
0rst
1_02_
0_10_
1_03_
1_11_
1_04_
0_05_
1count[0]
1count[1]
1count[2]
0count[3]
#1655
0clk
0rst
0_02_
1_10_
0_03_
0_11_
0_04_
1_05_
0count[0]
0count[1]
0count[2]
1count[3]
#1656
0clk
0rst
1_02_
0_10_
0_03_
1_11_
0_04_
1_05_
1count[0]
0count[1]
0count[2]
1count[3]
#1657
0clk
0rst
0_02_
0_10_
1_03_
1_11_
0_04_
1_05_
0count[0]
1count[1]
0count[2]
1count[3]
#1658
0clk
0rst
1_02_
0_10_
1_03_
1_11_
0_04_
1_05_
1count[0]
1count[1]
0count[2]
1count[3]
#1659
0clk
0rst
0_02_
1_10_
0_03_
1_11_
1_04_
1_05_
0count[0]
0count[1]
1count[2]
1count[3]
#1660
0clk
0rst
1_02_
0_10_
0_03_
1_11_
1_04_
1_05_
1count[0]
0count[1]
1count[2]
1count[3]
#1661
0clk
0rst
0_02_
0_10_
1_03_
1_11_
1_04_
1_05_
0count[0]
1count[1]
1count[2]
1count[3]
#1662
0clk
0rst
1_02_
0_10_
1_03_
1_11_
1_04_
1_05_
1count[0]
1count[1]
1count[2]
1count[3]
#1663
0clk
0rst
0_02_
1_10_
0_03_
0_11_
0_04_
0_05_
0count[0]
0count[1]
0count[2]
0count[3]
#1664
0clk
0rst
1_02_
0_10_
0_03_
1_11_
0_04_
0_05_
1count[0]
0count[1]
0count[2]
0count[3]
#1665
0clk
0rst
0_02_
0_10_
1_03_
1_11_
0_04_
0_05_
0count[0]
1count[1]
0count[2]
0count[3]
#1666
0clk
0rst
1_02_
0_10_
1_03_
1_11_
0_04_
0_05_
1count[0]
1count[1]
0count[2]
0count[3]
#1667
0clk
0rst
0_02_
1_10_
0_03_
1_11_
1_04_
0_05_
0count[0]
0count[1]
1count[2]
0count[3]
#1668
0clk
0rst
1_02_
0_10_
0_03_
1_11_
1_04_
0_05_
1count[0]
0count[1]
1count[2]
0count[3]
#1669
0clk
0rst
0_02_
0_10_
1_03_
1_11_
1_04_
0_05_
0count[0]
1count[1]
1count[2]
0count[3]
#1670
0clk
0rst
1_02_
0_10_
1_03_
1_11_
1_04_
0_05_
1count[0]
1count[1]
1count[2]
0count[3]
#1671
0clk
0rst
0_02_
1_10_
0_03_
0_11_
0_04_
1_05_
0count[0]
0count[1]
0count[2]
1count[3]
#1672
0clk
0rst
1_02_
0_10_
0_03_
1_11_
0_04_
1_05_
1count[0]
0count[1]
0count[2]
1count[3]
#1673
0clk
0rst
0_02_
0_10_
1_03_
1_11_
0_04_
1_05_
0count[0]
1count[1]
0count[2]
1count[3]
#1674
0clk
0rst
1_02_
0_10_
1_03_
1_11_
0_04_
1_05_
1count[0]
1count[1]
0count[2]
1count[3]
#1675
0clk
0rst
0_02_
1_10_
0_03_
1_11_
1_04_
1_05_
0count[0]
0count[1]
1count[2]
1count[3]
#1676
0clk
0rst
1_02_
0_10_
0_03_
1_11_
1_04_
1_05_
1count[0]
0count[1]
1count[2]
1count[3]
#1677
0clk
0rst
0_02_
0_10_
1_03_
1_11_
1_04_
1_05_
0count[0]
1count[1]
1count[2]
1count[3]
#1678
0clk
0rst
1_02_
0_10_
1_03_
1_11_
1_04_
1_05_
1count[0]
1count[1]
1count[2]
1count[3]
#1679
0clk
0rst
0_02_
1_10_
0_03_
0_11_
0_04_
0_05_
0count[0]
0count[1]
0count[2]
0count[3]
#1680
0clk
0rst
1_02_
0_10_
0_03_
1_11_
0_04_
0_05_
1count[0]
0count[1]
0count[2]
0count[3]
#1681
0clk
0rst
0_02_
0_10_
1_03_
1_11_
0_04_
0_05_
0count[0]
1count[1]
0count[2]
0count[3]
#1682
0clk
0rst
1_02_
0_10_
1_03_
1_11_
0_04_
0_05_
1count[0]
1count[1]
0count[2]
0count[3]
#1683
0clk
0rst
0_02_
1_10_
0_03_
1_11_
1_04_
0_05_
0count[0]
0count[1]
1count[2]
0count[3]
#1684
0clk
0rst
1_02_
0_10_
0_03_
1_11_
1_04_
0_05_
1count[0]
0count[1]
1count[2]
0count[3]
#1685
0clk
0rst
0_02_
0_10_
1_03_
1_11_
1_04_
0_05_
0count[0]
1count[1]
1count[2]
0count[3]
#1686
0clk
0rst
1_02_
0_10_
1_03_
1_11_
1_04_
0_05_
1count[0]
1count[1]
1count[2]
0count[3]
#1687
0clk
0rst
0_02_
1_10_
0_03_
0_11_
0_04_
1_05_
0count[0]
0count[1]
0count[2]
1count[3]
#1688
0clk
0rst
1_02_
0_10_
0_03_
1_11_
0_04_
1_05_
1count[0]
0count[1]
0count[2]
1count[3]
#1689
0clk
0rst
0_02_
0_10_
1_03_
1_11_
0_04_
1_05_
0count[0]
1count[1]
0count[2]
1count[3]
#1690
0clk
0rst
1_02_
0_10_
1_03_
1_11_
0_04_
1_05_
1count[0]
1count[1]
0count[2]
1count[3]
#1691
0clk
0rst
0_02_
1_10_
0_03_
1_11_
1_04_
1_05_
0count[0]
0count[1]
1count[2]
1count[3]
#1692
0clk
0rst
1_02_
0_10_
0_03_
1_11_
1_04_
1_05_
1count[0]
0count[1]
1count[2]
1count[3]
#1693
0clk
0rst
0_02_
0_10_
1_03_
1_11_
1_04_
1_05_
0count[0]
1count[1]
1count[2]
1count[3]
#1694
0clk
0rst
1_02_
0_10_
1_03_
1_11_
1_04_
1_05_
1count[0]
1count[1]
1count[2]
1count[3]
#1695
0clk
0rst
0_02_
1_10_
0_03_
0_11_
0_04_
0_05_
0count[0]
0count[1]
0count[2]
0count[3]
#1696
0clk
0rst
1_02_
0_10_
0_03_
1_11_
0_04_
0_05_
1count[0]
0count[1]
0count[2]
0count[3]
#1697
0clk
0rst
0_02_
0_10_
1_03_
1_11_
0_04_
0_05_
0count[0]
1count[1]
0count[2]
0count[3]
#1698
0clk
0rst
1_02_
0_10_
1_03_
1_11_
0_04_
0_05_
1count[0]
1count[1]
0count[2]
0count[3]
#1699
0clk
0rst
0_02_
1_10_
0_03_
1_11_
1_04_
0_05_
0count[0]
0count[1]
1count[2]
0count[3]
#1700
0clk
0rst
1_02_
0_10_
0_03_
1_11_
1_04_
0_05_
1count[0]
0count[1]
1count[2]
0count[3]
#1701
0clk
0rst
0_02_
0_10_
1_03_
1_11_
1_04_
0_05_
0count[0]
1count[1]
1count[2]
0count[3]
#1702
0clk
0rst
1_02_
0_10_
1_03_
1_11_
1_04_
0_05_
1count[0]
1count[1]
1count[2]
0count[3]
#1703
0clk
0rst
0_02_
1_10_
0_03_
0_11_
0_04_
1_05_
0count[0]
0count[1]
0count[2]
1count[3]
#1704
0clk
0rst
1_02_
0_10_
0_03_
1_11_
0_04_
1_05_
1count[0]
0count[1]
0count[2]
1count[3]
#1705
0clk
0rst
0_02_
0_10_
1_03_
1_11_
0_04_
1_05_
0count[0]
1count[1]
0count[2]
1count[3]
#1706
0clk
0rst
1_02_
0_10_
1_03_
1_11_
0_04_
1_05_
1count[0]
1count[1]
0count[2]
1count[3]
#1707
0clk
0rst
0_02_
1_10_
0_03_
1_11_
1_04_
1_05_
0count[0]
0count[1]
1count[2]
1count[3]
#1708
0clk
0rst
1_02_
0_10_
0_03_
1_11_
1_04_
1_05_
1count[0]
0count[1]
1count[2]
1count[3]
#1709
0clk
0rst
0_02_
0_10_
1_03_
1_11_
1_04_
1_05_
0count[0]
1count[1]
1count[2]
1count[3]
#1710
0clk
0rst
1_02_
0_10_
1_03_
1_11_
1_04_
1_05_
1count[0]
1count[1]
1count[2]
1count[3]
#1711
0clk
0rst
0_02_
1_10_
0_03_
0_11_
0_04_
0_05_
0count[0]
0count[1]
0count[2]
0count[3]
#1712
0clk
0rst
1_02_
0_10_
0_03_
1_11_
0_04_
0_05_
1count[0]
0count[1]
0count[2]
0count[3]
#1713
0clk
0rst
0_02_
0_10_
1_03_
1_11_
0_04_
0_05_
0count[0]
1count[1]
0count[2]
0count[3]
#1714
0clk
0rst
1_02_
0_10_
1_03_
1_11_
0_04_
0_05_
1count[0]
1count[1]
0count[2]
0count[3]
#1715
0clk
0rst
0_02_
1_10_
0_03_
1_11_
1_04_
0_05_
0count[0]
0count[1]
1count[2]
0count[3]
#1716
0clk
0rst
1_02_
0_10_
0_03_
1_11_
1_04_
0_05_
1count[0]
0count[1]
1count[2]
0count[3]
#1717
0clk
0rst
0_02_
0_10_
1_03_
1_11_
1_04_
0_05_
0count[0]
1count[1]
1count[2]
0count[3]
#1718
0clk
0rst
1_02_
0_10_
1_03_
1_11_
1_04_
0_05_
1count[0]
1count[1]
1count[2]
0count[3]
#1719
0clk
0rst
0_02_
1_10_
0_03_
0_11_
0_04_
1_05_
0count[0]
0count[1]
0count[2]
1count[3]
#1720
0clk
0rst
1_02_
0_10_
0_03_
1_11_
0_04_
1_05_
1count[0]
0count[1]
0count[2]
1count[3]
#1721
0clk
0rst
0_02_
0_10_
1_03_
1_11_
0_04_
1_05_
0count[0]
1count[1]
0count[2]
1count[3]
#1722
0clk
0rst
1_02_
0_10_
1_03_
1_11_
0_04_
1_05_
1count[0]
1count[1]
0count[2]
1count[3]
#1723
0clk
0rst
0_02_
1_10_
0_03_
1_11_
1_04_
1_05_
0count[0]
0count[1]
1count[2]
1count[3]
#1724
0clk
0rst
1_02_
0_10_
0_03_
1_11_
1_04_
1_05_
1count[0]
0count[1]
1count[2]
1count[3]
#1725
0clk
0rst
0_02_
0_10_
1_03_
1_11_
1_04_
1_05_
0count[0]
1count[1]
1count[2]
1count[3]
#1726
0clk
0rst
1_02_
0_10_
1_03_
1_11_
1_04_
1_05_
1count[0]
1count[1]
1count[2]
1count[3]
#1727
0clk
0rst
0_02_
1_10_
0_03_
0_11_
0_04_
0_05_
0count[0]
0count[1]
0count[2]
0count[3]
#1728
0clk
0rst
1_02_
0_10_
0_03_
1_11_
0_04_
0_05_
1count[0]
0count[1]
0count[2]
0count[3]
#1729
0clk
0rst
0_02_
0_10_
1_03_
1_11_
0_04_
0_05_
0count[0]
1count[1]
0count[2]
0count[3]
#1730
0clk
0rst
1_02_
0_10_
1_03_
1_11_
0_04_
0_05_
1count[0]
1count[1]
0count[2]
0count[3]
#1731
0clk
0rst
0_02_
1_10_
0_03_
1_11_
1_04_
0_05_
0count[0]
0count[1]
1count[2]
0count[3]
#1732
0clk
0rst
1_02_
0_10_
0_03_
1_11_
1_04_
0_05_
1count[0]
0count[1]
1count[2]
0count[3]
#1733
0clk
0rst
0_02_
0_10_
1_03_
1_11_
1_04_
0_05_
0count[0]
1count[1]
1count[2]
0count[3]
#1734
0clk
0rst
1_02_
0_10_
1_03_
1_11_
1_04_
0_05_
1count[0]
1count[1]
1count[2]
0count[3]
#1735
0clk
0rst
0_02_
1_10_
0_03_
0_11_
0_04_
1_05_
0count[0]
0count[1]
0count[2]
1count[3]
#1736
0clk
0rst
1_02_
0_10_
0_03_
1_11_
0_04_
1_05_
1count[0]
0count[1]
0count[2]
1count[3]
#1737
0clk
0rst
0_02_
0_10_
1_03_
1_11_
0_04_
1_05_
0count[0]
1count[1]
0count[2]
1count[3]
#1738
0clk
0rst
1_02_
0_10_
1_03_
1_11_
0_04_
1_05_
1count[0]
1count[1]
0count[2]
1count[3]
#1739
0clk
0rst
0_02_
1_10_
0_03_
1_11_
1_04_
1_05_
0count[0]
0count[1]
1count[2]
1count[3]
#1740
0clk
0rst
1_02_
0_10_
0_03_
1_11_
1_04_
1_05_
1count[0]
0count[1]
1count[2]
1count[3]
#1741
0clk
0rst
0_02_
0_10_
1_03_
1_11_
1_04_
1_05_
0count[0]
1count[1]
1count[2]
1count[3]
#1742
0clk
0rst
1_02_
0_10_
1_03_
1_11_
1_04_
1_05_
1count[0]
1count[1]
1count[2]
1count[3]
#1743
0clk
0rst
0_02_
1_10_
0_03_
0_11_
0_04_
0_05_
0count[0]
0count[1]
0count[2]
0count[3]
#1744
0clk
0rst
1_02_
0_10_
0_03_
1_11_
0_04_
0_05_
1count[0]
0count[1]
0count[2]
0count[3]
#1745
0clk
0rst
0_02_
0_10_
1_03_
1_11_
0_04_
0_05_
0count[0]
1count[1]
0count[2]
0count[3]
#1746
0clk
0rst
1_02_
0_10_
1_03_
1_11_
0_04_
0_05_
1count[0]
1count[1]
0count[2]
0count[3]
#1747
0clk
0rst
0_02_
1_10_
0_03_
1_11_
1_04_
0_05_
0count[0]
0count[1]
1count[2]
0count[3]
#1748
0clk
0rst
1_02_
0_10_
0_03_
1_11_
1_04_
0_05_
1count[0]
0count[1]
1count[2]
0count[3]
#1749
0clk
0rst
0_02_
0_10_
1_03_
1_11_
1_04_
0_05_
0count[0]
1count[1]
1count[2]
0count[3]
#1750
0clk
0rst
1_02_
0_10_
1_03_
1_11_
1_04_
0_05_
1count[0]
1count[1]
1count[2]
0count[3]
#1751
0clk
0rst
0_02_
1_10_
0_03_
0_11_
0_04_
1_05_
0count[0]
0count[1]
0count[2]
1count[3]
#1752
0clk
0rst
1_02_
0_10_
0_03_
1_11_
0_04_
1_05_
1count[0]
0count[1]
0count[2]
1count[3]
#1753
0clk
0rst
0_02_
0_10_
1_03_
1_11_
0_04_
1_05_
0count[0]
1count[1]
0count[2]
1count[3]
#1754
0clk
0rst
1_02_
0_10_
1_03_
1_11_
0_04_
1_05_
1count[0]
1count[1]
0count[2]
1count[3]
#1755
0clk
0rst
0_02_
1_10_
0_03_
1_11_
1_04_
1_05_
0count[0]
0count[1]
1count[2]
1count[3]
#1756
0clk
0rst
1_02_
0_10_
0_03_
1_11_
1_04_
1_05_
1count[0]
0count[1]
1count[2]
1count[3]
#1757
0clk
0rst
0_02_
0_10_
1_03_
1_11_
1_04_
1_05_
0count[0]
1count[1]
1count[2]
1count[3]
#1758
0clk
0rst
1_02_
0_10_
1_03_
1_11_
1_04_
1_05_
1count[0]
1count[1]
1count[2]
1count[3]
#1759
0clk
0rst
0_02_
1_10_
0_03_
0_11_
0_04_
0_05_
0count[0]
0count[1]
0count[2]
0count[3]
#1760
0clk
0rst
1_02_
0_10_
0_03_
1_11_
0_04_
0_05_
1count[0]
0count[1]
0count[2]
0count[3]
#1761
0clk
0rst
0_02_
0_10_
1_03_
1_11_
0_04_
0_05_
0count[0]
1count[1]
0count[2]
0count[3]
#1762
0clk
0rst
1_02_
0_10_
1_03_
1_11_
0_04_
0_05_
1count[0]
1count[1]
0count[2]
0count[3]
#1763
0clk
0rst
0_02_
1_10_
0_03_
1_11_
1_04_
0_05_
0count[0]
0count[1]
1count[2]
0count[3]
#1764
0clk
0rst
1_02_
0_10_
0_03_
1_11_
1_04_
0_05_
1count[0]
0count[1]
1count[2]
0count[3]
#1765
0clk
0rst
0_02_
0_10_
1_03_
1_11_
1_04_
0_05_
0count[0]
1count[1]
1count[2]
0count[3]
#1766
0clk
0rst
1_02_
0_10_
1_03_
1_11_
1_04_
0_05_
1count[0]
1count[1]
1count[2]
0count[3]
#1767
0clk
0rst
0_02_
1_10_
0_03_
0_11_
0_04_
1_05_
0count[0]
0count[1]
0count[2]
1count[3]
#1768
0clk
0rst
1_02_
0_10_
0_03_
1_11_
0_04_
1_05_
1count[0]
0count[1]
0count[2]
1count[3]
#1769
0clk
0rst
0_02_
0_10_
1_03_
1_11_
0_04_
1_05_
0count[0]
1count[1]
0count[2]
1count[3]
#1770
0clk
0rst
1_02_
0_10_
1_03_
1_11_
0_04_
1_05_
1count[0]
1count[1]
0count[2]
1count[3]
#1771
0clk
0rst
0_02_
1_10_
0_03_
1_11_
1_04_
1_05_
0count[0]
0count[1]
1count[2]
1count[3]
#1772
0clk
0rst
1_02_
0_10_
0_03_
1_11_
1_04_
1_05_
1count[0]
0count[1]
1count[2]
1count[3]
#1773
0clk
0rst
0_02_
0_10_
1_03_
1_11_
1_04_
1_05_
0count[0]
1count[1]
1count[2]
1count[3]
#1774
0clk
0rst
1_02_
0_10_
1_03_
1_11_
1_04_
1_05_
1count[0]
1count[1]
1count[2]
1count[3]
#1775
0clk
0rst
0_02_
1_10_
0_03_
0_11_
0_04_
0_05_
0count[0]
0count[1]
0count[2]
0count[3]
#1776
0clk
0rst
1_02_
0_10_
0_03_
1_11_
0_04_
0_05_
1count[0]
0count[1]
0count[2]
0count[3]
#1777
0clk
0rst
0_02_
0_10_
1_03_
1_11_
0_04_
0_05_
0count[0]
1count[1]
0count[2]
0count[3]
#1778
0clk
0rst
1_02_
0_10_
1_03_
1_11_
0_04_
0_05_
1count[0]
1count[1]
0count[2]
0count[3]
#1779
0clk
0rst
0_02_
1_10_
0_03_
1_11_
1_04_
0_05_
0count[0]
0count[1]
1count[2]
0count[3]
#1780
0clk
0rst
1_02_
0_10_
0_03_
1_11_
1_04_
0_05_
1count[0]
0count[1]
1count[2]
0count[3]
#1781
0clk
0rst
0_02_
0_10_
1_03_
1_11_
1_04_
0_05_
0count[0]
1count[1]
1count[2]
0count[3]
#1782
0clk
0rst
1_02_
0_10_
1_03_
1_11_
1_04_
0_05_
1count[0]
1count[1]
1count[2]
0count[3]
#1783
0clk
0rst
0_02_
1_10_
0_03_
0_11_
0_04_
1_05_
0count[0]
0count[1]
0count[2]
1count[3]
#1784
0clk
0rst
1_02_
0_10_
0_03_
1_11_
0_04_
1_05_
1count[0]
0count[1]
0count[2]
1count[3]
#1785
0clk
0rst
0_02_
0_10_
1_03_
1_11_
0_04_
1_05_
0count[0]
1count[1]
0count[2]
1count[3]
#1786
0clk
0rst
1_02_
0_10_
1_03_
1_11_
0_04_
1_05_
1count[0]
1count[1]
0count[2]
1count[3]
#1787
0clk
0rst
0_02_
1_10_
0_03_
1_11_
1_04_
1_05_
0count[0]
0count[1]
1count[2]
1count[3]
#1788
0clk
0rst
1_02_
0_10_
0_03_
1_11_
1_04_
1_05_
1count[0]
0count[1]
1count[2]
1count[3]
#1789
0clk
0rst
0_02_
0_10_
1_03_
1_11_
1_04_
1_05_
0count[0]
1count[1]
1count[2]
1count[3]
#1790
0clk
0rst
1_02_
0_10_
1_03_
1_11_
1_04_
1_05_
1count[0]
1count[1]
1count[2]
1count[3]
#1791
0clk
0rst
0_02_
1_10_
0_03_
0_11_
0_04_
0_05_
0count[0]
0count[1]
0count[2]
0count[3]
#1792
0clk
0rst
1_02_
0_10_
0_03_
1_11_
0_04_
0_05_
1count[0]
0count[1]
0count[2]
0count[3]
#1793
0clk
0rst
0_02_
0_10_
1_03_
1_11_
0_04_
0_05_
0count[0]
1count[1]
0count[2]
0count[3]
#1794
0clk
0rst
1_02_
0_10_
1_03_
1_11_
0_04_
0_05_
1count[0]
1count[1]
0count[2]
0count[3]
#1795
0clk
0rst
0_02_
1_10_
0_03_
1_11_
1_04_
0_05_
0count[0]
0count[1]
1count[2]
0count[3]
#1796
0clk
0rst
1_02_
0_10_
0_03_
1_11_
1_04_
0_05_
1count[0]
0count[1]
1count[2]
0count[3]
#1797
0clk
0rst
0_02_
0_10_
1_03_
1_11_
1_04_
0_05_
0count[0]
1count[1]
1count[2]
0count[3]
#1798
0clk
0rst
1_02_
0_10_
1_03_
1_11_
1_04_
0_05_
1count[0]
1count[1]
1count[2]
0count[3]
#1799
0clk
0rst
0_02_
1_10_
0_03_
0_11_
0_04_
1_05_
0count[0]
0count[1]
0count[2]
1count[3]
#1800
0clk
0rst
1_02_
0_10_
0_03_
1_11_
0_04_
1_05_
1count[0]
0count[1]
0count[2]
1count[3]
#1801
0clk
0rst
0_02_
0_10_
1_03_
1_11_
0_04_
1_05_
0count[0]
1count[1]
0count[2]
1count[3]
#1802
0clk
0rst
1_02_
0_10_
1_03_
1_11_
0_04_
1_05_
1count[0]
1count[1]
0count[2]
1count[3]
#1803
0clk
0rst
0_02_
1_10_
0_03_
1_11_
1_04_
1_05_
0count[0]
0count[1]
1count[2]
1count[3]
#1804
0clk
0rst
1_02_
0_10_
0_03_
1_11_
1_04_
1_05_
1count[0]
0count[1]
1count[2]
1count[3]
#1805
0clk
0rst
0_02_
0_10_
1_03_
1_11_
1_04_
1_05_
0count[0]
1count[1]
1count[2]
1count[3]
#1806
0clk
0rst
1_02_
0_10_
1_03_
1_11_
1_04_
1_05_
1count[0]
1count[1]
1count[2]
1count[3]
#1807
0clk
0rst
0_02_
1_10_
0_03_
0_11_
0_04_
0_05_
0count[0]
0count[1]
0count[2]
0count[3]
#1808
0clk
0rst
1_02_
0_10_
0_03_
1_11_
0_04_
0_05_
1count[0]
0count[1]
0count[2]
0count[3]
#1809
0clk
0rst
0_02_
0_10_
1_03_
1_11_
0_04_
0_05_
0count[0]
1count[1]
0count[2]
0count[3]
#1810
0clk
0rst
1_02_
0_10_
1_03_
1_11_
0_04_
0_05_
1count[0]
1count[1]
0count[2]
0count[3]
#1811
0clk
0rst
0_02_
1_10_
0_03_
1_11_
1_04_
0_05_
0count[0]
0count[1]
1count[2]
0count[3]
#1812
0clk
0rst
1_02_
0_10_
0_03_
1_11_
1_04_
0_05_
1count[0]
0count[1]
1count[2]
0count[3]
#1813
0clk
0rst
0_02_
0_10_
1_03_
1_11_
1_04_
0_05_
0count[0]
1count[1]
1count[2]
0count[3]
#1814
0clk
0rst
1_02_
0_10_
1_03_
1_11_
1_04_
0_05_
1count[0]
1count[1]
1count[2]
0count[3]
#1815
0clk
0rst
0_02_
1_10_
0_03_
0_11_
0_04_
1_05_
0count[0]
0count[1]
0count[2]
1count[3]
#1816
0clk
0rst
1_02_
0_10_
0_03_
1_11_
0_04_
1_05_
1count[0]
0count[1]
0count[2]
1count[3]
#1817
0clk
0rst
0_02_
0_10_
1_03_
1_11_
0_04_
1_05_
0count[0]
1count[1]
0count[2]
1count[3]
#1818
0clk
0rst
1_02_
0_10_
1_03_
1_11_
0_04_
1_05_
1count[0]
1count[1]
0count[2]
1count[3]
#1819
0clk
0rst
0_02_
1_10_
0_03_
1_11_
1_04_
1_05_
0count[0]
0count[1]
1count[2]
1count[3]
#1820
0clk
0rst
1_02_
0_10_
0_03_
1_11_
1_04_
1_05_
1count[0]
0count[1]
1count[2]
1count[3]
#1821
0clk
0rst
0_02_
0_10_
1_03_
1_11_
1_04_
1_05_
0count[0]
1count[1]
1count[2]
1count[3]
#1822
0clk
0rst
1_02_
0_10_
1_03_
1_11_
1_04_
1_05_
1count[0]
1count[1]
1count[2]
1count[3]
#1823
0clk
0rst
0_02_
1_10_
0_03_
0_11_
0_04_
0_05_
0count[0]
0count[1]
0count[2]
0count[3]
#1824
0clk
0rst
1_02_
0_10_
0_03_
1_11_
0_04_
0_05_
1count[0]
0count[1]
0count[2]
0count[3]
#1825
0clk
0rst
0_02_
0_10_
1_03_
1_11_
0_04_
0_05_
0count[0]
1count[1]
0count[2]
0count[3]
#1826
0clk
0rst
1_02_
0_10_
1_03_
1_11_
0_04_
0_05_
1count[0]
1count[1]
0count[2]
0count[3]
#1827
0clk
0rst
0_02_
1_10_
0_03_
1_11_
1_04_
0_05_
0count[0]
0count[1]
1count[2]
0count[3]
#1828
0clk
0rst
1_02_
0_10_
0_03_
1_11_
1_04_
0_05_
1count[0]
0count[1]
1count[2]
0count[3]
#1829
0clk
0rst
0_02_
0_10_
1_03_
1_11_
1_04_
0_05_
0count[0]
1count[1]
1count[2]
0count[3]
#1830
0clk
0rst
1_02_
0_10_
1_03_
1_11_
1_04_
0_05_
1count[0]
1count[1]
1count[2]
0count[3]
#1831
0clk
0rst
0_02_
1_10_
0_03_
0_11_
0_04_
1_05_
0count[0]
0count[1]
0count[2]
1count[3]
#1832
0clk
0rst
1_02_
0_10_
0_03_
1_11_
0_04_
1_05_
1count[0]
0count[1]
0count[2]
1count[3]
#1833
0clk
0rst
0_02_
0_10_
1_03_
1_11_
0_04_
1_05_
0count[0]
1count[1]
0count[2]
1count[3]
#1834
0clk
0rst
1_02_
0_10_
1_03_
1_11_
0_04_
1_05_
1count[0]
1count[1]
0count[2]
1count[3]
#1835
0clk
0rst
0_02_
1_10_
0_03_
1_11_
1_04_
1_05_
0count[0]
0count[1]
1count[2]
1count[3]
#1836
0clk
0rst
1_02_
0_10_
0_03_
1_11_
1_04_
1_05_
1count[0]
0count[1]
1count[2]
1count[3]
#1837
0clk
0rst
0_02_
0_10_
1_03_
1_11_
1_04_
1_05_
0count[0]
1count[1]
1count[2]
1count[3]
#1838
0clk
0rst
1_02_
0_10_
1_03_
1_11_
1_04_
1_05_
1count[0]
1count[1]
1count[2]
1count[3]
#1839
0clk
0rst
0_02_
1_10_
0_03_
0_11_
0_04_
0_05_
0count[0]
0count[1]
0count[2]
0count[3]
#1840
0clk
0rst
1_02_
0_10_
0_03_
1_11_
0_04_
0_05_
1count[0]
0count[1]
0count[2]
0count[3]
#1841
0clk
0rst
0_02_
0_10_
1_03_
1_11_
0_04_
0_05_
0count[0]
1count[1]
0count[2]
0count[3]
#1842
0clk
0rst
1_02_
0_10_
1_03_
1_11_
0_04_
0_05_
1count[0]
1count[1]
0count[2]
0count[3]
#1843
0clk
0rst
0_02_
1_10_
0_03_
1_11_
1_04_
0_05_
0count[0]
0count[1]
1count[2]
0count[3]
#1844
0clk
0rst
1_02_
0_10_
0_03_
1_11_
1_04_
0_05_
1count[0]
0count[1]
1count[2]
0count[3]
#1845
0clk
0rst
0_02_
0_10_
1_03_
1_11_
1_04_
0_05_
0count[0]
1count[1]
1count[2]
0count[3]
#1846
0clk
0rst
1_02_
0_10_
1_03_
1_11_
1_04_
0_05_
1count[0]
1count[1]
1count[2]
0count[3]
#1847
0clk
0rst
0_02_
1_10_
0_03_
0_11_
0_04_
1_05_
0count[0]
0count[1]
0count[2]
1count[3]
#1848
0clk
0rst
1_02_
0_10_
0_03_
1_11_
0_04_
1_05_
1count[0]
0count[1]
0count[2]
1count[3]
#1849
0clk
0rst
0_02_
0_10_
1_03_
1_11_
0_04_
1_05_
0count[0]
1count[1]
0count[2]
1count[3]
#1850
0clk
0rst
1_02_
0_10_
1_03_
1_11_
0_04_
1_05_
1count[0]
1count[1]
0count[2]
1count[3]
#1851
0clk
0rst
0_02_
1_10_
0_03_
1_11_
1_04_
1_05_
0count[0]
0count[1]
1count[2]
1count[3]
#1852
0clk
0rst
1_02_
0_10_
0_03_
1_11_
1_04_
1_05_
1count[0]
0count[1]
1count[2]
1count[3]
#1853
0clk
0rst
0_02_
0_10_
1_03_
1_11_
1_04_
1_05_
0count[0]
1count[1]
1count[2]
1count[3]
#1854
0clk
0rst
1_02_
0_10_
1_03_
1_11_
1_04_
1_05_
1count[0]
1count[1]
1count[2]
1count[3]
#1855
0clk
0rst
0_02_
1_10_
0_03_
0_11_
0_04_
0_05_
0count[0]
0count[1]
0count[2]
0count[3]
#1856
0clk
0rst
1_02_
0_10_
0_03_
1_11_
0_04_
0_05_
1count[0]
0count[1]
0count[2]
0count[3]
#1857
0clk
0rst
0_02_
0_10_
1_03_
1_11_
0_04_
0_05_
0count[0]
1count[1]
0count[2]
0count[3]
#1858
0clk
0rst
1_02_
0_10_
1_03_
1_11_
0_04_
0_05_
1count[0]
1count[1]
0count[2]
0count[3]
#1859
0clk
0rst
0_02_
1_10_
0_03_
1_11_
1_04_
0_05_
0count[0]
0count[1]
1count[2]
0count[3]
#1860
0clk
0rst
1_02_
0_10_
0_03_
1_11_
1_04_
0_05_
1count[0]
0count[1]
1count[2]
0count[3]
#1861
0clk
0rst
0_02_
0_10_
1_03_
1_11_
1_04_
0_05_
0count[0]
1count[1]
1count[2]
0count[3]
#1862
0clk
0rst
1_02_
0_10_
1_03_
1_11_
1_04_
0_05_
1count[0]
1count[1]
1count[2]
0count[3]
#1863
0clk
0rst
0_02_
1_10_
0_03_
0_11_
0_04_
1_05_
0count[0]
0count[1]
0count[2]
1count[3]
#1864
0clk
0rst
1_02_
0_10_
0_03_
1_11_
0_04_
1_05_
1count[0]
0count[1]
0count[2]
1count[3]
#1865
0clk
0rst
0_02_
0_10_
1_03_
1_11_
0_04_
1_05_
0count[0]
1count[1]
0count[2]
1count[3]
#1866
0clk
0rst
1_02_
0_10_
1_03_
1_11_
0_04_
1_05_
1count[0]
1count[1]
0count[2]
1count[3]
#1867
0clk
0rst
0_02_
1_10_
0_03_
1_11_
1_04_
1_05_
0count[0]
0count[1]
1count[2]
1count[3]
#1868
0clk
0rst
1_02_
0_10_
0_03_
1_11_
1_04_
1_05_
1count[0]
0count[1]
1count[2]
1count[3]
#1869
0clk
0rst
0_02_
0_10_
1_03_
1_11_
1_04_
1_05_
0count[0]
1count[1]
1count[2]
1count[3]
#1870
0clk
0rst
1_02_
0_10_
1_03_
1_11_
1_04_
1_05_
1count[0]
1count[1]
1count[2]
1count[3]
#1871
0clk
0rst
0_02_
1_10_
0_03_
0_11_
0_04_
0_05_
0count[0]
0count[1]
0count[2]
0count[3]
#1872
0clk
0rst
1_02_
0_10_
0_03_
1_11_
0_04_
0_05_
1count[0]
0count[1]
0count[2]
0count[3]
#1873
0clk
0rst
0_02_
0_10_
1_03_
1_11_
0_04_
0_05_
0count[0]
1count[1]
0count[2]
0count[3]
#1874
0clk
0rst
1_02_
0_10_
1_03_
1_11_
0_04_
0_05_
1count[0]
1count[1]
0count[2]
0count[3]
#1875
0clk
0rst
0_02_
1_10_
0_03_
1_11_
1_04_
0_05_
0count[0]
0count[1]
1count[2]
0count[3]
#1876
0clk
0rst
1_02_
0_10_
0_03_
1_11_
1_04_
0_05_
1count[0]
0count[1]
1count[2]
0count[3]
#1877
0clk
0rst
0_02_
0_10_
1_03_
1_11_
1_04_
0_05_
0count[0]
1count[1]
1count[2]
0count[3]
#1878
0clk
0rst
1_02_
0_10_
1_03_
1_11_
1_04_
0_05_
1count[0]
1count[1]
1count[2]
0count[3]
#1879
0clk
0rst
0_02_
1_10_
0_03_
0_11_
0_04_
1_05_
0count[0]
0count[1]
0count[2]
1count[3]
#1880
0clk
0rst
1_02_
0_10_
0_03_
1_11_
0_04_
1_05_
1count[0]
0count[1]
0count[2]
1count[3]
#1881
0clk
0rst
0_02_
0_10_
1_03_
1_11_
0_04_
1_05_
0count[0]
1count[1]
0count[2]
1count[3]
#1882
0clk
0rst
1_02_
0_10_
1_03_
1_11_
0_04_
1_05_
1count[0]
1count[1]
0count[2]
1count[3]
#1883
0clk
0rst
0_02_
1_10_
0_03_
1_11_
1_04_
1_05_
0count[0]
0count[1]
1count[2]
1count[3]
#1884
0clk
0rst
1_02_
0_10_
0_03_
1_11_
1_04_
1_05_
1count[0]
0count[1]
1count[2]
1count[3]
#1885
0clk
0rst
0_02_
0_10_
1_03_
1_11_
1_04_
1_05_
0count[0]
1count[1]
1count[2]
1count[3]
#1886
0clk
0rst
1_02_
0_10_
1_03_
1_11_
1_04_
1_05_
1count[0]
1count[1]
1count[2]
1count[3]
#1887
0clk
0rst
0_02_
1_10_
0_03_
0_11_
0_04_
0_05_
0count[0]
0count[1]
0count[2]
0count[3]
#1888
0clk
0rst
1_02_
0_10_
0_03_
1_11_
0_04_
0_05_
1count[0]
0count[1]
0count[2]
0count[3]
#1889
0clk
0rst
0_02_
0_10_
1_03_
1_11_
0_04_
0_05_
0count[0]
1count[1]
0count[2]
0count[3]
#1890
0clk
0rst
1_02_
0_10_
1_03_
1_11_
0_04_
0_05_
1count[0]
1count[1]
0count[2]
0count[3]
#1891
0clk
0rst
0_02_
1_10_
0_03_
1_11_
1_04_
0_05_
0count[0]
0count[1]
1count[2]
0count[3]
#1892
0clk
0rst
1_02_
0_10_
0_03_
1_11_
1_04_
0_05_
1count[0]
0count[1]
1count[2]
0count[3]
#1893
0clk
0rst
0_02_
0_10_
1_03_
1_11_
1_04_
0_05_
0count[0]
1count[1]
1count[2]
0count[3]
#1894
0clk
0rst
1_02_
0_10_
1_03_
1_11_
1_04_
0_05_
1count[0]
1count[1]
1count[2]
0count[3]
#1895
0clk
0rst
0_02_
1_10_
0_03_
0_11_
0_04_
1_05_
0count[0]
0count[1]
0count[2]
1count[3]
#1896
0clk
0rst
1_02_
0_10_
0_03_
1_11_
0_04_
1_05_
1count[0]
0count[1]
0count[2]
1count[3]
#1897
0clk
0rst
0_02_
0_10_
1_03_
1_11_
0_04_
1_05_
0count[0]
1count[1]
0count[2]
1count[3]
#1898
0clk
0rst
1_02_
0_10_
1_03_
1_11_
0_04_
1_05_
1count[0]
1count[1]
0count[2]
1count[3]
#1899
0clk
0rst
0_02_
1_10_
0_03_
1_11_
1_04_
1_05_
0count[0]
0count[1]
1count[2]
1count[3]
#1900
0clk
0rst
1_02_
0_10_
0_03_
1_11_
1_04_
1_05_
1count[0]
0count[1]
1count[2]
1count[3]
#1901
0clk
0rst
0_02_
0_10_
1_03_
1_11_
1_04_
1_05_
0count[0]
1count[1]
1count[2]
1count[3]
#1902
0clk
0rst
1_02_
0_10_
1_03_
1_11_
1_04_
1_05_
1count[0]
1count[1]
1count[2]
1count[3]
#1903
0clk
0rst
0_02_
1_10_
0_03_
0_11_
0_04_
0_05_
0count[0]
0count[1]
0count[2]
0count[3]
#1904
0clk
0rst
1_02_
0_10_
0_03_
1_11_
0_04_
0_05_
1count[0]
0count[1]
0count[2]
0count[3]
#1905
0clk
0rst
0_02_
0_10_
1_03_
1_11_
0_04_
0_05_
0count[0]
1count[1]
0count[2]
0count[3]
#1906
0clk
0rst
1_02_
0_10_
1_03_
1_11_
0_04_
0_05_
1count[0]
1count[1]
0count[2]
0count[3]
#1907
0clk
0rst
0_02_
1_10_
0_03_
1_11_
1_04_
0_05_
0count[0]
0count[1]
1count[2]
0count[3]
#1908
0clk
0rst
1_02_
0_10_
0_03_
1_11_
1_04_
0_05_
1count[0]
0count[1]
1count[2]
0count[3]
#1909
0clk
0rst
0_02_
0_10_
1_03_
1_11_
1_04_
0_05_
0count[0]
1count[1]
1count[2]
0count[3]
#1910
0clk
0rst
1_02_
0_10_
1_03_
1_11_
1_04_
0_05_
1count[0]
1count[1]
1count[2]
0count[3]
#1911
0clk
0rst
0_02_
1_10_
0_03_
0_11_
0_04_
1_05_
0count[0]
0count[1]
0count[2]
1count[3]
#1912
0clk
0rst
1_02_
0_10_
0_03_
1_11_
0_04_
1_05_
1count[0]
0count[1]
0count[2]
1count[3]
#1913
0clk
0rst
0_02_
0_10_
1_03_
1_11_
0_04_
1_05_
0count[0]
1count[1]
0count[2]
1count[3]
#1914
0clk
0rst
1_02_
0_10_
1_03_
1_11_
0_04_
1_05_
1count[0]
1count[1]
0count[2]
1count[3]
#1915
0clk
0rst
0_02_
1_10_
0_03_
1_11_
1_04_
1_05_
0count[0]
0count[1]
1count[2]
1count[3]
#1916
0clk
0rst
1_02_
0_10_
0_03_
1_11_
1_04_
1_05_
1count[0]
0count[1]
1count[2]
1count[3]
#1917
0clk
0rst
0_02_
0_10_
1_03_
1_11_
1_04_
1_05_
0count[0]
1count[1]
1count[2]
1count[3]
#1918
0clk
0rst
1_02_
0_10_
1_03_
1_11_
1_04_
1_05_
1count[0]
1count[1]
1count[2]
1count[3]
#1919
0clk
0rst
0_02_
1_10_
0_03_
0_11_
0_04_
0_05_
0count[0]
0count[1]
0count[2]
0count[3]
#1920
0clk
0rst
1_02_
0_10_
0_03_
1_11_
0_04_
0_05_
1count[0]
0count[1]
0count[2]
0count[3]
#1921
0clk
0rst
0_02_
0_10_
1_03_
1_11_
0_04_
0_05_
0count[0]
1count[1]
0count[2]
0count[3]
#1922
0clk
0rst
1_02_
0_10_
1_03_
1_11_
0_04_
0_05_
1count[0]
1count[1]
0count[2]
0count[3]
#1923
0clk
0rst
0_02_
1_10_
0_03_
1_11_
1_04_
0_05_
0count[0]
0count[1]
1count[2]
0count[3]
#1924
0clk
0rst
1_02_
0_10_
0_03_
1_11_
1_04_
0_05_
1count[0]
0count[1]
1count[2]
0count[3]
#1925
0clk
0rst
0_02_
0_10_
1_03_
1_11_
1_04_
0_05_
0count[0]
1count[1]
1count[2]
0count[3]
#1926
0clk
0rst
1_02_
0_10_
1_03_
1_11_
1_04_
0_05_
1count[0]
1count[1]
1count[2]
0count[3]
#1927
0clk
0rst
0_02_
1_10_
0_03_
0_11_
0_04_
1_05_
0count[0]
0count[1]
0count[2]
1count[3]
#1928
0clk
0rst
1_02_
0_10_
0_03_
1_11_
0_04_
1_05_
1count[0]
0count[1]
0count[2]
1count[3]
#1929
0clk
0rst
0_02_
0_10_
1_03_
1_11_
0_04_
1_05_
0count[0]
1count[1]
0count[2]
1count[3]
#1930
0clk
0rst
1_02_
0_10_
1_03_
1_11_
0_04_
1_05_
1count[0]
1count[1]
0count[2]
1count[3]
#1931
0clk
0rst
0_02_
1_10_
0_03_
1_11_
1_04_
1_05_
0count[0]
0count[1]
1count[2]
1count[3]
#1932
0clk
0rst
1_02_
0_10_
0_03_
1_11_
1_04_
1_05_
1count[0]
0count[1]
1count[2]
1count[3]
#1933
0clk
0rst
0_02_
0_10_
1_03_
1_11_
1_04_
1_05_
0count[0]
1count[1]
1count[2]
1count[3]
#1934
0clk
0rst
1_02_
0_10_
1_03_
1_11_
1_04_
1_05_
1count[0]
1count[1]
1count[2]
1count[3]
#1935
0clk
0rst
0_02_
1_10_
0_03_
0_11_
0_04_
0_05_
0count[0]
0count[1]
0count[2]
0count[3]
#1936
0clk
0rst
1_02_
0_10_
0_03_
1_11_
0_04_
0_05_
1count[0]
0count[1]
0count[2]
0count[3]
#1937
0clk
0rst
0_02_
0_10_
1_03_
1_11_
0_04_
0_05_
0count[0]
1count[1]
0count[2]
0count[3]
#1938
0clk
0rst
1_02_
0_10_
1_03_
1_11_
0_04_
0_05_
1count[0]
1count[1]
0count[2]
0count[3]
#1939
0clk
0rst
0_02_
1_10_
0_03_
1_11_
1_04_
0_05_
0count[0]
0count[1]
1count[2]
0count[3]
#1940
0clk
0rst
1_02_
0_10_
0_03_
1_11_
1_04_
0_05_
1count[0]
0count[1]
1count[2]
0count[3]
#1941
0clk
0rst
0_02_
0_10_
1_03_
1_11_
1_04_
0_05_
0count[0]
1count[1]
1count[2]
0count[3]
#1942
0clk
0rst
1_02_
0_10_
1_03_
1_11_
1_04_
0_05_
1count[0]
1count[1]
1count[2]
0count[3]
#1943
0clk
0rst
0_02_
1_10_
0_03_
0_11_
0_04_
1_05_
0count[0]
0count[1]
0count[2]
1count[3]
#1944
0clk
0rst
1_02_
0_10_
0_03_
1_11_
0_04_
1_05_
1count[0]
0count[1]
0count[2]
1count[3]
#1945
0clk
0rst
0_02_
0_10_
1_03_
1_11_
0_04_
1_05_
0count[0]
1count[1]
0count[2]
1count[3]
#1946
0clk
0rst
1_02_
0_10_
1_03_
1_11_
0_04_
1_05_
1count[0]
1count[1]
0count[2]
1count[3]
#1947
0clk
0rst
0_02_
1_10_
0_03_
1_11_
1_04_
1_05_
0count[0]
0count[1]
1count[2]
1count[3]
#1948
0clk
0rst
1_02_
0_10_
0_03_
1_11_
1_04_
1_05_
1count[0]
0count[1]
1count[2]
1count[3]
#1949
0clk
0rst
0_02_
0_10_
1_03_
1_11_
1_04_
1_05_
0count[0]
1count[1]
1count[2]
1count[3]
#1950
0clk
0rst
1_02_
0_10_
1_03_
1_11_
1_04_
1_05_
1count[0]
1count[1]
1count[2]
1count[3]
#1951
0clk
0rst
0_02_
1_10_
0_03_
0_11_
0_04_
0_05_
0count[0]
0count[1]
0count[2]
0count[3]
#1952
0clk
0rst
1_02_
0_10_
0_03_
1_11_
0_04_
0_05_
1count[0]
0count[1]
0count[2]
0count[3]
#1953
0clk
0rst
0_02_
0_10_
1_03_
1_11_
0_04_
0_05_
0count[0]
1count[1]
0count[2]
0count[3]
#1954
0clk
0rst
1_02_
0_10_
1_03_
1_11_
0_04_
0_05_
1count[0]
1count[1]
0count[2]
0count[3]
#1955
0clk
0rst
0_02_
1_10_
0_03_
1_11_
1_04_
0_05_
0count[0]
0count[1]
1count[2]
0count[3]
#1956
0clk
0rst
1_02_
0_10_
0_03_
1_11_
1_04_
0_05_
1count[0]
0count[1]
1count[2]
0count[3]
#1957
0clk
0rst
0_02_
0_10_
1_03_
1_11_
1_04_
0_05_
0count[0]
1count[1]
1count[2]
0count[3]
#1958
0clk
0rst
1_02_
0_10_
1_03_
1_11_
1_04_
0_05_
1count[0]
1count[1]
1count[2]
0count[3]
#1959
0clk
0rst
0_02_
1_10_
0_03_
0_11_
0_04_
1_05_
0count[0]
0count[1]
0count[2]
1count[3]
#1960
0clk
0rst
1_02_
0_10_
0_03_
1_11_
0_04_
1_05_
1count[0]
0count[1]
0count[2]
1count[3]
#1961
0clk
0rst
0_02_
0_10_
1_03_
1_11_
0_04_
1_05_
0count[0]
1count[1]
0count[2]
1count[3]
#1962
0clk
0rst
1_02_
0_10_
1_03_
1_11_
0_04_
1_05_
1count[0]
1count[1]
0count[2]
1count[3]
#1963
0clk
0rst
0_02_
1_10_
0_03_
1_11_
1_04_
1_05_
0count[0]
0count[1]
1count[2]
1count[3]
#1964
0clk
0rst
1_02_
0_10_
0_03_
1_11_
1_04_
1_05_
1count[0]
0count[1]
1count[2]
1count[3]
#1965
0clk
0rst
0_02_
0_10_
1_03_
1_11_
1_04_
1_05_
0count[0]
1count[1]
1count[2]
1count[3]
#1966
0clk
0rst
1_02_
0_10_
1_03_
1_11_
1_04_
1_05_
1count[0]
1count[1]
1count[2]
1count[3]
#1967
0clk
0rst
0_02_
1_10_
0_03_
0_11_
0_04_
0_05_
0count[0]
0count[1]
0count[2]
0count[3]
#1968
0clk
0rst
1_02_
0_10_
0_03_
1_11_
0_04_
0_05_
1count[0]
0count[1]
0count[2]
0count[3]
#1969
0clk
0rst
0_02_
0_10_
1_03_
1_11_
0_04_
0_05_
0count[0]
1count[1]
0count[2]
0count[3]
#1970
0clk
0rst
1_02_
0_10_
1_03_
1_11_
0_04_
0_05_
1count[0]
1count[1]
0count[2]
0count[3]
#1971
0clk
0rst
0_02_
1_10_
0_03_
1_11_
1_04_
0_05_
0count[0]
0count[1]
1count[2]
0count[3]
#1972
0clk
0rst
1_02_
0_10_
0_03_
1_11_
1_04_
0_05_
1count[0]
0count[1]
1count[2]
0count[3]
#1973
0clk
0rst
0_02_
0_10_
1_03_
1_11_
1_04_
0_05_
0count[0]
1count[1]
1count[2]
0count[3]
#1974
0clk
0rst
1_02_
0_10_
1_03_
1_11_
1_04_
0_05_
1count[0]
1count[1]
1count[2]
0count[3]
#1975
0clk
0rst
0_02_
1_10_
0_03_
0_11_
0_04_
1_05_
0count[0]
0count[1]
0count[2]
1count[3]
#1976
0clk
0rst
1_02_
0_10_
0_03_
1_11_
0_04_
1_05_
1count[0]
0count[1]
0count[2]
1count[3]
#1977
0clk
0rst
0_02_
0_10_
1_03_
1_11_
0_04_
1_05_
0count[0]
1count[1]
0count[2]
1count[3]
#1978
0clk
0rst
1_02_
0_10_
1_03_
1_11_
0_04_
1_05_
1count[0]
1count[1]
0count[2]
1count[3]
#1979
0clk
0rst
0_02_
1_10_
0_03_
1_11_
1_04_
1_05_
0count[0]
0count[1]
1count[2]
1count[3]
#1980
0clk
0rst
1_02_
0_10_
0_03_
1_11_
1_04_
1_05_
1count[0]
0count[1]
1count[2]
1count[3]
#1981
0clk
0rst
0_02_
0_10_
1_03_
1_11_
1_04_
1_05_
0count[0]
1count[1]
1count[2]
1count[3]
#1982
0clk
0rst
1_02_
0_10_
1_03_
1_11_
1_04_
1_05_
1count[0]
1count[1]
1count[2]
1count[3]
#1983
0clk
0rst
0_02_
1_10_
0_03_
0_11_
0_04_
0_05_
0count[0]
0count[1]
0count[2]
0count[3]
#1984
0clk
0rst
1_02_
0_10_
0_03_
1_11_
0_04_
0_05_
1count[0]
0count[1]
0count[2]
0count[3]
#1985
0clk
0rst
0_02_
0_10_
1_03_
1_11_
0_04_
0_05_
0count[0]
1count[1]
0count[2]
0count[3]
#1986
0clk
0rst
1_02_
0_10_
1_03_
1_11_
0_04_
0_05_
1count[0]
1count[1]
0count[2]
0count[3]
#1987
0clk
0rst
0_02_
1_10_
0_03_
1_11_
1_04_
0_05_
0count[0]
0count[1]
1count[2]
0count[3]
#1988
0clk
0rst
1_02_
0_10_
0_03_
1_11_
1_04_
0_05_
1count[0]
0count[1]
1count[2]
0count[3]
#1989
0clk
0rst
0_02_
0_10_
1_03_
1_11_
1_04_
0_05_
0count[0]
1count[1]
1count[2]
0count[3]
#1990
0clk
0rst
1_02_
0_10_
1_03_
1_11_
1_04_
0_05_
1count[0]
1count[1]
1count[2]
0count[3]
#1991
0clk
0rst
0_02_
1_10_
0_03_
0_11_
0_04_
1_05_
0count[0]
0count[1]
0count[2]
1count[3]
#1992
0clk
0rst
1_02_
0_10_
0_03_
1_11_
0_04_
1_05_
1count[0]
0count[1]
0count[2]
1count[3]
#1993
0clk
0rst
0_02_
0_10_
1_03_
1_11_
0_04_
1_05_
0count[0]
1count[1]
0count[2]
1count[3]
#1994
0clk
0rst
1_02_
0_10_
1_03_
1_11_
0_04_
1_05_
1count[0]
1count[1]
0count[2]
1count[3]
#1995
0clk
0rst
0_02_
1_10_
0_03_
1_11_
1_04_
1_05_
0count[0]
0count[1]
1count[2]
1count[3]
#1996
0clk
0rst
1_02_
0_10_
0_03_
1_11_
1_04_
1_05_
1count[0]
0count[1]
1count[2]
1count[3]
#1997
0clk
0rst
0_02_
0_10_
1_03_
1_11_
1_04_
1_05_
0count[0]
1count[1]
1count[2]
1count[3]
#1998
0clk
0rst
1_02_
0_10_
1_03_
1_11_
1_04_
1_05_
1count[0]
1count[1]
1count[2]
1count[3]
#1999
0clk
0rst
0_02_
1_10_
0_03_
0_11_
0_04_
0_05_
0count[0]
0count[1]
0count[2]
0count[3]
#2000
0clk
0rst
1_02_
0_10_
0_03_
1_11_
0_04_
0_05_
1count[0]
0count[1]
0count[2]
0count[3]
#2001
0clk
0rst
0_02_
0_10_
1_03_
1_11_
0_04_
0_05_
0count[0]
1count[1]
0count[2]
0count[3]
#2002
0clk
0rst
1_02_
0_10_
1_03_
1_11_
0_04_
0_05_
1count[0]
1count[1]
0count[2]
0count[3]
#2003
0clk
0rst
0_02_
1_10_
0_03_
1_11_
1_04_
0_05_
0count[0]
0count[1]
1count[2]
0count[3]
#2004
0clk
0rst
1_02_
0_10_
0_03_
1_11_
1_04_
0_05_
1count[0]
0count[1]
1count[2]
0count[3]
#2005
0clk
0rst
0_02_
0_10_
1_03_
1_11_
1_04_
0_05_
0count[0]
1count[1]
1count[2]
0count[3]
#2006
0clk
0rst
1_02_
0_10_
1_03_
1_11_
1_04_
0_05_
1count[0]
1count[1]
1count[2]
0count[3]
#2007
0clk
0rst
0_02_
1_10_
0_03_
0_11_
0_04_
1_05_
0count[0]
0count[1]
0count[2]
1count[3]
#2008
0clk
0rst
1_02_
0_10_
0_03_
1_11_
0_04_
1_05_
1count[0]
0count[1]
0count[2]
1count[3]
#2009
0clk
0rst
0_02_
0_10_
1_03_
1_11_
0_04_
1_05_
0count[0]
1count[1]
0count[2]
1count[3]
#2010
0clk
0rst
1_02_
0_10_
1_03_
1_11_
0_04_
1_05_
1count[0]
1count[1]
0count[2]
1count[3]
#2011
0clk
0rst
0_02_
1_10_
0_03_
1_11_
1_04_
1_05_
0count[0]
0count[1]
1count[2]
1count[3]
#2012
0clk
0rst
1_02_
0_10_
0_03_
1_11_
1_04_
1_05_
1count[0]
0count[1]
1count[2]
1count[3]
#2013
0clk
0rst
0_02_
0_10_
1_03_
1_11_
1_04_
1_05_
0count[0]
1count[1]
1count[2]
1count[3]
#2014
0clk
0rst
1_02_
0_10_
1_03_
1_11_
1_04_
1_05_
1count[0]
1count[1]
1count[2]
1count[3]
#2015
0clk
0rst
0_02_
1_10_
0_03_
0_11_
0_04_
0_05_
0count[0]
0count[1]
0count[2]
0count[3]
#2016
0clk
0rst
1_02_
0_10_
0_03_
1_11_
0_04_
0_05_
1count[0]
0count[1]
0count[2]
0count[3]
#2017
0clk
0rst
0_02_
0_10_
1_03_
1_11_
0_04_
0_05_
0count[0]
1count[1]
0count[2]
0count[3]
#2018
0clk
0rst
1_02_
0_10_
1_03_
1_11_
0_04_
0_05_
1count[0]
1count[1]
0count[2]
0count[3]
#2019
0clk
0rst
0_02_
1_10_
0_03_
1_11_
1_04_
0_05_
0count[0]
0count[1]
1count[2]
0count[3]
#2020
0clk
0rst
1_02_
0_10_
0_03_
1_11_
1_04_
0_05_
1count[0]
0count[1]
1count[2]
0count[3]
#2021
0clk
0rst
0_02_
0_10_
1_03_
1_11_
1_04_
0_05_
0count[0]
1count[1]
1count[2]
0count[3]
#2022
0clk
0rst
1_02_
0_10_
1_03_
1_11_
1_04_
0_05_
1count[0]
1count[1]
1count[2]
0count[3]
#2023
0clk
0rst
0_02_
1_10_
0_03_
0_11_
0_04_
1_05_
0count[0]
0count[1]
0count[2]
1count[3]
#2024
0clk
0rst
1_02_
0_10_
0_03_
1_11_
0_04_
1_05_
1count[0]
0count[1]
0count[2]
1count[3]
#2025
0clk
0rst
0_02_
0_10_
1_03_
1_11_
0_04_
1_05_
0count[0]
1count[1]
0count[2]
1count[3]
#2026
0clk
0rst
1_02_
0_10_
1_03_
1_11_
0_04_
1_05_
1count[0]
1count[1]
0count[2]
1count[3]
#2027
0clk
0rst
0_02_
1_10_
0_03_
1_11_
1_04_
1_05_
0count[0]
0count[1]
1count[2]
1count[3]
#2028
0clk
0rst
1_02_
0_10_
0_03_
1_11_
1_04_
1_05_
1count[0]
0count[1]
1count[2]
1count[3]
#2029
0clk
0rst
0_02_
0_10_
1_03_
1_11_
1_04_
1_05_
0count[0]
1count[1]
1count[2]
1count[3]
#2030
0clk
0rst
1_02_
0_10_
1_03_
1_11_
1_04_
1_05_
1count[0]
1count[1]
1count[2]
1count[3]
#2031
0clk
0rst
0_02_
1_10_
0_03_
0_11_
0_04_
0_05_
0count[0]
0count[1]
0count[2]
0count[3]
#2032
0clk
0rst
1_02_
0_10_
0_03_
1_11_
0_04_
0_05_
1count[0]
0count[1]
0count[2]
0count[3]
#2033
0clk
0rst
0_02_
0_10_
1_03_
1_11_
0_04_
0_05_
0count[0]
1count[1]
0count[2]
0count[3]
#2034
0clk
0rst
1_02_
0_10_
1_03_
1_11_
0_04_
0_05_
1count[0]
1count[1]
0count[2]
0count[3]
#2035
0clk
0rst
0_02_
1_10_
0_03_
1_11_
1_04_
0_05_
0count[0]
0count[1]
1count[2]
0count[3]
#2036
0clk
0rst
1_02_
0_10_
0_03_
1_11_
1_04_
0_05_
1count[0]
0count[1]
1count[2]
0count[3]
#2037
0clk
0rst
0_02_
0_10_
1_03_
1_11_
1_04_
0_05_
0count[0]
1count[1]
1count[2]
0count[3]
#2038
0clk
0rst
1_02_
0_10_
1_03_
1_11_
1_04_
0_05_
1count[0]
1count[1]
1count[2]
0count[3]
#2039
0clk
0rst
0_02_
1_10_
0_03_
0_11_
0_04_
1_05_
0count[0]
0count[1]
0count[2]
1count[3]
#2040
0clk
0rst
1_02_
0_10_
0_03_
1_11_
0_04_
1_05_
1count[0]
0count[1]
0count[2]
1count[3]
#2041
0clk
0rst
0_02_
0_10_
1_03_
1_11_
0_04_
1_05_
0count[0]
1count[1]
0count[2]
1count[3]
#2042
0clk
0rst
1_02_
0_10_
1_03_
1_11_
0_04_
1_05_
1count[0]
1count[1]
0count[2]
1count[3]
#2043
0clk
0rst
0_02_
1_10_
0_03_
1_11_
1_04_
1_05_
0count[0]
0count[1]
1count[2]
1count[3]
#2044
0clk
0rst
1_02_
0_10_
0_03_
1_11_
1_04_
1_05_
1count[0]
0count[1]
1count[2]
1count[3]
#2045
0clk
0rst
0_02_
0_10_
1_03_
1_11_
1_04_
1_05_
0count[0]
1count[1]
1count[2]
1count[3]
#2046
0clk
0rst
1_02_
0_10_
1_03_
1_11_
1_04_
1_05_
1count[0]
1count[1]
1count[2]
1count[3]
#2047
0clk
0rst
0_02_
1_10_
0_03_
0_11_
0_04_
0_05_
0count[0]
0count[1]
0count[2]
0count[3]
#2048
0clk
0rst
1_02_
0_10_
0_03_
1_11_
0_04_
0_05_
1count[0]
0count[1]
0count[2]
0count[3]
#2049
0clk
0rst
0_02_
0_10_
1_03_
1_11_
0_04_
0_05_
0count[0]
1count[1]
0count[2]
0count[3]
#2050
0clk
0rst
1_02_
0_10_
1_03_
1_11_
0_04_
0_05_
1count[0]
1count[1]
0count[2]
0count[3]
#2051
0clk
0rst
0_02_
1_10_
0_03_
1_11_
1_04_
0_05_
0count[0]
0count[1]
1count[2]
0count[3]
#2052
0clk
0rst
1_02_
0_10_
0_03_
1_11_
1_04_
0_05_
1count[0]
0count[1]
1count[2]
0count[3]
#2053
0clk
0rst
0_02_
0_10_
1_03_
1_11_
1_04_
0_05_
0count[0]
1count[1]
1count[2]
0count[3]
#2054
0clk
0rst
1_02_
0_10_
1_03_
1_11_
1_04_
0_05_
1count[0]
1count[1]
1count[2]
0count[3]
#2055
0clk
0rst
0_02_
1_10_
0_03_
0_11_
0_04_
1_05_
0count[0]
0count[1]
0count[2]
1count[3]
#2056
0clk
0rst
1_02_
0_10_
0_03_
1_11_
0_04_
1_05_
1count[0]
0count[1]
0count[2]
1count[3]
#2057
0clk
0rst
0_02_
0_10_
1_03_
1_11_
0_04_
1_05_
0count[0]
1count[1]
0count[2]
1count[3]
#2058
0clk
0rst
1_02_
0_10_
1_03_
1_11_
0_04_
1_05_
1count[0]
1count[1]
0count[2]
1count[3]
#2059
0clk
0rst
0_02_
1_10_
0_03_
1_11_
1_04_
1_05_
0count[0]
0count[1]
1count[2]
1count[3]
#2060
0clk
0rst
1_02_
0_10_
0_03_
1_11_
1_04_
1_05_
1count[0]
0count[1]
1count[2]
1count[3]
#2061
0clk
0rst
0_02_
0_10_
1_03_
1_11_
1_04_
1_05_
0count[0]
1count[1]
1count[2]
1count[3]
#2062
0clk
0rst
1_02_
0_10_
1_03_
1_11_
1_04_
1_05_
1count[0]
1count[1]
1count[2]
1count[3]
#2063
0clk
0rst
0_02_
1_10_
0_03_
0_11_
0_04_
0_05_
0count[0]
0count[1]
0count[2]
0count[3]
#2064
0clk
0rst
1_02_
0_10_
0_03_
1_11_
0_04_
0_05_
1count[0]
0count[1]
0count[2]
0count[3]
#2065
0clk
0rst
0_02_
0_10_
1_03_
1_11_
0_04_
0_05_
0count[0]
1count[1]
0count[2]
0count[3]
#2066
0clk
0rst
1_02_
0_10_
1_03_
1_11_
0_04_
0_05_
1count[0]
1count[1]
0count[2]
0count[3]
#2067
0clk
0rst
0_02_
1_10_
0_03_
1_11_
1_04_
0_05_
0count[0]
0count[1]
1count[2]
0count[3]
#2068
0clk
0rst
1_02_
0_10_
0_03_
1_11_
1_04_
0_05_
1count[0]
0count[1]
1count[2]
0count[3]
#2069
0clk
0rst
0_02_
0_10_
1_03_
1_11_
1_04_
0_05_
0count[0]
1count[1]
1count[2]
0count[3]
#2070
0clk
0rst
1_02_
0_10_
1_03_
1_11_
1_04_
0_05_
1count[0]
1count[1]
1count[2]
0count[3]
#2071
0clk
0rst
0_02_
1_10_
0_03_
0_11_
0_04_
1_05_
0count[0]
0count[1]
0count[2]
1count[3]
#2072
0clk
0rst
1_02_
0_10_
0_03_
1_11_
0_04_
1_05_
1count[0]
0count[1]
0count[2]
1count[3]
#2073
0clk
0rst
0_02_
0_10_
1_03_
1_11_
0_04_
1_05_
0count[0]
1count[1]
0count[2]
1count[3]
#2074
0clk
0rst
1_02_
0_10_
1_03_
1_11_
0_04_
1_05_
1count[0]
1count[1]
0count[2]
1count[3]
#2075
0clk
0rst
0_02_
1_10_
0_03_
1_11_
1_04_
1_05_
0count[0]
0count[1]
1count[2]
1count[3]
#2076
0clk
0rst
1_02_
0_10_
0_03_
1_11_
1_04_
1_05_
1count[0]
0count[1]
1count[2]
1count[3]
#2077
0clk
0rst
0_02_
0_10_
1_03_
1_11_
1_04_
1_05_
0count[0]
1count[1]
1count[2]
1count[3]
#2078
0clk
0rst
1_02_
0_10_
1_03_
1_11_
1_04_
1_05_
1count[0]
1count[1]
1count[2]
1count[3]
#2079
0clk
0rst
0_02_
1_10_
0_03_
0_11_
0_04_
0_05_
0count[0]
0count[1]
0count[2]
0count[3]
#2080
0clk
0rst
1_02_
0_10_
0_03_
1_11_
0_04_
0_05_
1count[0]
0count[1]
0count[2]
0count[3]
#2081
0clk
0rst
0_02_
0_10_
1_03_
1_11_
0_04_
0_05_
0count[0]
1count[1]
0count[2]
0count[3]
#2082
0clk
0rst
1_02_
0_10_
1_03_
1_11_
0_04_
0_05_
1count[0]
1count[1]
0count[2]
0count[3]
#2083
0clk
0rst
0_02_
1_10_
0_03_
1_11_
1_04_
0_05_
0count[0]
0count[1]
1count[2]
0count[3]
#2084
0clk
0rst
1_02_
0_10_
0_03_
1_11_
1_04_
0_05_
1count[0]
0count[1]
1count[2]
0count[3]
#2085
0clk
0rst
0_02_
0_10_
1_03_
1_11_
1_04_
0_05_
0count[0]
1count[1]
1count[2]
0count[3]
#2086
0clk
0rst
1_02_
0_10_
1_03_
1_11_
1_04_
0_05_
1count[0]
1count[1]
1count[2]
0count[3]
#2087
0clk
0rst
0_02_
1_10_
0_03_
0_11_
0_04_
1_05_
0count[0]
0count[1]
0count[2]
1count[3]
#2088
0clk
0rst
1_02_
0_10_
0_03_
1_11_
0_04_
1_05_
1count[0]
0count[1]
0count[2]
1count[3]
#2089
0clk
0rst
0_02_
0_10_
1_03_
1_11_
0_04_
1_05_
0count[0]
1count[1]
0count[2]
1count[3]
#2090
0clk
0rst
1_02_
0_10_
1_03_
1_11_
0_04_
1_05_
1count[0]
1count[1]
0count[2]
1count[3]
#2091
0clk
0rst
0_02_
1_10_
0_03_
1_11_
1_04_
1_05_
0count[0]
0count[1]
1count[2]
1count[3]
#2092
0clk
0rst
1_02_
0_10_
0_03_
1_11_
1_04_
1_05_
1count[0]
0count[1]
1count[2]
1count[3]
#2093
0clk
0rst
0_02_
0_10_
1_03_
1_11_
1_04_
1_05_
0count[0]
1count[1]
1count[2]
1count[3]
#2094
0clk
0rst
1_02_
0_10_
1_03_
1_11_
1_04_
1_05_
1count[0]
1count[1]
1count[2]
1count[3]
#2095
0clk
0rst
0_02_
1_10_
0_03_
0_11_
0_04_
0_05_
0count[0]
0count[1]
0count[2]
0count[3]
#2096
0clk
0rst
1_02_
0_10_
0_03_
1_11_
0_04_
0_05_
1count[0]
0count[1]
0count[2]
0count[3]
#2097
0clk
0rst
0_02_
0_10_
1_03_
1_11_
0_04_
0_05_
0count[0]
1count[1]
0count[2]
0count[3]
#2098
0clk
0rst
1_02_
0_10_
1_03_
1_11_
0_04_
0_05_
1count[0]
1count[1]
0count[2]
0count[3]
#2099
0clk
0rst
0_02_
1_10_
0_03_
1_11_
1_04_
0_05_
0count[0]
0count[1]
1count[2]
0count[3]
#2100
0clk
0rst
1_02_
0_10_
0_03_
1_11_
1_04_
0_05_
1count[0]
0count[1]
1count[2]
0count[3]
#2101
0clk
0rst
0_02_
0_10_
1_03_
1_11_
1_04_
0_05_
0count[0]
1count[1]
1count[2]
0count[3]
#2102
0clk
0rst
1_02_
0_10_
1_03_
1_11_
1_04_
0_05_
1count[0]
1count[1]
1count[2]
0count[3]
#2103
0clk
0rst
0_02_
1_10_
0_03_
0_11_
0_04_
1_05_
0count[0]
0count[1]
0count[2]
1count[3]
#2104
0clk
0rst
1_02_
0_10_
0_03_
1_11_
0_04_
1_05_
1count[0]
0count[1]
0count[2]
1count[3]
#2105
0clk
0rst
0_02_
0_10_
1_03_
1_11_
0_04_
1_05_
0count[0]
1count[1]
0count[2]
1count[3]
#2106
0clk
0rst
1_02_
0_10_
1_03_
1_11_
0_04_
1_05_
1count[0]
1count[1]
0count[2]
1count[3]
#2107
0clk
0rst
0_02_
1_10_
0_03_
1_11_
1_04_
1_05_
0count[0]
0count[1]
1count[2]
1count[3]
#2108
0clk
0rst
1_02_
0_10_
0_03_
1_11_
1_04_
1_05_
1count[0]
0count[1]
1count[2]
1count[3]
#2109
0clk
0rst
0_02_
0_10_
1_03_
1_11_
1_04_
1_05_
0count[0]
1count[1]
1count[2]
1count[3]
#2110
0clk
0rst
1_02_
0_10_
1_03_
1_11_
1_04_
1_05_
1count[0]
1count[1]
1count[2]
1count[3]
#2111
0clk
0rst
0_02_
1_10_
0_03_
0_11_
0_04_
0_05_
0count[0]
0count[1]
0count[2]
0count[3]
#2112
0clk
0rst
1_02_
0_10_
0_03_
1_11_
0_04_
0_05_
1count[0]
0count[1]
0count[2]
0count[3]
#2113
0clk
0rst
0_02_
0_10_
1_03_
1_11_
0_04_
0_05_
0count[0]
1count[1]
0count[2]
0count[3]
#2114
0clk
0rst
1_02_
0_10_
1_03_
1_11_
0_04_
0_05_
1count[0]
1count[1]
0count[2]
0count[3]
#2115
0clk
0rst
0_02_
1_10_
0_03_
1_11_
1_04_
0_05_
0count[0]
0count[1]
1count[2]
0count[3]
#2116
0clk
0rst
1_02_
0_10_
0_03_
1_11_
1_04_
0_05_
1count[0]
0count[1]
1count[2]
0count[3]
#2117
0clk
0rst
0_02_
0_10_
1_03_
1_11_
1_04_
0_05_
0count[0]
1count[1]
1count[2]
0count[3]
#2118
0clk
0rst
1_02_
0_10_
1_03_
1_11_
1_04_
0_05_
1count[0]
1count[1]
1count[2]
0count[3]
#2119
0clk
0rst
0_02_
1_10_
0_03_
0_11_
0_04_
1_05_
0count[0]
0count[1]
0count[2]
1count[3]
#2120
0clk
0rst
1_02_
0_10_
0_03_
1_11_
0_04_
1_05_
1count[0]
0count[1]
0count[2]
1count[3]
#2121
0clk
0rst
0_02_
0_10_
1_03_
1_11_
0_04_
1_05_
0count[0]
1count[1]
0count[2]
1count[3]
#2122
0clk
0rst
1_02_
0_10_
1_03_
1_11_
0_04_
1_05_
1count[0]
1count[1]
0count[2]
1count[3]
#2123
0clk
0rst
0_02_
1_10_
0_03_
1_11_
1_04_
1_05_
0count[0]
0count[1]
1count[2]
1count[3]
#2124
0clk
0rst
1_02_
0_10_
0_03_
1_11_
1_04_
1_05_
1count[0]
0count[1]
1count[2]
1count[3]
#2125
0clk
0rst
0_02_
0_10_
1_03_
1_11_
1_04_
1_05_
0count[0]
1count[1]
1count[2]
1count[3]
#2126
0clk
0rst
1_02_
0_10_
1_03_
1_11_
1_04_
1_05_
1count[0]
1count[1]
1count[2]
1count[3]
#2127
0clk
0rst
0_02_
1_10_
0_03_
0_11_
0_04_
0_05_
0count[0]
0count[1]
0count[2]
0count[3]
#2128
0clk
0rst
1_02_
0_10_
0_03_
1_11_
0_04_
0_05_
1count[0]
0count[1]
0count[2]
0count[3]
#2129
0clk
0rst
0_02_
0_10_
1_03_
1_11_
0_04_
0_05_
0count[0]
1count[1]
0count[2]
0count[3]
#2130
0clk
0rst
1_02_
0_10_
1_03_
1_11_
0_04_
0_05_
1count[0]
1count[1]
0count[2]
0count[3]
#2131
0clk
0rst
0_02_
1_10_
0_03_
1_11_
1_04_
0_05_
0count[0]
0count[1]
1count[2]
0count[3]
#2132
0clk
0rst
1_02_
0_10_
0_03_
1_11_
1_04_
0_05_
1count[0]
0count[1]
1count[2]
0count[3]
#2133
0clk
0rst
0_02_
0_10_
1_03_
1_11_
1_04_
0_05_
0count[0]
1count[1]
1count[2]
0count[3]
#2134
0clk
0rst
1_02_
0_10_
1_03_
1_11_
1_04_
0_05_
1count[0]
1count[1]
1count[2]
0count[3]
#2135
0clk
0rst
0_02_
1_10_
0_03_
0_11_
0_04_
1_05_
0count[0]
0count[1]
0count[2]
1count[3]
#2136
0clk
0rst
1_02_
0_10_
0_03_
1_11_
0_04_
1_05_
1count[0]
0count[1]
0count[2]
1count[3]
#2137
0clk
0rst
0_02_
0_10_
1_03_
1_11_
0_04_
1_05_
0count[0]
1count[1]
0count[2]
1count[3]
#2138
0clk
0rst
1_02_
0_10_
1_03_
1_11_
0_04_
1_05_
1count[0]
1count[1]
0count[2]
1count[3]
#2139
0clk
0rst
0_02_
1_10_
0_03_
1_11_
1_04_
1_05_
0count[0]
0count[1]
1count[2]
1count[3]
#2140
0clk
0rst
1_02_
0_10_
0_03_
1_11_
1_04_
1_05_
1count[0]
0count[1]
1count[2]
1count[3]
#2141
0clk
0rst
0_02_
0_10_
1_03_
1_11_
1_04_
1_05_
0count[0]
1count[1]
1count[2]
1count[3]
#2142
0clk
0rst
1_02_
0_10_
1_03_
1_11_
1_04_
1_05_
1count[0]
1count[1]
1count[2]
1count[3]
#2143
0clk
0rst
0_02_
1_10_
0_03_
0_11_
0_04_
0_05_
0count[0]
0count[1]
0count[2]
0count[3]
#2144
0clk
0rst
1_02_
0_10_
0_03_
1_11_
0_04_
0_05_
1count[0]
0count[1]
0count[2]
0count[3]
#2145
0clk
0rst
0_02_
0_10_
1_03_
1_11_
0_04_
0_05_
0count[0]
1count[1]
0count[2]
0count[3]
#2146
0clk
0rst
1_02_
0_10_
1_03_
1_11_
0_04_
0_05_
1count[0]
1count[1]
0count[2]
0count[3]
#2147
0clk
0rst
0_02_
1_10_
0_03_
1_11_
1_04_
0_05_
0count[0]
0count[1]
1count[2]
0count[3]
#2148
0clk
0rst
1_02_
0_10_
0_03_
1_11_
1_04_
0_05_
1count[0]
0count[1]
1count[2]
0count[3]
#2149
0clk
0rst
0_02_
0_10_
1_03_
1_11_
1_04_
0_05_
0count[0]
1count[1]
1count[2]
0count[3]
#2150
0clk
0rst
1_02_
0_10_
1_03_
1_11_
1_04_
0_05_
1count[0]
1count[1]
1count[2]
0count[3]
#2151
0clk
0rst
0_02_
1_10_
0_03_
0_11_
0_04_
1_05_
0count[0]
0count[1]
0count[2]
1count[3]
#2152
0clk
0rst
1_02_
0_10_
0_03_
1_11_
0_04_
1_05_
1count[0]
0count[1]
0count[2]
1count[3]
#2153
0clk
0rst
0_02_
0_10_
1_03_
1_11_
0_04_
1_05_
0count[0]
1count[1]
0count[2]
1count[3]
#2154
0clk
0rst
1_02_
0_10_
1_03_
1_11_
0_04_
1_05_
1count[0]
1count[1]
0count[2]
1count[3]
#2155
0clk
0rst
0_02_
1_10_
0_03_
1_11_
1_04_
1_05_
0count[0]
0count[1]
1count[2]
1count[3]
#2156
0clk
0rst
1_02_
0_10_
0_03_
1_11_
1_04_
1_05_
1count[0]
0count[1]
1count[2]
1count[3]
#2157
0clk
0rst
0_02_
0_10_
1_03_
1_11_
1_04_
1_05_
0count[0]
1count[1]
1count[2]
1count[3]
#2158
0clk
0rst
1_02_
0_10_
1_03_
1_11_
1_04_
1_05_
1count[0]
1count[1]
1count[2]
1count[3]
#2159
0clk
0rst
0_02_
1_10_
0_03_
0_11_
0_04_
0_05_
0count[0]
0count[1]
0count[2]
0count[3]
#2160
0clk
0rst
1_02_
0_10_
0_03_
1_11_
0_04_
0_05_
1count[0]
0count[1]
0count[2]
0count[3]
#2161
0clk
0rst
0_02_
0_10_
1_03_
1_11_
0_04_
0_05_
0count[0]
1count[1]
0count[2]
0count[3]
#2162
0clk
0rst
1_02_
0_10_
1_03_
1_11_
0_04_
0_05_
1count[0]
1count[1]
0count[2]
0count[3]
#2163
0clk
0rst
0_02_
1_10_
0_03_
1_11_
1_04_
0_05_
0count[0]
0count[1]
1count[2]
0count[3]
#2164
0clk
0rst
1_02_
0_10_
0_03_
1_11_
1_04_
0_05_
1count[0]
0count[1]
1count[2]
0count[3]
#2165
0clk
0rst
0_02_
0_10_
1_03_
1_11_
1_04_
0_05_
0count[0]
1count[1]
1count[2]
0count[3]
#2166
0clk
0rst
1_02_
0_10_
1_03_
1_11_
1_04_
0_05_
1count[0]
1count[1]
1count[2]
0count[3]
#2167
0clk
0rst
0_02_
1_10_
0_03_
0_11_
0_04_
1_05_
0count[0]
0count[1]
0count[2]
1count[3]
#2168
0clk
0rst
1_02_
0_10_
0_03_
1_11_
0_04_
1_05_
1count[0]
0count[1]
0count[2]
1count[3]
#2169
0clk
0rst
0_02_
0_10_
1_03_
1_11_
0_04_
1_05_
0count[0]
1count[1]
0count[2]
1count[3]
#2170
0clk
0rst
1_02_
0_10_
1_03_
1_11_
0_04_
1_05_
1count[0]
1count[1]
0count[2]
1count[3]
#2171
0clk
0rst
0_02_
1_10_
0_03_
1_11_
1_04_
1_05_
0count[0]
0count[1]
1count[2]
1count[3]
#2172
0clk
0rst
1_02_
0_10_
0_03_
1_11_
1_04_
1_05_
1count[0]
0count[1]
1count[2]
1count[3]
#2173
0clk
0rst
0_02_
0_10_
1_03_
1_11_
1_04_
1_05_
0count[0]
1count[1]
1count[2]
1count[3]
#2174
0clk
0rst
1_02_
0_10_
1_03_
1_11_
1_04_
1_05_
1count[0]
1count[1]
1count[2]
1count[3]
#2175
0clk
0rst
0_02_
1_10_
0_03_
0_11_
0_04_
0_05_
0count[0]
0count[1]
0count[2]
0count[3]
#2176
0clk
0rst
1_02_
0_10_
0_03_
1_11_
0_04_
0_05_
1count[0]
0count[1]
0count[2]
0count[3]
#2177
0clk
0rst
0_02_
0_10_
1_03_
1_11_
0_04_
0_05_
0count[0]
1count[1]
0count[2]
0count[3]
#2178
0clk
0rst
1_02_
0_10_
1_03_
1_11_
0_04_
0_05_
1count[0]
1count[1]
0count[2]
0count[3]
#2179
0clk
0rst
0_02_
1_10_
0_03_
1_11_
1_04_
0_05_
0count[0]
0count[1]
1count[2]
0count[3]
#2180
0clk
0rst
1_02_
0_10_
0_03_
1_11_
1_04_
0_05_
1count[0]
0count[1]
1count[2]
0count[3]
#2181
0clk
0rst
0_02_
0_10_
1_03_
1_11_
1_04_
0_05_
0count[0]
1count[1]
1count[2]
0count[3]
#2182
0clk
0rst
1_02_
0_10_
1_03_
1_11_
1_04_
0_05_
1count[0]
1count[1]
1count[2]
0count[3]
#2183
0clk
0rst
0_02_
1_10_
0_03_
0_11_
0_04_
1_05_
0count[0]
0count[1]
0count[2]
1count[3]
#2184
0clk
0rst
1_02_
0_10_
0_03_
1_11_
0_04_
1_05_
1count[0]
0count[1]
0count[2]
1count[3]
#2185
0clk
0rst
0_02_
0_10_
1_03_
1_11_
0_04_
1_05_
0count[0]
1count[1]
0count[2]
1count[3]
#2186
0clk
0rst
1_02_
0_10_
1_03_
1_11_
0_04_
1_05_
1count[0]
1count[1]
0count[2]
1count[3]
#2187
0clk
0rst
0_02_
1_10_
0_03_
1_11_
1_04_
1_05_
0count[0]
0count[1]
1count[2]
1count[3]
#2188
0clk
0rst
1_02_
0_10_
0_03_
1_11_
1_04_
1_05_
1count[0]
0count[1]
1count[2]
1count[3]
#2189
0clk
0rst
0_02_
0_10_
1_03_
1_11_
1_04_
1_05_
0count[0]
1count[1]
1count[2]
1count[3]
#2190
0clk
0rst
1_02_
0_10_
1_03_
1_11_
1_04_
1_05_
1count[0]
1count[1]
1count[2]
1count[3]
#2191
0clk
0rst
0_02_
1_10_
0_03_
0_11_
0_04_
0_05_
0count[0]
0count[1]
0count[2]
0count[3]
#2192
0clk
0rst
1_02_
0_10_
0_03_
1_11_
0_04_
0_05_
1count[0]
0count[1]
0count[2]
0count[3]
#2193
0clk
0rst
0_02_
0_10_
1_03_
1_11_
0_04_
0_05_
0count[0]
1count[1]
0count[2]
0count[3]
#2194
0clk
0rst
1_02_
0_10_
1_03_
1_11_
0_04_
0_05_
1count[0]
1count[1]
0count[2]
0count[3]
#2195
0clk
0rst
0_02_
1_10_
0_03_
1_11_
1_04_
0_05_
0count[0]
0count[1]
1count[2]
0count[3]
#2196
0clk
0rst
1_02_
0_10_
0_03_
1_11_
1_04_
0_05_
1count[0]
0count[1]
1count[2]
0count[3]
#2197
0clk
0rst
0_02_
0_10_
1_03_
1_11_
1_04_
0_05_
0count[0]
1count[1]
1count[2]
0count[3]
#2198
0clk
0rst
1_02_
0_10_
1_03_
1_11_
1_04_
0_05_
1count[0]
1count[1]
1count[2]
0count[3]
#2199
0clk
0rst
0_02_
1_10_
0_03_
0_11_
0_04_
1_05_
0count[0]
0count[1]
0count[2]
1count[3]
#2200
0clk
0rst
1_02_
0_10_
0_03_
1_11_
0_04_
1_05_
1count[0]
0count[1]
0count[2]
1count[3]
#2201
0clk
0rst
0_02_
0_10_
1_03_
1_11_
0_04_
1_05_
0count[0]
1count[1]
0count[2]
1count[3]
#2202
0clk
0rst
1_02_
0_10_
1_03_
1_11_
0_04_
1_05_
1count[0]
1count[1]
0count[2]
1count[3]
#2203
0clk
0rst
0_02_
1_10_
0_03_
1_11_
1_04_
1_05_
0count[0]
0count[1]
1count[2]
1count[3]
#2204
0clk
0rst
1_02_
0_10_
0_03_
1_11_
1_04_
1_05_
1count[0]
0count[1]
1count[2]
1count[3]
#2205
0clk
0rst
0_02_
0_10_
1_03_
1_11_
1_04_
1_05_
0count[0]
1count[1]
1count[2]
1count[3]
#2206
0clk
0rst
1_02_
0_10_
1_03_
1_11_
1_04_
1_05_
1count[0]
1count[1]
1count[2]
1count[3]
#2207
0clk
0rst
0_02_
1_10_
0_03_
0_11_
0_04_
0_05_
0count[0]
0count[1]
0count[2]
0count[3]
#2208
0clk
0rst
1_02_
0_10_
0_03_
1_11_
0_04_
0_05_
1count[0]
0count[1]
0count[2]
0count[3]
#2209
0clk
0rst
0_02_
0_10_
1_03_
1_11_
0_04_
0_05_
0count[0]
1count[1]
0count[2]
0count[3]
#2210
0clk
0rst
1_02_
0_10_
1_03_
1_11_
0_04_
0_05_
1count[0]
1count[1]
0count[2]
0count[3]
#2211
0clk
0rst
0_02_
1_10_
0_03_
1_11_
1_04_
0_05_
0count[0]
0count[1]
1count[2]
0count[3]
#2212
0clk
0rst
1_02_
0_10_
0_03_
1_11_
1_04_
0_05_
1count[0]
0count[1]
1count[2]
0count[3]
#2213
0clk
0rst
0_02_
0_10_
1_03_
1_11_
1_04_
0_05_
0count[0]
1count[1]
1count[2]
0count[3]
#2214
0clk
0rst
1_02_
0_10_
1_03_
1_11_
1_04_
0_05_
1count[0]
1count[1]
1count[2]
0count[3]
#2215
0clk
0rst
0_02_
1_10_
0_03_
0_11_
0_04_
1_05_
0count[0]
0count[1]
0count[2]
1count[3]
#2216
0clk
0rst
1_02_
0_10_
0_03_
1_11_
0_04_
1_05_
1count[0]
0count[1]
0count[2]
1count[3]
#2217
0clk
0rst
0_02_
0_10_
1_03_
1_11_
0_04_
1_05_
0count[0]
1count[1]
0count[2]
1count[3]
#2218
0clk
0rst
1_02_
0_10_
1_03_
1_11_
0_04_
1_05_
1count[0]
1count[1]
0count[2]
1count[3]
#2219
0clk
0rst
0_02_
1_10_
0_03_
1_11_
1_04_
1_05_
0count[0]
0count[1]
1count[2]
1count[3]
#2220
0clk
0rst
1_02_
0_10_
0_03_
1_11_
1_04_
1_05_
1count[0]
0count[1]
1count[2]
1count[3]
#2221
0clk
0rst
0_02_
0_10_
1_03_
1_11_
1_04_
1_05_
0count[0]
1count[1]
1count[2]
1count[3]
#2222
0clk
0rst
1_02_
0_10_
1_03_
1_11_
1_04_
1_05_
1count[0]
1count[1]
1count[2]
1count[3]
#2223
0clk
0rst
0_02_
1_10_
0_03_
0_11_
0_04_
0_05_
0count[0]
0count[1]
0count[2]
0count[3]
#2224
0clk
0rst
1_02_
0_10_
0_03_
1_11_
0_04_
0_05_
1count[0]
0count[1]
0count[2]
0count[3]
#2225
0clk
0rst
0_02_
0_10_
1_03_
1_11_
0_04_
0_05_
0count[0]
1count[1]
0count[2]
0count[3]
#2226
0clk
0rst
1_02_
0_10_
1_03_
1_11_
0_04_
0_05_
1count[0]
1count[1]
0count[2]
0count[3]
#2227
0clk
0rst
0_02_
1_10_
0_03_
1_11_
1_04_
0_05_
0count[0]
0count[1]
1count[2]
0count[3]
#2228
0clk
0rst
1_02_
0_10_
0_03_
1_11_
1_04_
0_05_
1count[0]
0count[1]
1count[2]
0count[3]
#2229
0clk
0rst
0_02_
0_10_
1_03_
1_11_
1_04_
0_05_
0count[0]
1count[1]
1count[2]
0count[3]
#2230
0clk
0rst
1_02_
0_10_
1_03_
1_11_
1_04_
0_05_
1count[0]
1count[1]
1count[2]
0count[3]
#2231
0clk
0rst
0_02_
1_10_
0_03_
0_11_
0_04_
1_05_
0count[0]
0count[1]
0count[2]
1count[3]
#2232
0clk
0rst
1_02_
0_10_
0_03_
1_11_
0_04_
1_05_
1count[0]
0count[1]
0count[2]
1count[3]
#2233
0clk
0rst
0_02_
0_10_
1_03_
1_11_
0_04_
1_05_
0count[0]
1count[1]
0count[2]
1count[3]
#2234
0clk
0rst
1_02_
0_10_
1_03_
1_11_
0_04_
1_05_
1count[0]
1count[1]
0count[2]
1count[3]
#2235
0clk
0rst
0_02_
1_10_
0_03_
1_11_
1_04_
1_05_
0count[0]
0count[1]
1count[2]
1count[3]
#2236
0clk
0rst
1_02_
0_10_
0_03_
1_11_
1_04_
1_05_
1count[0]
0count[1]
1count[2]
1count[3]
#2237
0clk
0rst
0_02_
0_10_
1_03_
1_11_
1_04_
1_05_
0count[0]
1count[1]
1count[2]
1count[3]
#2238
0clk
0rst
1_02_
0_10_
1_03_
1_11_
1_04_
1_05_
1count[0]
1count[1]
1count[2]
1count[3]
#2239
0clk
0rst
0_02_
1_10_
0_03_
0_11_
0_04_
0_05_
0count[0]
0count[1]
0count[2]
0count[3]
#2240
0clk
0rst
1_02_
0_10_
0_03_
1_11_
0_04_
0_05_
1count[0]
0count[1]
0count[2]
0count[3]
#2241
0clk
0rst
0_02_
0_10_
1_03_
1_11_
0_04_
0_05_
0count[0]
1count[1]
0count[2]
0count[3]
#2242
0clk
0rst
1_02_
0_10_
1_03_
1_11_
0_04_
0_05_
1count[0]
1count[1]
0count[2]
0count[3]
#2243
0clk
0rst
0_02_
1_10_
0_03_
1_11_
1_04_
0_05_
0count[0]
0count[1]
1count[2]
0count[3]
#2244
0clk
0rst
1_02_
0_10_
0_03_
1_11_
1_04_
0_05_
1count[0]
0count[1]
1count[2]
0count[3]
#2245
0clk
0rst
0_02_
0_10_
1_03_
1_11_
1_04_
0_05_
0count[0]
1count[1]
1count[2]
0count[3]
#2246
0clk
0rst
1_02_
0_10_
1_03_
1_11_
1_04_
0_05_
1count[0]
1count[1]
1count[2]
0count[3]
#2247
0clk
0rst
0_02_
1_10_
0_03_
0_11_
0_04_
1_05_
0count[0]
0count[1]
0count[2]
1count[3]
#2248
0clk
0rst
1_02_
0_10_
0_03_
1_11_
0_04_
1_05_
1count[0]
0count[1]
0count[2]
1count[3]
#2249
0clk
0rst
0_02_
0_10_
1_03_
1_11_
0_04_
1_05_
0count[0]
1count[1]
0count[2]
1count[3]
#2250
0clk
0rst
1_02_
0_10_
1_03_
1_11_
0_04_
1_05_
1count[0]
1count[1]
0count[2]
1count[3]
#2251
0clk
0rst
0_02_
1_10_
0_03_
1_11_
1_04_
1_05_
0count[0]
0count[1]
1count[2]
1count[3]
#2252
0clk
0rst
1_02_
0_10_
0_03_
1_11_
1_04_
1_05_
1count[0]
0count[1]
1count[2]
1count[3]
#2253
0clk
0rst
0_02_
0_10_
1_03_
1_11_
1_04_
1_05_
0count[0]
1count[1]
1count[2]
1count[3]
#2254
0clk
0rst
1_02_
0_10_
1_03_
1_11_
1_04_
1_05_
1count[0]
1count[1]
1count[2]
1count[3]
#2255
0clk
0rst
0_02_
1_10_
0_03_
0_11_
0_04_
0_05_
0count[0]
0count[1]
0count[2]
0count[3]
#2256
0clk
0rst
1_02_
0_10_
0_03_
1_11_
0_04_
0_05_
1count[0]
0count[1]
0count[2]
0count[3]
#2257
0clk
0rst
0_02_
0_10_
1_03_
1_11_
0_04_
0_05_
0count[0]
1count[1]
0count[2]
0count[3]
#2258
0clk
0rst
1_02_
0_10_
1_03_
1_11_
0_04_
0_05_
1count[0]
1count[1]
0count[2]
0count[3]
#2259
0clk
0rst
0_02_
1_10_
0_03_
1_11_
1_04_
0_05_
0count[0]
0count[1]
1count[2]
0count[3]
#2260
0clk
0rst
1_02_
0_10_
0_03_
1_11_
1_04_
0_05_
1count[0]
0count[1]
1count[2]
0count[3]
#2261
0clk
0rst
0_02_
0_10_
1_03_
1_11_
1_04_
0_05_
0count[0]
1count[1]
1count[2]
0count[3]
#2262
0clk
0rst
1_02_
0_10_
1_03_
1_11_
1_04_
0_05_
1count[0]
1count[1]
1count[2]
0count[3]
#2263
0clk
0rst
0_02_
1_10_
0_03_
0_11_
0_04_
1_05_
0count[0]
0count[1]
0count[2]
1count[3]
#2264
0clk
0rst
1_02_
0_10_
0_03_
1_11_
0_04_
1_05_
1count[0]
0count[1]
0count[2]
1count[3]
#2265
0clk
0rst
0_02_
0_10_
1_03_
1_11_
0_04_
1_05_
0count[0]
1count[1]
0count[2]
1count[3]
#2266
0clk
0rst
1_02_
0_10_
1_03_
1_11_
0_04_
1_05_
1count[0]
1count[1]
0count[2]
1count[3]
#2267
0clk
0rst
0_02_
1_10_
0_03_
1_11_
1_04_
1_05_
0count[0]
0count[1]
1count[2]
1count[3]
#2268
0clk
0rst
1_02_
0_10_
0_03_
1_11_
1_04_
1_05_
1count[0]
0count[1]
1count[2]
1count[3]
#2269
0clk
0rst
0_02_
0_10_
1_03_
1_11_
1_04_
1_05_
0count[0]
1count[1]
1count[2]
1count[3]
#2270
0clk
0rst
1_02_
0_10_
1_03_
1_11_
1_04_
1_05_
1count[0]
1count[1]
1count[2]
1count[3]
#2271
0clk
0rst
0_02_
1_10_
0_03_
0_11_
0_04_
0_05_
0count[0]
0count[1]
0count[2]
0count[3]
#2272
0clk
0rst
1_02_
0_10_
0_03_
1_11_
0_04_
0_05_
1count[0]
0count[1]
0count[2]
0count[3]
#2273
0clk
0rst
0_02_
0_10_
1_03_
1_11_
0_04_
0_05_
0count[0]
1count[1]
0count[2]
0count[3]
#2274
0clk
0rst
1_02_
0_10_
1_03_
1_11_
0_04_
0_05_
1count[0]
1count[1]
0count[2]
0count[3]
#2275
0clk
0rst
0_02_
1_10_
0_03_
1_11_
1_04_
0_05_
0count[0]
0count[1]
1count[2]
0count[3]
#2276
0clk
0rst
1_02_
0_10_
0_03_
1_11_
1_04_
0_05_
1count[0]
0count[1]
1count[2]
0count[3]
#2277
0clk
0rst
0_02_
0_10_
1_03_
1_11_
1_04_
0_05_
0count[0]
1count[1]
1count[2]
0count[3]
#2278
0clk
0rst
1_02_
0_10_
1_03_
1_11_
1_04_
0_05_
1count[0]
1count[1]
1count[2]
0count[3]
#2279
0clk
0rst
0_02_
1_10_
0_03_
0_11_
0_04_
1_05_
0count[0]
0count[1]
0count[2]
1count[3]
#2280
0clk
0rst
1_02_
0_10_
0_03_
1_11_
0_04_
1_05_
1count[0]
0count[1]
0count[2]
1count[3]
#2281
0clk
0rst
0_02_
0_10_
1_03_
1_11_
0_04_
1_05_
0count[0]
1count[1]
0count[2]
1count[3]
#2282
0clk
0rst
1_02_
0_10_
1_03_
1_11_
0_04_
1_05_
1count[0]
1count[1]
0count[2]
1count[3]
#2283
0clk
0rst
0_02_
1_10_
0_03_
1_11_
1_04_
1_05_
0count[0]
0count[1]
1count[2]
1count[3]
#2284
0clk
0rst
1_02_
0_10_
0_03_
1_11_
1_04_
1_05_
1count[0]
0count[1]
1count[2]
1count[3]
#2285
0clk
0rst
0_02_
0_10_
1_03_
1_11_
1_04_
1_05_
0count[0]
1count[1]
1count[2]
1count[3]
#2286
0clk
0rst
1_02_
0_10_
1_03_
1_11_
1_04_
1_05_
1count[0]
1count[1]
1count[2]
1count[3]
#2287
0clk
0rst
0_02_
1_10_
0_03_
0_11_
0_04_
0_05_
0count[0]
0count[1]
0count[2]
0count[3]
#2288
0clk
0rst
1_02_
0_10_
0_03_
1_11_
0_04_
0_05_
1count[0]
0count[1]
0count[2]
0count[3]
#2289
0clk
0rst
0_02_
0_10_
1_03_
1_11_
0_04_
0_05_
0count[0]
1count[1]
0count[2]
0count[3]
#2290
0clk
0rst
1_02_
0_10_
1_03_
1_11_
0_04_
0_05_
1count[0]
1count[1]
0count[2]
0count[3]
#2291
0clk
0rst
0_02_
1_10_
0_03_
1_11_
1_04_
0_05_
0count[0]
0count[1]
1count[2]
0count[3]
#2292
0clk
0rst
1_02_
0_10_
0_03_
1_11_
1_04_
0_05_
1count[0]
0count[1]
1count[2]
0count[3]
#2293
0clk
0rst
0_02_
0_10_
1_03_
1_11_
1_04_
0_05_
0count[0]
1count[1]
1count[2]
0count[3]
#2294
0clk
0rst
1_02_
0_10_
1_03_
1_11_
1_04_
0_05_
1count[0]
1count[1]
1count[2]
0count[3]
#2295
0clk
0rst
0_02_
1_10_
0_03_
0_11_
0_04_
1_05_
0count[0]
0count[1]
0count[2]
1count[3]
#2296
0clk
0rst
1_02_
0_10_
0_03_
1_11_
0_04_
1_05_
1count[0]
0count[1]
0count[2]
1count[3]
#2297
0clk
0rst
0_02_
0_10_
1_03_
1_11_
0_04_
1_05_
0count[0]
1count[1]
0count[2]
1count[3]
#2298
0clk
0rst
1_02_
0_10_
1_03_
1_11_
0_04_
1_05_
1count[0]
1count[1]
0count[2]
1count[3]
#2299
0clk
0rst
0_02_
1_10_
0_03_
1_11_
1_04_
1_05_
0count[0]
0count[1]
1count[2]
1count[3]
#2300
0clk
0rst
1_02_
0_10_
0_03_
1_11_
1_04_
1_05_
1count[0]
0count[1]
1count[2]
1count[3]
#2301
0clk
0rst
0_02_
0_10_
1_03_
1_11_
1_04_
1_05_
0count[0]
1count[1]
1count[2]
1count[3]
#2302
0clk
0rst
1_02_
0_10_
1_03_
1_11_
1_04_
1_05_
1count[0]
1count[1]
1count[2]
1count[3]
#2303
0clk
0rst
0_02_
1_10_
0_03_
0_11_
0_04_
0_05_
0count[0]
0count[1]
0count[2]
0count[3]
#2304
0clk
0rst
1_02_
0_10_
0_03_
1_11_
0_04_
0_05_
1count[0]
0count[1]
0count[2]
0count[3]
#2305
0clk
0rst
0_02_
0_10_
1_03_
1_11_
0_04_
0_05_
0count[0]
1count[1]
0count[2]
0count[3]
#2306
0clk
0rst
1_02_
0_10_
1_03_
1_11_
0_04_
0_05_
1count[0]
1count[1]
0count[2]
0count[3]
#2307
0clk
0rst
0_02_
1_10_
0_03_
1_11_
1_04_
0_05_
0count[0]
0count[1]
1count[2]
0count[3]
#2308
0clk
0rst
1_02_
0_10_
0_03_
1_11_
1_04_
0_05_
1count[0]
0count[1]
1count[2]
0count[3]
#2309
0clk
0rst
0_02_
0_10_
1_03_
1_11_
1_04_
0_05_
0count[0]
1count[1]
1count[2]
0count[3]
#2310
0clk
0rst
1_02_
0_10_
1_03_
1_11_
1_04_
0_05_
1count[0]
1count[1]
1count[2]
0count[3]
#2311
0clk
0rst
0_02_
1_10_
0_03_
0_11_
0_04_
1_05_
0count[0]
0count[1]
0count[2]
1count[3]
#2312
0clk
0rst
1_02_
0_10_
0_03_
1_11_
0_04_
1_05_
1count[0]
0count[1]
0count[2]
1count[3]
#2313
0clk
0rst
0_02_
0_10_
1_03_
1_11_
0_04_
1_05_
0count[0]
1count[1]
0count[2]
1count[3]
#2314
0clk
0rst
1_02_
0_10_
1_03_
1_11_
0_04_
1_05_
1count[0]
1count[1]
0count[2]
1count[3]
#2315
0clk
0rst
0_02_
1_10_
0_03_
1_11_
1_04_
1_05_
0count[0]
0count[1]
1count[2]
1count[3]
#2316
0clk
0rst
1_02_
0_10_
0_03_
1_11_
1_04_
1_05_
1count[0]
0count[1]
1count[2]
1count[3]
#2317
0clk
0rst
0_02_
0_10_
1_03_
1_11_
1_04_
1_05_
0count[0]
1count[1]
1count[2]
1count[3]
#2318
0clk
0rst
1_02_
0_10_
1_03_
1_11_
1_04_
1_05_
1count[0]
1count[1]
1count[2]
1count[3]
#2319
0clk
0rst
0_02_
1_10_
0_03_
0_11_
0_04_
0_05_
0count[0]
0count[1]
0count[2]
0count[3]
#2320
0clk
0rst
1_02_
0_10_
0_03_
1_11_
0_04_
0_05_
1count[0]
0count[1]
0count[2]
0count[3]
#2321
0clk
0rst
0_02_
0_10_
1_03_
1_11_
0_04_
0_05_
0count[0]
1count[1]
0count[2]
0count[3]
#2322
0clk
0rst
1_02_
0_10_
1_03_
1_11_
0_04_
0_05_
1count[0]
1count[1]
0count[2]
0count[3]
#2323
0clk
0rst
0_02_
1_10_
0_03_
1_11_
1_04_
0_05_
0count[0]
0count[1]
1count[2]
0count[3]
#2324
0clk
0rst
1_02_
0_10_
0_03_
1_11_
1_04_
0_05_
1count[0]
0count[1]
1count[2]
0count[3]
#2325
0clk
0rst
0_02_
0_10_
1_03_
1_11_
1_04_
0_05_
0count[0]
1count[1]
1count[2]
0count[3]
#2326
0clk
0rst
1_02_
0_10_
1_03_
1_11_
1_04_
0_05_
1count[0]
1count[1]
1count[2]
0count[3]
#2327
0clk
0rst
0_02_
1_10_
0_03_
0_11_
0_04_
1_05_
0count[0]
0count[1]
0count[2]
1count[3]
#2328
0clk
0rst
1_02_
0_10_
0_03_
1_11_
0_04_
1_05_
1count[0]
0count[1]
0count[2]
1count[3]
#2329
0clk
0rst
0_02_
0_10_
1_03_
1_11_
0_04_
1_05_
0count[0]
1count[1]
0count[2]
1count[3]
#2330
0clk
0rst
1_02_
0_10_
1_03_
1_11_
0_04_
1_05_
1count[0]
1count[1]
0count[2]
1count[3]
#2331
0clk
0rst
0_02_
1_10_
0_03_
1_11_
1_04_
1_05_
0count[0]
0count[1]
1count[2]
1count[3]
#2332
0clk
0rst
1_02_
0_10_
0_03_
1_11_
1_04_
1_05_
1count[0]
0count[1]
1count[2]
1count[3]
#2333
0clk
0rst
0_02_
0_10_
1_03_
1_11_
1_04_
1_05_
0count[0]
1count[1]
1count[2]
1count[3]
#2334
0clk
0rst
1_02_
0_10_
1_03_
1_11_
1_04_
1_05_
1count[0]
1count[1]
1count[2]
1count[3]
#2335
0clk
0rst
0_02_
1_10_
0_03_
0_11_
0_04_
0_05_
0count[0]
0count[1]
0count[2]
0count[3]
#2336
0clk
0rst
1_02_
0_10_
0_03_
1_11_
0_04_
0_05_
1count[0]
0count[1]
0count[2]
0count[3]
#2337
0clk
0rst
0_02_
0_10_
1_03_
1_11_
0_04_
0_05_
0count[0]
1count[1]
0count[2]
0count[3]
#2338
0clk
0rst
1_02_
0_10_
1_03_
1_11_
0_04_
0_05_
1count[0]
1count[1]
0count[2]
0count[3]
#2339
0clk
0rst
0_02_
1_10_
0_03_
1_11_
1_04_
0_05_
0count[0]
0count[1]
1count[2]
0count[3]
#2340
0clk
0rst
1_02_
0_10_
0_03_
1_11_
1_04_
0_05_
1count[0]
0count[1]
1count[2]
0count[3]
#2341
0clk
0rst
0_02_
0_10_
1_03_
1_11_
1_04_
0_05_
0count[0]
1count[1]
1count[2]
0count[3]
#2342
0clk
0rst
1_02_
0_10_
1_03_
1_11_
1_04_
0_05_
1count[0]
1count[1]
1count[2]
0count[3]
#2343
0clk
0rst
0_02_
1_10_
0_03_
0_11_
0_04_
1_05_
0count[0]
0count[1]
0count[2]
1count[3]
#2344
0clk
0rst
1_02_
0_10_
0_03_
1_11_
0_04_
1_05_
1count[0]
0count[1]
0count[2]
1count[3]
#2345
0clk
0rst
0_02_
0_10_
1_03_
1_11_
0_04_
1_05_
0count[0]
1count[1]
0count[2]
1count[3]
#2346
0clk
0rst
1_02_
0_10_
1_03_
1_11_
0_04_
1_05_
1count[0]
1count[1]
0count[2]
1count[3]
#2347
0clk
0rst
0_02_
1_10_
0_03_
1_11_
1_04_
1_05_
0count[0]
0count[1]
1count[2]
1count[3]
#2348
0clk
0rst
1_02_
0_10_
0_03_
1_11_
1_04_
1_05_
1count[0]
0count[1]
1count[2]
1count[3]
#2349
0clk
0rst
0_02_
0_10_
1_03_
1_11_
1_04_
1_05_
0count[0]
1count[1]
1count[2]
1count[3]
#2350
0clk
0rst
1_02_
0_10_
1_03_
1_11_
1_04_
1_05_
1count[0]
1count[1]
1count[2]
1count[3]
#2351
0clk
0rst
0_02_
1_10_
0_03_
0_11_
0_04_
0_05_
0count[0]
0count[1]
0count[2]
0count[3]
#2352
0clk
0rst
1_02_
0_10_
0_03_
1_11_
0_04_
0_05_
1count[0]
0count[1]
0count[2]
0count[3]
#2353
0clk
0rst
0_02_
0_10_
1_03_
1_11_
0_04_
0_05_
0count[0]
1count[1]
0count[2]
0count[3]
#2354
0clk
0rst
1_02_
0_10_
1_03_
1_11_
0_04_
0_05_
1count[0]
1count[1]
0count[2]
0count[3]
#2355
0clk
0rst
0_02_
1_10_
0_03_
1_11_
1_04_
0_05_
0count[0]
0count[1]
1count[2]
0count[3]
#2356
0clk
0rst
1_02_
0_10_
0_03_
1_11_
1_04_
0_05_
1count[0]
0count[1]
1count[2]
0count[3]
#2357
0clk
0rst
0_02_
0_10_
1_03_
1_11_
1_04_
0_05_
0count[0]
1count[1]
1count[2]
0count[3]
#2358
0clk
0rst
1_02_
0_10_
1_03_
1_11_
1_04_
0_05_
1count[0]
1count[1]
1count[2]
0count[3]
#2359
0clk
0rst
0_02_
1_10_
0_03_
0_11_
0_04_
1_05_
0count[0]
0count[1]
0count[2]
1count[3]
#2360
0clk
0rst
1_02_
0_10_
0_03_
1_11_
0_04_
1_05_
1count[0]
0count[1]
0count[2]
1count[3]
#2361
0clk
0rst
0_02_
0_10_
1_03_
1_11_
0_04_
1_05_
0count[0]
1count[1]
0count[2]
1count[3]
#2362
0clk
0rst
1_02_
0_10_
1_03_
1_11_
0_04_
1_05_
1count[0]
1count[1]
0count[2]
1count[3]
#2363
0clk
0rst
0_02_
1_10_
0_03_
1_11_
1_04_
1_05_
0count[0]
0count[1]
1count[2]
1count[3]
#2364
0clk
0rst
1_02_
0_10_
0_03_
1_11_
1_04_
1_05_
1count[0]
0count[1]
1count[2]
1count[3]
#2365
0clk
0rst
0_02_
0_10_
1_03_
1_11_
1_04_
1_05_
0count[0]
1count[1]
1count[2]
1count[3]
#2366
0clk
0rst
1_02_
0_10_
1_03_
1_11_
1_04_
1_05_
1count[0]
1count[1]
1count[2]
1count[3]
#2367
0clk
0rst
0_02_
1_10_
0_03_
0_11_
0_04_
0_05_
0count[0]
0count[1]
0count[2]
0count[3]
#2368
0clk
0rst
1_02_
0_10_
0_03_
1_11_
0_04_
0_05_
1count[0]
0count[1]
0count[2]
0count[3]
#2369
0clk
0rst
0_02_
0_10_
1_03_
1_11_
0_04_
0_05_
0count[0]
1count[1]
0count[2]
0count[3]
#2370
0clk
0rst
1_02_
0_10_
1_03_
1_11_
0_04_
0_05_
1count[0]
1count[1]
0count[2]
0count[3]
#2371
0clk
0rst
0_02_
1_10_
0_03_
1_11_
1_04_
0_05_
0count[0]
0count[1]
1count[2]
0count[3]
#2372
0clk
0rst
1_02_
0_10_
0_03_
1_11_
1_04_
0_05_
1count[0]
0count[1]
1count[2]
0count[3]
#2373
0clk
0rst
0_02_
0_10_
1_03_
1_11_
1_04_
0_05_
0count[0]
1count[1]
1count[2]
0count[3]
#2374
0clk
0rst
1_02_
0_10_
1_03_
1_11_
1_04_
0_05_
1count[0]
1count[1]
1count[2]
0count[3]
#2375
0clk
0rst
0_02_
1_10_
0_03_
0_11_
0_04_
1_05_
0count[0]
0count[1]
0count[2]
1count[3]
#2376
0clk
0rst
1_02_
0_10_
0_03_
1_11_
0_04_
1_05_
1count[0]
0count[1]
0count[2]
1count[3]
#2377
0clk
0rst
0_02_
0_10_
1_03_
1_11_
0_04_
1_05_
0count[0]
1count[1]
0count[2]
1count[3]
#2378
0clk
0rst
1_02_
0_10_
1_03_
1_11_
0_04_
1_05_
1count[0]
1count[1]
0count[2]
1count[3]
#2379
0clk
0rst
0_02_
1_10_
0_03_
1_11_
1_04_
1_05_
0count[0]
0count[1]
1count[2]
1count[3]
#2380
0clk
0rst
1_02_
0_10_
0_03_
1_11_
1_04_
1_05_
1count[0]
0count[1]
1count[2]
1count[3]
#2381
0clk
0rst
0_02_
0_10_
1_03_
1_11_
1_04_
1_05_
0count[0]
1count[1]
1count[2]
1count[3]
#2382
0clk
0rst
1_02_
0_10_
1_03_
1_11_
1_04_
1_05_
1count[0]
1count[1]
1count[2]
1count[3]
#2383
0clk
0rst
0_02_
1_10_
0_03_
0_11_
0_04_
0_05_
0count[0]
0count[1]
0count[2]
0count[3]
#2384
0clk
0rst
1_02_
0_10_
0_03_
1_11_
0_04_
0_05_
1count[0]
0count[1]
0count[2]
0count[3]
#2385
0clk
0rst
0_02_
0_10_
1_03_
1_11_
0_04_
0_05_
0count[0]
1count[1]
0count[2]
0count[3]
#2386
0clk
0rst
1_02_
0_10_
1_03_
1_11_
0_04_
0_05_
1count[0]
1count[1]
0count[2]
0count[3]
#2387
0clk
0rst
0_02_
1_10_
0_03_
1_11_
1_04_
0_05_
0count[0]
0count[1]
1count[2]
0count[3]
#2388
0clk
0rst
1_02_
0_10_
0_03_
1_11_
1_04_
0_05_
1count[0]
0count[1]
1count[2]
0count[3]
#2389
0clk
0rst
0_02_
0_10_
1_03_
1_11_
1_04_
0_05_
0count[0]
1count[1]
1count[2]
0count[3]
#2390
0clk
0rst
1_02_
0_10_
1_03_
1_11_
1_04_
0_05_
1count[0]
1count[1]
1count[2]
0count[3]
#2391
0clk
0rst
0_02_
1_10_
0_03_
0_11_
0_04_
1_05_
0count[0]
0count[1]
0count[2]
1count[3]
#2392
0clk
0rst
1_02_
0_10_
0_03_
1_11_
0_04_
1_05_
1count[0]
0count[1]
0count[2]
1count[3]
#2393
0clk
0rst
0_02_
0_10_
1_03_
1_11_
0_04_
1_05_
0count[0]
1count[1]
0count[2]
1count[3]
#2394
0clk
0rst
1_02_
0_10_
1_03_
1_11_
0_04_
1_05_
1count[0]
1count[1]
0count[2]
1count[3]
#2395
0clk
0rst
0_02_
1_10_
0_03_
1_11_
1_04_
1_05_
0count[0]
0count[1]
1count[2]
1count[3]
#2396
0clk
0rst
1_02_
0_10_
0_03_
1_11_
1_04_
1_05_
1count[0]
0count[1]
1count[2]
1count[3]
#2397
0clk
0rst
0_02_
0_10_
1_03_
1_11_
1_04_
1_05_
0count[0]
1count[1]
1count[2]
1count[3]
#2398
0clk
0rst
1_02_
0_10_
1_03_
1_11_
1_04_
1_05_
1count[0]
1count[1]
1count[2]
1count[3]
#2399
0clk
0rst
0_02_
1_10_
0_03_
0_11_
0_04_
0_05_
0count[0]
0count[1]
0count[2]
0count[3]
#2400
0clk
0rst
1_02_
0_10_
0_03_
1_11_
0_04_
0_05_
1count[0]
0count[1]
0count[2]
0count[3]
#2401
0clk
0rst
0_02_
0_10_
1_03_
1_11_
0_04_
0_05_
0count[0]
1count[1]
0count[2]
0count[3]
#2402
0clk
0rst
1_02_
0_10_
1_03_
1_11_
0_04_
0_05_
1count[0]
1count[1]
0count[2]
0count[3]
#2403
0clk
0rst
0_02_
1_10_
0_03_
1_11_
1_04_
0_05_
0count[0]
0count[1]
1count[2]
0count[3]
#2404
0clk
0rst
1_02_
0_10_
0_03_
1_11_
1_04_
0_05_
1count[0]
0count[1]
1count[2]
0count[3]
#2405
0clk
0rst
0_02_
0_10_
1_03_
1_11_
1_04_
0_05_
0count[0]
1count[1]
1count[2]
0count[3]
#2406
0clk
0rst
1_02_
0_10_
1_03_
1_11_
1_04_
0_05_
1count[0]
1count[1]
1count[2]
0count[3]
#2407
0clk
0rst
0_02_
1_10_
0_03_
0_11_
0_04_
1_05_
0count[0]
0count[1]
0count[2]
1count[3]
#2408
0clk
0rst
1_02_
0_10_
0_03_
1_11_
0_04_
1_05_
1count[0]
0count[1]
0count[2]
1count[3]
#2409
0clk
0rst
0_02_
0_10_
1_03_
1_11_
0_04_
1_05_
0count[0]
1count[1]
0count[2]
1count[3]
#2410
0clk
0rst
1_02_
0_10_
1_03_
1_11_
0_04_
1_05_
1count[0]
1count[1]
0count[2]
1count[3]
#2411
0clk
0rst
0_02_
1_10_
0_03_
1_11_
1_04_
1_05_
0count[0]
0count[1]
1count[2]
1count[3]
#2412
0clk
0rst
1_02_
0_10_
0_03_
1_11_
1_04_
1_05_
1count[0]
0count[1]
1count[2]
1count[3]
#2413
0clk
0rst
0_02_
0_10_
1_03_
1_11_
1_04_
1_05_
0count[0]
1count[1]
1count[2]
1count[3]
#2414
0clk
0rst
1_02_
0_10_
1_03_
1_11_
1_04_
1_05_
1count[0]
1count[1]
1count[2]
1count[3]
#2415
0clk
0rst
0_02_
1_10_
0_03_
0_11_
0_04_
0_05_
0count[0]
0count[1]
0count[2]
0count[3]
#2416
0clk
0rst
1_02_
0_10_
0_03_
1_11_
0_04_
0_05_
1count[0]
0count[1]
0count[2]
0count[3]
#2417
0clk
0rst
0_02_
0_10_
1_03_
1_11_
0_04_
0_05_
0count[0]
1count[1]
0count[2]
0count[3]
#2418
0clk
0rst
1_02_
0_10_
1_03_
1_11_
0_04_
0_05_
1count[0]
1count[1]
0count[2]
0count[3]
#2419
0clk
0rst
0_02_
1_10_
0_03_
1_11_
1_04_
0_05_
0count[0]
0count[1]
1count[2]
0count[3]
#2420
0clk
0rst
1_02_
0_10_
0_03_
1_11_
1_04_
0_05_
1count[0]
0count[1]
1count[2]
0count[3]
#2421
0clk
0rst
0_02_
0_10_
1_03_
1_11_
1_04_
0_05_
0count[0]
1count[1]
1count[2]
0count[3]
#2422
0clk
0rst
1_02_
0_10_
1_03_
1_11_
1_04_
0_05_
1count[0]
1count[1]
1count[2]
0count[3]
#2423
0clk
0rst
0_02_
1_10_
0_03_
0_11_
0_04_
1_05_
0count[0]
0count[1]
0count[2]
1count[3]
#2424
0clk
0rst
1_02_
0_10_
0_03_
1_11_
0_04_
1_05_
1count[0]
0count[1]
0count[2]
1count[3]
#2425
0clk
0rst
0_02_
0_10_
1_03_
1_11_
0_04_
1_05_
0count[0]
1count[1]
0count[2]
1count[3]
#2426
0clk
0rst
1_02_
0_10_
1_03_
1_11_
0_04_
1_05_
1count[0]
1count[1]
0count[2]
1count[3]
#2427
0clk
0rst
0_02_
1_10_
0_03_
1_11_
1_04_
1_05_
0count[0]
0count[1]
1count[2]
1count[3]
#2428
0clk
0rst
1_02_
0_10_
0_03_
1_11_
1_04_
1_05_
1count[0]
0count[1]
1count[2]
1count[3]
#2429
0clk
0rst
0_02_
0_10_
1_03_
1_11_
1_04_
1_05_
0count[0]
1count[1]
1count[2]
1count[3]
#2430
0clk
0rst
1_02_
0_10_
1_03_
1_11_
1_04_
1_05_
1count[0]
1count[1]
1count[2]
1count[3]
#2431
0clk
0rst
0_02_
1_10_
0_03_
0_11_
0_04_
0_05_
0count[0]
0count[1]
0count[2]
0count[3]
#2432
0clk
0rst
1_02_
0_10_
0_03_
1_11_
0_04_
0_05_
1count[0]
0count[1]
0count[2]
0count[3]
#2433
0clk
0rst
0_02_
0_10_
1_03_
1_11_
0_04_
0_05_
0count[0]
1count[1]
0count[2]
0count[3]
#2434
0clk
0rst
1_02_
0_10_
1_03_
1_11_
0_04_
0_05_
1count[0]
1count[1]
0count[2]
0count[3]
#2435
0clk
0rst
0_02_
1_10_
0_03_
1_11_
1_04_
0_05_
0count[0]
0count[1]
1count[2]
0count[3]
#2436
0clk
0rst
1_02_
0_10_
0_03_
1_11_
1_04_
0_05_
1count[0]
0count[1]
1count[2]
0count[3]
#2437
0clk
0rst
0_02_
0_10_
1_03_
1_11_
1_04_
0_05_
0count[0]
1count[1]
1count[2]
0count[3]
#2438
0clk
0rst
1_02_
0_10_
1_03_
1_11_
1_04_
0_05_
1count[0]
1count[1]
1count[2]
0count[3]
#2439
0clk
0rst
0_02_
1_10_
0_03_
0_11_
0_04_
1_05_
0count[0]
0count[1]
0count[2]
1count[3]
#2440
0clk
0rst
1_02_
0_10_
0_03_
1_11_
0_04_
1_05_
1count[0]
0count[1]
0count[2]
1count[3]
#2441
0clk
0rst
0_02_
0_10_
1_03_
1_11_
0_04_
1_05_
0count[0]
1count[1]
0count[2]
1count[3]
#2442
0clk
0rst
1_02_
0_10_
1_03_
1_11_
0_04_
1_05_
1count[0]
1count[1]
0count[2]
1count[3]
#2443
0clk
0rst
0_02_
1_10_
0_03_
1_11_
1_04_
1_05_
0count[0]
0count[1]
1count[2]
1count[3]
#2444
0clk
0rst
1_02_
0_10_
0_03_
1_11_
1_04_
1_05_
1count[0]
0count[1]
1count[2]
1count[3]
#2445
0clk
0rst
0_02_
0_10_
1_03_
1_11_
1_04_
1_05_
0count[0]
1count[1]
1count[2]
1count[3]
#2446
0clk
0rst
1_02_
0_10_
1_03_
1_11_
1_04_
1_05_
1count[0]
1count[1]
1count[2]
1count[3]
#2447
0clk
0rst
0_02_
1_10_
0_03_
0_11_
0_04_
0_05_
0count[0]
0count[1]
0count[2]
0count[3]
#2448
0clk
0rst
1_02_
0_10_
0_03_
1_11_
0_04_
0_05_
1count[0]
0count[1]
0count[2]
0count[3]
#2449
0clk
0rst
0_02_
0_10_
1_03_
1_11_
0_04_
0_05_
0count[0]
1count[1]
0count[2]
0count[3]
#2450
0clk
0rst
1_02_
0_10_
1_03_
1_11_
0_04_
0_05_
1count[0]
1count[1]
0count[2]
0count[3]
#2451
0clk
0rst
0_02_
1_10_
0_03_
1_11_
1_04_
0_05_
0count[0]
0count[1]
1count[2]
0count[3]
#2452
0clk
0rst
1_02_
0_10_
0_03_
1_11_
1_04_
0_05_
1count[0]
0count[1]
1count[2]
0count[3]
#2453
0clk
0rst
0_02_
0_10_
1_03_
1_11_
1_04_
0_05_
0count[0]
1count[1]
1count[2]
0count[3]
#2454
0clk
0rst
1_02_
0_10_
1_03_
1_11_
1_04_
0_05_
1count[0]
1count[1]
1count[2]
0count[3]
#2455
0clk
0rst
0_02_
1_10_
0_03_
0_11_
0_04_
1_05_
0count[0]
0count[1]
0count[2]
1count[3]
#2456
0clk
0rst
1_02_
0_10_
0_03_
1_11_
0_04_
1_05_
1count[0]
0count[1]
0count[2]
1count[3]
#2457
0clk
0rst
0_02_
0_10_
1_03_
1_11_
0_04_
1_05_
0count[0]
1count[1]
0count[2]
1count[3]
#2458
0clk
0rst
1_02_
0_10_
1_03_
1_11_
0_04_
1_05_
1count[0]
1count[1]
0count[2]
1count[3]
#2459
0clk
0rst
0_02_
1_10_
0_03_
1_11_
1_04_
1_05_
0count[0]
0count[1]
1count[2]
1count[3]
#2460
0clk
0rst
1_02_
0_10_
0_03_
1_11_
1_04_
1_05_
1count[0]
0count[1]
1count[2]
1count[3]
#2461
0clk
0rst
0_02_
0_10_
1_03_
1_11_
1_04_
1_05_
0count[0]
1count[1]
1count[2]
1count[3]
#2462
0clk
0rst
1_02_
0_10_
1_03_
1_11_
1_04_
1_05_
1count[0]
1count[1]
1count[2]
1count[3]
#2463
0clk
0rst
0_02_
1_10_
0_03_
0_11_
0_04_
0_05_
0count[0]
0count[1]
0count[2]
0count[3]
#2464
0clk
0rst
1_02_
0_10_
0_03_
1_11_
0_04_
0_05_
1count[0]
0count[1]
0count[2]
0count[3]
#2465
0clk
0rst
0_02_
0_10_
1_03_
1_11_
0_04_
0_05_
0count[0]
1count[1]
0count[2]
0count[3]
#2466
0clk
0rst
1_02_
0_10_
1_03_
1_11_
0_04_
0_05_
1count[0]
1count[1]
0count[2]
0count[3]
#2467
0clk
0rst
0_02_
1_10_
0_03_
1_11_
1_04_
0_05_
0count[0]
0count[1]
1count[2]
0count[3]
#2468
0clk
0rst
1_02_
0_10_
0_03_
1_11_
1_04_
0_05_
1count[0]
0count[1]
1count[2]
0count[3]
#2469
0clk
0rst
0_02_
0_10_
1_03_
1_11_
1_04_
0_05_
0count[0]
1count[1]
1count[2]
0count[3]
#2470
0clk
0rst
1_02_
0_10_
1_03_
1_11_
1_04_
0_05_
1count[0]
1count[1]
1count[2]
0count[3]
#2471
0clk
0rst
0_02_
1_10_
0_03_
0_11_
0_04_
1_05_
0count[0]
0count[1]
0count[2]
1count[3]
#2472
0clk
0rst
1_02_
0_10_
0_03_
1_11_
0_04_
1_05_
1count[0]
0count[1]
0count[2]
1count[3]
#2473
0clk
0rst
0_02_
0_10_
1_03_
1_11_
0_04_
1_05_
0count[0]
1count[1]
0count[2]
1count[3]
#2474
0clk
0rst
1_02_
0_10_
1_03_
1_11_
0_04_
1_05_
1count[0]
1count[1]
0count[2]
1count[3]
#2475
0clk
0rst
0_02_
1_10_
0_03_
1_11_
1_04_
1_05_
0count[0]
0count[1]
1count[2]
1count[3]
#2476
0clk
0rst
1_02_
0_10_
0_03_
1_11_
1_04_
1_05_
1count[0]
0count[1]
1count[2]
1count[3]
#2477
0clk
0rst
0_02_
0_10_
1_03_
1_11_
1_04_
1_05_
0count[0]
1count[1]
1count[2]
1count[3]
#2478
0clk
0rst
1_02_
0_10_
1_03_
1_11_
1_04_
1_05_
1count[0]
1count[1]
1count[2]
1count[3]
#2479
0clk
0rst
0_02_
1_10_
0_03_
0_11_
0_04_
0_05_
0count[0]
0count[1]
0count[2]
0count[3]
#2480
0clk
0rst
1_02_
0_10_
0_03_
1_11_
0_04_
0_05_
1count[0]
0count[1]
0count[2]
0count[3]
#2481
0clk
0rst
0_02_
0_10_
1_03_
1_11_
0_04_
0_05_
0count[0]
1count[1]
0count[2]
0count[3]
#2482
0clk
0rst
1_02_
0_10_
1_03_
1_11_
0_04_
0_05_
1count[0]
1count[1]
0count[2]
0count[3]
#2483
0clk
0rst
0_02_
1_10_
0_03_
1_11_
1_04_
0_05_
0count[0]
0count[1]
1count[2]
0count[3]
#2484
0clk
0rst
1_02_
0_10_
0_03_
1_11_
1_04_
0_05_
1count[0]
0count[1]
1count[2]
0count[3]
#2485
0clk
0rst
0_02_
0_10_
1_03_
1_11_
1_04_
0_05_
0count[0]
1count[1]
1count[2]
0count[3]
#2486
0clk
0rst
1_02_
0_10_
1_03_
1_11_
1_04_
0_05_
1count[0]
1count[1]
1count[2]
0count[3]
#2487
0clk
0rst
0_02_
1_10_
0_03_
0_11_
0_04_
1_05_
0count[0]
0count[1]
0count[2]
1count[3]
#2488
0clk
0rst
1_02_
0_10_
0_03_
1_11_
0_04_
1_05_
1count[0]
0count[1]
0count[2]
1count[3]
#2489
0clk
0rst
0_02_
0_10_
1_03_
1_11_
0_04_
1_05_
0count[0]
1count[1]
0count[2]
1count[3]
#2490
0clk
0rst
1_02_
0_10_
1_03_
1_11_
0_04_
1_05_
1count[0]
1count[1]
0count[2]
1count[3]
#2491
0clk
0rst
0_02_
1_10_
0_03_
1_11_
1_04_
1_05_
0count[0]
0count[1]
1count[2]
1count[3]
#2492
0clk
0rst
1_02_
0_10_
0_03_
1_11_
1_04_
1_05_
1count[0]
0count[1]
1count[2]
1count[3]
#2493
0clk
0rst
0_02_
0_10_
1_03_
1_11_
1_04_
1_05_
0count[0]
1count[1]
1count[2]
1count[3]
#2494
0clk
0rst
1_02_
0_10_
1_03_
1_11_
1_04_
1_05_
1count[0]
1count[1]
1count[2]
1count[3]
#2495
0clk
0rst
0_02_
1_10_
0_03_
0_11_
0_04_
0_05_
0count[0]
0count[1]
0count[2]
0count[3]
#2496
0clk
0rst
1_02_
0_10_
0_03_
1_11_
0_04_
0_05_
1count[0]
0count[1]
0count[2]
0count[3]
#2497
0clk
0rst
0_02_
0_10_
1_03_
1_11_
0_04_
0_05_
0count[0]
1count[1]
0count[2]
0count[3]
#2498
0clk
0rst
1_02_
0_10_
1_03_
1_11_
0_04_
0_05_
1count[0]
1count[1]
0count[2]
0count[3]
#2499
0clk
0rst
0_02_
1_10_
0_03_
1_11_
1_04_
0_05_
0count[0]
0count[1]
1count[2]
0count[3]
#2500
0clk
0rst
1_02_
0_10_
0_03_
1_11_
1_04_
0_05_
1count[0]
0count[1]
1count[2]
0count[3]
#2501
0clk
0rst
0_02_
0_10_
1_03_
1_11_
1_04_
0_05_
0count[0]
1count[1]
1count[2]
0count[3]
#2502
0clk
0rst
1_02_
0_10_
1_03_
1_11_
1_04_
0_05_
1count[0]
1count[1]
1count[2]
0count[3]
#2503
0clk
0rst
0_02_
1_10_
0_03_
0_11_
0_04_
1_05_
0count[0]
0count[1]
0count[2]
1count[3]
#2504
0clk
0rst
1_02_
0_10_
0_03_
1_11_
0_04_
1_05_
1count[0]
0count[1]
0count[2]
1count[3]
#2505
0clk
0rst
0_02_
0_10_
1_03_
1_11_
0_04_
1_05_
0count[0]
1count[1]
0count[2]
1count[3]
#2506
0clk
0rst
1_02_
0_10_
1_03_
1_11_
0_04_
1_05_
1count[0]
1count[1]
0count[2]
1count[3]
#2507
0clk
0rst
0_02_
1_10_
0_03_
1_11_
1_04_
1_05_
0count[0]
0count[1]
1count[2]
1count[3]
#2508
0clk
0rst
1_02_
0_10_
0_03_
1_11_
1_04_
1_05_
1count[0]
0count[1]
1count[2]
1count[3]
#2509
0clk
0rst
0_02_
0_10_
1_03_
1_11_
1_04_
1_05_
0count[0]
1count[1]
1count[2]
1count[3]
#2510
0clk
0rst
1_02_
0_10_
1_03_
1_11_
1_04_
1_05_
1count[0]
1count[1]
1count[2]
1count[3]
#2511
0clk
0rst
0_02_
1_10_
0_03_
0_11_
0_04_
0_05_
0count[0]
0count[1]
0count[2]
0count[3]
#2512
0clk
0rst
1_02_
0_10_
0_03_
1_11_
0_04_
0_05_
1count[0]
0count[1]
0count[2]
0count[3]
#2513
0clk
0rst
0_02_
0_10_
1_03_
1_11_
0_04_
0_05_
0count[0]
1count[1]
0count[2]
0count[3]
#2514
0clk
0rst
1_02_
0_10_
1_03_
1_11_
0_04_
0_05_
1count[0]
1count[1]
0count[2]
0count[3]
#2515
0clk
0rst
0_02_
1_10_
0_03_
1_11_
1_04_
0_05_
0count[0]
0count[1]
1count[2]
0count[3]
#2516
0clk
0rst
1_02_
0_10_
0_03_
1_11_
1_04_
0_05_
1count[0]
0count[1]
1count[2]
0count[3]
#2517
0clk
0rst
0_02_
0_10_
1_03_
1_11_
1_04_
0_05_
0count[0]
1count[1]
1count[2]
0count[3]
#2518
0clk
0rst
1_02_
0_10_
1_03_
1_11_
1_04_
0_05_
1count[0]
1count[1]
1count[2]
0count[3]
#2519
0clk
0rst
0_02_
1_10_
0_03_
0_11_
0_04_
1_05_
0count[0]
0count[1]
0count[2]
1count[3]
#2520
0clk
0rst
1_02_
0_10_
0_03_
1_11_
0_04_
1_05_
1count[0]
0count[1]
0count[2]
1count[3]
#2521
0clk
0rst
0_02_
0_10_
1_03_
1_11_
0_04_
1_05_
0count[0]
1count[1]
0count[2]
1count[3]
#2522
0clk
0rst
1_02_
0_10_
1_03_
1_11_
0_04_
1_05_
1count[0]
1count[1]
0count[2]
1count[3]
#2523
0clk
0rst
0_02_
1_10_
0_03_
1_11_
1_04_
1_05_
0count[0]
0count[1]
1count[2]
1count[3]
#2524
0clk
0rst
1_02_
0_10_
0_03_
1_11_
1_04_
1_05_
1count[0]
0count[1]
1count[2]
1count[3]
#2525
0clk
0rst
0_02_
0_10_
1_03_
1_11_
1_04_
1_05_
0count[0]
1count[1]
1count[2]
1count[3]
#2526
0clk
0rst
1_02_
0_10_
1_03_
1_11_
1_04_
1_05_
1count[0]
1count[1]
1count[2]
1count[3]
#2527
0clk
0rst
0_02_
1_10_
0_03_
0_11_
0_04_
0_05_
0count[0]
0count[1]
0count[2]
0count[3]
#2528
0clk
0rst
1_02_
0_10_
0_03_
1_11_
0_04_
0_05_
1count[0]
0count[1]
0count[2]
0count[3]
#2529
0clk
0rst
0_02_
0_10_
1_03_
1_11_
0_04_
0_05_
0count[0]
1count[1]
0count[2]
0count[3]
#2530
0clk
0rst
1_02_
0_10_
1_03_
1_11_
0_04_
0_05_
1count[0]
1count[1]
0count[2]
0count[3]
#2531
0clk
0rst
0_02_
1_10_
0_03_
1_11_
1_04_
0_05_
0count[0]
0count[1]
1count[2]
0count[3]
#2532
0clk
0rst
1_02_
0_10_
0_03_
1_11_
1_04_
0_05_
1count[0]
0count[1]
1count[2]
0count[3]
#2533
0clk
0rst
0_02_
0_10_
1_03_
1_11_
1_04_
0_05_
0count[0]
1count[1]
1count[2]
0count[3]
#2534
0clk
0rst
1_02_
0_10_
1_03_
1_11_
1_04_
0_05_
1count[0]
1count[1]
1count[2]
0count[3]
#2535
0clk
0rst
0_02_
1_10_
0_03_
0_11_
0_04_
1_05_
0count[0]
0count[1]
0count[2]
1count[3]
#2536
0clk
0rst
1_02_
0_10_
0_03_
1_11_
0_04_
1_05_
1count[0]
0count[1]
0count[2]
1count[3]
#2537
0clk
0rst
0_02_
0_10_
1_03_
1_11_
0_04_
1_05_
0count[0]
1count[1]
0count[2]
1count[3]
#2538
0clk
0rst
1_02_
0_10_
1_03_
1_11_
0_04_
1_05_
1count[0]
1count[1]
0count[2]
1count[3]
#2539
0clk
0rst
0_02_
1_10_
0_03_
1_11_
1_04_
1_05_
0count[0]
0count[1]
1count[2]
1count[3]
#2540
0clk
0rst
1_02_
0_10_
0_03_
1_11_
1_04_
1_05_
1count[0]
0count[1]
1count[2]
1count[3]
#2541
0clk
0rst
0_02_
0_10_
1_03_
1_11_
1_04_
1_05_
0count[0]
1count[1]
1count[2]
1count[3]
#2542
0clk
0rst
1_02_
0_10_
1_03_
1_11_
1_04_
1_05_
1count[0]
1count[1]
1count[2]
1count[3]
#2543
0clk
0rst
0_02_
1_10_
0_03_
0_11_
0_04_
0_05_
0count[0]
0count[1]
0count[2]
0count[3]
#2544
0clk
0rst
1_02_
0_10_
0_03_
1_11_
0_04_
0_05_
1count[0]
0count[1]
0count[2]
0count[3]
#2545
0clk
0rst
0_02_
0_10_
1_03_
1_11_
0_04_
0_05_
0count[0]
1count[1]
0count[2]
0count[3]
#2546
0clk
0rst
1_02_
0_10_
1_03_
1_11_
0_04_
0_05_
1count[0]
1count[1]
0count[2]
0count[3]
#2547
0clk
0rst
0_02_
1_10_
0_03_
1_11_
1_04_
0_05_
0count[0]
0count[1]
1count[2]
0count[3]
#2548
0clk
0rst
1_02_
0_10_
0_03_
1_11_
1_04_
0_05_
1count[0]
0count[1]
1count[2]
0count[3]
#2549
0clk
0rst
0_02_
0_10_
1_03_
1_11_
1_04_
0_05_
0count[0]
1count[1]
1count[2]
0count[3]
#2550
0clk
0rst
1_02_
0_10_
1_03_
1_11_
1_04_
0_05_
1count[0]
1count[1]
1count[2]
0count[3]
#2551
0clk
0rst
0_02_
1_10_
0_03_
0_11_
0_04_
1_05_
0count[0]
0count[1]
0count[2]
1count[3]
#2552
0clk
0rst
1_02_
0_10_
0_03_
1_11_
0_04_
1_05_
1count[0]
0count[1]
0count[2]
1count[3]
#2553
0clk
0rst
0_02_
0_10_
1_03_
1_11_
0_04_
1_05_
0count[0]
1count[1]
0count[2]
1count[3]
#2554
0clk
0rst
1_02_
0_10_
1_03_
1_11_
0_04_
1_05_
1count[0]
1count[1]
0count[2]
1count[3]
#2555
0clk
0rst
0_02_
1_10_
0_03_
1_11_
1_04_
1_05_
0count[0]
0count[1]
1count[2]
1count[3]
#2556
0clk
0rst
1_02_
0_10_
0_03_
1_11_
1_04_
1_05_
1count[0]
0count[1]
1count[2]
1count[3]
#2557
0clk
0rst
0_02_
0_10_
1_03_
1_11_
1_04_
1_05_
0count[0]
1count[1]
1count[2]
1count[3]
#2558
0clk
0rst
1_02_
0_10_
1_03_
1_11_
1_04_
1_05_
1count[0]
1count[1]
1count[2]
1count[3]
#2559
0clk
0rst
0_02_
1_10_
0_03_
0_11_
0_04_
0_05_
0count[0]
0count[1]
0count[2]
0count[3]
#2560
0clk
0rst
1_02_
0_10_
0_03_
1_11_
0_04_
0_05_
1count[0]
0count[1]
0count[2]
0count[3]
#2561
0clk
0rst
0_02_
0_10_
1_03_
1_11_
0_04_
0_05_
0count[0]
1count[1]
0count[2]
0count[3]
#2562
0clk
0rst
1_02_
0_10_
1_03_
1_11_
0_04_
0_05_
1count[0]
1count[1]
0count[2]
0count[3]
#2563
0clk
0rst
0_02_
1_10_
0_03_
1_11_
1_04_
0_05_
0count[0]
0count[1]
1count[2]
0count[3]
#2564
0clk
0rst
1_02_
0_10_
0_03_
1_11_
1_04_
0_05_
1count[0]
0count[1]
1count[2]
0count[3]
#2565
0clk
0rst
0_02_
0_10_
1_03_
1_11_
1_04_
0_05_
0count[0]
1count[1]
1count[2]
0count[3]
#2566
0clk
0rst
1_02_
0_10_
1_03_
1_11_
1_04_
0_05_
1count[0]
1count[1]
1count[2]
0count[3]
#2567
0clk
0rst
0_02_
1_10_
0_03_
0_11_
0_04_
1_05_
0count[0]
0count[1]
0count[2]
1count[3]
#2568
0clk
0rst
1_02_
0_10_
0_03_
1_11_
0_04_
1_05_
1count[0]
0count[1]
0count[2]
1count[3]
#2569
0clk
0rst
0_02_
0_10_
1_03_
1_11_
0_04_
1_05_
0count[0]
1count[1]
0count[2]
1count[3]
#2570
0clk
0rst
1_02_
0_10_
1_03_
1_11_
0_04_
1_05_
1count[0]
1count[1]
0count[2]
1count[3]
#2571
0clk
0rst
0_02_
1_10_
0_03_
1_11_
1_04_
1_05_
0count[0]
0count[1]
1count[2]
1count[3]
#2572
0clk
0rst
1_02_
0_10_
0_03_
1_11_
1_04_
1_05_
1count[0]
0count[1]
1count[2]
1count[3]
#2573
0clk
0rst
0_02_
0_10_
1_03_
1_11_
1_04_
1_05_
0count[0]
1count[1]
1count[2]
1count[3]
#2574
0clk
0rst
1_02_
0_10_
1_03_
1_11_
1_04_
1_05_
1count[0]
1count[1]
1count[2]
1count[3]
#2575
0clk
0rst
0_02_
1_10_
0_03_
0_11_
0_04_
0_05_
0count[0]
0count[1]
0count[2]
0count[3]
#2576
0clk
0rst
1_02_
0_10_
0_03_
1_11_
0_04_
0_05_
1count[0]
0count[1]
0count[2]
0count[3]
#2577
0clk
0rst
0_02_
0_10_
1_03_
1_11_
0_04_
0_05_
0count[0]
1count[1]
0count[2]
0count[3]
#2578
0clk
0rst
1_02_
0_10_
1_03_
1_11_
0_04_
0_05_
1count[0]
1count[1]
0count[2]
0count[3]
#2579
0clk
0rst
0_02_
1_10_
0_03_
1_11_
1_04_
0_05_
0count[0]
0count[1]
1count[2]
0count[3]
#2580
0clk
0rst
1_02_
0_10_
0_03_
1_11_
1_04_
0_05_
1count[0]
0count[1]
1count[2]
0count[3]
#2581
0clk
0rst
0_02_
0_10_
1_03_
1_11_
1_04_
0_05_
0count[0]
1count[1]
1count[2]
0count[3]
#2582
0clk
0rst
1_02_
0_10_
1_03_
1_11_
1_04_
0_05_
1count[0]
1count[1]
1count[2]
0count[3]
#2583
0clk
0rst
0_02_
1_10_
0_03_
0_11_
0_04_
1_05_
0count[0]
0count[1]
0count[2]
1count[3]
#2584
0clk
0rst
1_02_
0_10_
0_03_
1_11_
0_04_
1_05_
1count[0]
0count[1]
0count[2]
1count[3]
#2585
0clk
0rst
0_02_
0_10_
1_03_
1_11_
0_04_
1_05_
0count[0]
1count[1]
0count[2]
1count[3]
#2586
0clk
0rst
1_02_
0_10_
1_03_
1_11_
0_04_
1_05_
1count[0]
1count[1]
0count[2]
1count[3]
#2587
0clk
0rst
0_02_
1_10_
0_03_
1_11_
1_04_
1_05_
0count[0]
0count[1]
1count[2]
1count[3]
#2588
0clk
0rst
1_02_
0_10_
0_03_
1_11_
1_04_
1_05_
1count[0]
0count[1]
1count[2]
1count[3]
#2589
0clk
0rst
0_02_
0_10_
1_03_
1_11_
1_04_
1_05_
0count[0]
1count[1]
1count[2]
1count[3]
#2590
0clk
0rst
1_02_
0_10_
1_03_
1_11_
1_04_
1_05_
1count[0]
1count[1]
1count[2]
1count[3]
#2591
0clk
0rst
0_02_
1_10_
0_03_
0_11_
0_04_
0_05_
0count[0]
0count[1]
0count[2]
0count[3]
#2592
0clk
0rst
1_02_
0_10_
0_03_
1_11_
0_04_
0_05_
1count[0]
0count[1]
0count[2]
0count[3]
#2593
0clk
0rst
0_02_
0_10_
1_03_
1_11_
0_04_
0_05_
0count[0]
1count[1]
0count[2]
0count[3]
#2594
0clk
0rst
1_02_
0_10_
1_03_
1_11_
0_04_
0_05_
1count[0]
1count[1]
0count[2]
0count[3]
#2595
0clk
0rst
0_02_
1_10_
0_03_
1_11_
1_04_
0_05_
0count[0]
0count[1]
1count[2]
0count[3]
#2596
0clk
0rst
1_02_
0_10_
0_03_
1_11_
1_04_
0_05_
1count[0]
0count[1]
1count[2]
0count[3]
#2597
0clk
0rst
0_02_
0_10_
1_03_
1_11_
1_04_
0_05_
0count[0]
1count[1]
1count[2]
0count[3]
#2598
0clk
0rst
1_02_
0_10_
1_03_
1_11_
1_04_
0_05_
1count[0]
1count[1]
1count[2]
0count[3]
#2599
0clk
0rst
0_02_
1_10_
0_03_
0_11_
0_04_
1_05_
0count[0]
0count[1]
0count[2]
1count[3]
#2600
0clk
0rst
1_02_
0_10_
0_03_
1_11_
0_04_
1_05_
1count[0]
0count[1]
0count[2]
1count[3]
#2601
0clk
0rst
0_02_
0_10_
1_03_
1_11_
0_04_
1_05_
0count[0]
1count[1]
0count[2]
1count[3]
#2602
0clk
0rst
1_02_
0_10_
1_03_
1_11_
0_04_
1_05_
1count[0]
1count[1]
0count[2]
1count[3]
#2603
0clk
0rst
0_02_
1_10_
0_03_
1_11_
1_04_
1_05_
0count[0]
0count[1]
1count[2]
1count[3]
#2604
0clk
0rst
1_02_
0_10_
0_03_
1_11_
1_04_
1_05_
1count[0]
0count[1]
1count[2]
1count[3]
#2605
0clk
0rst
0_02_
0_10_
1_03_
1_11_
1_04_
1_05_
0count[0]
1count[1]
1count[2]
1count[3]
#2606
0clk
0rst
1_02_
0_10_
1_03_
1_11_
1_04_
1_05_
1count[0]
1count[1]
1count[2]
1count[3]
#2607
0clk
0rst
0_02_
1_10_
0_03_
0_11_
0_04_
0_05_
0count[0]
0count[1]
0count[2]
0count[3]
#2608
0clk
0rst
1_02_
0_10_
0_03_
1_11_
0_04_
0_05_
1count[0]
0count[1]
0count[2]
0count[3]
#2609
0clk
0rst
0_02_
0_10_
1_03_
1_11_
0_04_
0_05_
0count[0]
1count[1]
0count[2]
0count[3]
#2610
0clk
0rst
1_02_
0_10_
1_03_
1_11_
0_04_
0_05_
1count[0]
1count[1]
0count[2]
0count[3]
#2611
0clk
0rst
0_02_
1_10_
0_03_
1_11_
1_04_
0_05_
0count[0]
0count[1]
1count[2]
0count[3]
#2612
0clk
0rst
1_02_
0_10_
0_03_
1_11_
1_04_
0_05_
1count[0]
0count[1]
1count[2]
0count[3]
#2613
0clk
0rst
0_02_
0_10_
1_03_
1_11_
1_04_
0_05_
0count[0]
1count[1]
1count[2]
0count[3]
#2614
0clk
0rst
1_02_
0_10_
1_03_
1_11_
1_04_
0_05_
1count[0]
1count[1]
1count[2]
0count[3]
#2615
0clk
0rst
0_02_
1_10_
0_03_
0_11_
0_04_
1_05_
0count[0]
0count[1]
0count[2]
1count[3]
#2616
0clk
0rst
1_02_
0_10_
0_03_
1_11_
0_04_
1_05_
1count[0]
0count[1]
0count[2]
1count[3]
#2617
0clk
0rst
0_02_
0_10_
1_03_
1_11_
0_04_
1_05_
0count[0]
1count[1]
0count[2]
1count[3]
#2618
0clk
0rst
1_02_
0_10_
1_03_
1_11_
0_04_
1_05_
1count[0]
1count[1]
0count[2]
1count[3]
#2619
0clk
0rst
0_02_
1_10_
0_03_
1_11_
1_04_
1_05_
0count[0]
0count[1]
1count[2]
1count[3]
#2620
0clk
0rst
1_02_
0_10_
0_03_
1_11_
1_04_
1_05_
1count[0]
0count[1]
1count[2]
1count[3]
#2621
0clk
0rst
0_02_
0_10_
1_03_
1_11_
1_04_
1_05_
0count[0]
1count[1]
1count[2]
1count[3]
#2622
0clk
0rst
1_02_
0_10_
1_03_
1_11_
1_04_
1_05_
1count[0]
1count[1]
1count[2]
1count[3]
#2623
0clk
0rst
0_02_
1_10_
0_03_
0_11_
0_04_
0_05_
0count[0]
0count[1]
0count[2]
0count[3]
#2624
0clk
0rst
1_02_
0_10_
0_03_
1_11_
0_04_
0_05_
1count[0]
0count[1]
0count[2]
0count[3]
#2625
0clk
0rst
0_02_
0_10_
1_03_
1_11_
0_04_
0_05_
0count[0]
1count[1]
0count[2]
0count[3]
#2626
0clk
0rst
1_02_
0_10_
1_03_
1_11_
0_04_
0_05_
1count[0]
1count[1]
0count[2]
0count[3]
#2627
0clk
0rst
0_02_
1_10_
0_03_
1_11_
1_04_
0_05_
0count[0]
0count[1]
1count[2]
0count[3]
#2628
0clk
0rst
1_02_
0_10_
0_03_
1_11_
1_04_
0_05_
1count[0]
0count[1]
1count[2]
0count[3]
#2629
0clk
0rst
0_02_
0_10_
1_03_
1_11_
1_04_
0_05_
0count[0]
1count[1]
1count[2]
0count[3]
#2630
0clk
0rst
1_02_
0_10_
1_03_
1_11_
1_04_
0_05_
1count[0]
1count[1]
1count[2]
0count[3]
#2631
0clk
0rst
0_02_
1_10_
0_03_
0_11_
0_04_
1_05_
0count[0]
0count[1]
0count[2]
1count[3]
#2632
0clk
0rst
1_02_
0_10_
0_03_
1_11_
0_04_
1_05_
1count[0]
0count[1]
0count[2]
1count[3]
#2633
0clk
0rst
0_02_
0_10_
1_03_
1_11_
0_04_
1_05_
0count[0]
1count[1]
0count[2]
1count[3]
#2634
0clk
0rst
1_02_
0_10_
1_03_
1_11_
0_04_
1_05_
1count[0]
1count[1]
0count[2]
1count[3]
#2635
0clk
0rst
0_02_
1_10_
0_03_
1_11_
1_04_
1_05_
0count[0]
0count[1]
1count[2]
1count[3]
#2636
0clk
0rst
1_02_
0_10_
0_03_
1_11_
1_04_
1_05_
1count[0]
0count[1]
1count[2]
1count[3]
#2637
0clk
0rst
0_02_
0_10_
1_03_
1_11_
1_04_
1_05_
0count[0]
1count[1]
1count[2]
1count[3]
#2638
0clk
0rst
1_02_
0_10_
1_03_
1_11_
1_04_
1_05_
1count[0]
1count[1]
1count[2]
1count[3]
#2639
0clk
0rst
0_02_
1_10_
0_03_
0_11_
0_04_
0_05_
0count[0]
0count[1]
0count[2]
0count[3]
#2640
0clk
0rst
1_02_
0_10_
0_03_
1_11_
0_04_
0_05_
1count[0]
0count[1]
0count[2]
0count[3]
#2641
0clk
0rst
0_02_
0_10_
1_03_
1_11_
0_04_
0_05_
0count[0]
1count[1]
0count[2]
0count[3]
#2642
0clk
0rst
1_02_
0_10_
1_03_
1_11_
0_04_
0_05_
1count[0]
1count[1]
0count[2]
0count[3]
#2643
0clk
0rst
0_02_
1_10_
0_03_
1_11_
1_04_
0_05_
0count[0]
0count[1]
1count[2]
0count[3]
#2644
0clk
0rst
1_02_
0_10_
0_03_
1_11_
1_04_
0_05_
1count[0]
0count[1]
1count[2]
0count[3]
#2645
0clk
0rst
0_02_
0_10_
1_03_
1_11_
1_04_
0_05_
0count[0]
1count[1]
1count[2]
0count[3]
#2646
0clk
0rst
1_02_
0_10_
1_03_
1_11_
1_04_
0_05_
1count[0]
1count[1]
1count[2]
0count[3]
#2647
0clk
0rst
0_02_
1_10_
0_03_
0_11_
0_04_
1_05_
0count[0]
0count[1]
0count[2]
1count[3]
#2648
0clk
0rst
1_02_
0_10_
0_03_
1_11_
0_04_
1_05_
1count[0]
0count[1]
0count[2]
1count[3]
#2649
0clk
0rst
0_02_
0_10_
1_03_
1_11_
0_04_
1_05_
0count[0]
1count[1]
0count[2]
1count[3]
#2650
0clk
0rst
1_02_
0_10_
1_03_
1_11_
0_04_
1_05_
1count[0]
1count[1]
0count[2]
1count[3]
#2651
0clk
0rst
0_02_
1_10_
0_03_
1_11_
1_04_
1_05_
0count[0]
0count[1]
1count[2]
1count[3]
#2652
0clk
0rst
1_02_
0_10_
0_03_
1_11_
1_04_
1_05_
1count[0]
0count[1]
1count[2]
1count[3]
#2653
0clk
0rst
0_02_
0_10_
1_03_
1_11_
1_04_
1_05_
0count[0]
1count[1]
1count[2]
1count[3]
#2654
0clk
0rst
1_02_
0_10_
1_03_
1_11_
1_04_
1_05_
1count[0]
1count[1]
1count[2]
1count[3]
#2655
0clk
0rst
0_02_
1_10_
0_03_
0_11_
0_04_
0_05_
0count[0]
0count[1]
0count[2]
0count[3]
#2656
0clk
0rst
1_02_
0_10_
0_03_
1_11_
0_04_
0_05_
1count[0]
0count[1]
0count[2]
0count[3]
#2657
0clk
0rst
0_02_
0_10_
1_03_
1_11_
0_04_
0_05_
0count[0]
1count[1]
0count[2]
0count[3]
#2658
0clk
0rst
1_02_
0_10_
1_03_
1_11_
0_04_
0_05_
1count[0]
1count[1]
0count[2]
0count[3]
#2659
0clk
0rst
0_02_
1_10_
0_03_
1_11_
1_04_
0_05_
0count[0]
0count[1]
1count[2]
0count[3]
#2660
0clk
0rst
1_02_
0_10_
0_03_
1_11_
1_04_
0_05_
1count[0]
0count[1]
1count[2]
0count[3]
#2661
0clk
0rst
0_02_
0_10_
1_03_
1_11_
1_04_
0_05_
0count[0]
1count[1]
1count[2]
0count[3]
#2662
0clk
0rst
1_02_
0_10_
1_03_
1_11_
1_04_
0_05_
1count[0]
1count[1]
1count[2]
0count[3]
#2663
0clk
0rst
0_02_
1_10_
0_03_
0_11_
0_04_
1_05_
0count[0]
0count[1]
0count[2]
1count[3]
#2664
0clk
0rst
1_02_
0_10_
0_03_
1_11_
0_04_
1_05_
1count[0]
0count[1]
0count[2]
1count[3]
#2665
0clk
0rst
0_02_
0_10_
1_03_
1_11_
0_04_
1_05_
0count[0]
1count[1]
0count[2]
1count[3]
#2666
0clk
0rst
1_02_
0_10_
1_03_
1_11_
0_04_
1_05_
1count[0]
1count[1]
0count[2]
1count[3]
#2667
0clk
0rst
0_02_
1_10_
0_03_
1_11_
1_04_
1_05_
0count[0]
0count[1]
1count[2]
1count[3]
#2668
0clk
0rst
1_02_
0_10_
0_03_
1_11_
1_04_
1_05_
1count[0]
0count[1]
1count[2]
1count[3]
#2669
0clk
0rst
0_02_
0_10_
1_03_
1_11_
1_04_
1_05_
0count[0]
1count[1]
1count[2]
1count[3]
#2670
0clk
0rst
1_02_
0_10_
1_03_
1_11_
1_04_
1_05_
1count[0]
1count[1]
1count[2]
1count[3]
#2671
0clk
0rst
0_02_
1_10_
0_03_
0_11_
0_04_
0_05_
0count[0]
0count[1]
0count[2]
0count[3]
#2672
0clk
0rst
1_02_
0_10_
0_03_
1_11_
0_04_
0_05_
1count[0]
0count[1]
0count[2]
0count[3]
#2673
0clk
0rst
0_02_
0_10_
1_03_
1_11_
0_04_
0_05_
0count[0]
1count[1]
0count[2]
0count[3]
#2674
0clk
0rst
1_02_
0_10_
1_03_
1_11_
0_04_
0_05_
1count[0]
1count[1]
0count[2]
0count[3]
#2675
0clk
0rst
0_02_
1_10_
0_03_
1_11_
1_04_
0_05_
0count[0]
0count[1]
1count[2]
0count[3]
#2676
0clk
0rst
1_02_
0_10_
0_03_
1_11_
1_04_
0_05_
1count[0]
0count[1]
1count[2]
0count[3]
#2677
0clk
0rst
0_02_
0_10_
1_03_
1_11_
1_04_
0_05_
0count[0]
1count[1]
1count[2]
0count[3]
#2678
0clk
0rst
1_02_
0_10_
1_03_
1_11_
1_04_
0_05_
1count[0]
1count[1]
1count[2]
0count[3]
#2679
0clk
0rst
0_02_
1_10_
0_03_
0_11_
0_04_
1_05_
0count[0]
0count[1]
0count[2]
1count[3]
#2680
0clk
0rst
1_02_
0_10_
0_03_
1_11_
0_04_
1_05_
1count[0]
0count[1]
0count[2]
1count[3]
#2681
0clk
0rst
0_02_
0_10_
1_03_
1_11_
0_04_
1_05_
0count[0]
1count[1]
0count[2]
1count[3]
#2682
0clk
0rst
1_02_
0_10_
1_03_
1_11_
0_04_
1_05_
1count[0]
1count[1]
0count[2]
1count[3]
#2683
0clk
0rst
0_02_
1_10_
0_03_
1_11_
1_04_
1_05_
0count[0]
0count[1]
1count[2]
1count[3]
#2684
0clk
0rst
1_02_
0_10_
0_03_
1_11_
1_04_
1_05_
1count[0]
0count[1]
1count[2]
1count[3]
#2685
0clk
0rst
0_02_
0_10_
1_03_
1_11_
1_04_
1_05_
0count[0]
1count[1]
1count[2]
1count[3]
#2686
0clk
0rst
1_02_
0_10_
1_03_
1_11_
1_04_
1_05_
1count[0]
1count[1]
1count[2]
1count[3]
#2687
0clk
0rst
0_02_
1_10_
0_03_
0_11_
0_04_
0_05_
0count[0]
0count[1]
0count[2]
0count[3]
#2688
0clk
0rst
1_02_
0_10_
0_03_
1_11_
0_04_
0_05_
1count[0]
0count[1]
0count[2]
0count[3]
#2689
0clk
0rst
0_02_
0_10_
1_03_
1_11_
0_04_
0_05_
0count[0]
1count[1]
0count[2]
0count[3]
#2690
0clk
0rst
1_02_
0_10_
1_03_
1_11_
0_04_
0_05_
1count[0]
1count[1]
0count[2]
0count[3]
#2691
0clk
0rst
0_02_
1_10_
0_03_
1_11_
1_04_
0_05_
0count[0]
0count[1]
1count[2]
0count[3]
#2692
0clk
0rst
1_02_
0_10_
0_03_
1_11_
1_04_
0_05_
1count[0]
0count[1]
1count[2]
0count[3]
#2693
0clk
0rst
0_02_
0_10_
1_03_
1_11_
1_04_
0_05_
0count[0]
1count[1]
1count[2]
0count[3]
#2694
0clk
0rst
1_02_
0_10_
1_03_
1_11_
1_04_
0_05_
1count[0]
1count[1]
1count[2]
0count[3]
#2695
0clk
0rst
0_02_
1_10_
0_03_
0_11_
0_04_
1_05_
0count[0]
0count[1]
0count[2]
1count[3]
#2696
0clk
0rst
1_02_
0_10_
0_03_
1_11_
0_04_
1_05_
1count[0]
0count[1]
0count[2]
1count[3]
#2697
0clk
0rst
0_02_
0_10_
1_03_
1_11_
0_04_
1_05_
0count[0]
1count[1]
0count[2]
1count[3]
#2698
0clk
0rst
1_02_
0_10_
1_03_
1_11_
0_04_
1_05_
1count[0]
1count[1]
0count[2]
1count[3]
#2699
0clk
0rst
0_02_
1_10_
0_03_
1_11_
1_04_
1_05_
0count[0]
0count[1]
1count[2]
1count[3]
#2700
0clk
0rst
1_02_
0_10_
0_03_
1_11_
1_04_
1_05_
1count[0]
0count[1]
1count[2]
1count[3]
#2701
0clk
0rst
0_02_
0_10_
1_03_
1_11_
1_04_
1_05_
0count[0]
1count[1]
1count[2]
1count[3]
#2702
0clk
0rst
1_02_
0_10_
1_03_
1_11_
1_04_
1_05_
1count[0]
1count[1]
1count[2]
1count[3]
#2703
0clk
0rst
0_02_
1_10_
0_03_
0_11_
0_04_
0_05_
0count[0]
0count[1]
0count[2]
0count[3]
#2704
0clk
0rst
1_02_
0_10_
0_03_
1_11_
0_04_
0_05_
1count[0]
0count[1]
0count[2]
0count[3]
#2705
0clk
0rst
0_02_
0_10_
1_03_
1_11_
0_04_
0_05_
0count[0]
1count[1]
0count[2]
0count[3]
#2706
0clk
0rst
1_02_
0_10_
1_03_
1_11_
0_04_
0_05_
1count[0]
1count[1]
0count[2]
0count[3]
#2707
0clk
0rst
0_02_
1_10_
0_03_
1_11_
1_04_
0_05_
0count[0]
0count[1]
1count[2]
0count[3]
#2708
0clk
0rst
1_02_
0_10_
0_03_
1_11_
1_04_
0_05_
1count[0]
0count[1]
1count[2]
0count[3]
#2709
0clk
0rst
0_02_
0_10_
1_03_
1_11_
1_04_
0_05_
0count[0]
1count[1]
1count[2]
0count[3]
#2710
0clk
0rst
1_02_
0_10_
1_03_
1_11_
1_04_
0_05_
1count[0]
1count[1]
1count[2]
0count[3]
#2711
0clk
0rst
0_02_
1_10_
0_03_
0_11_
0_04_
1_05_
0count[0]
0count[1]
0count[2]
1count[3]
#2712
0clk
0rst
1_02_
0_10_
0_03_
1_11_
0_04_
1_05_
1count[0]
0count[1]
0count[2]
1count[3]
#2713
0clk
0rst
0_02_
0_10_
1_03_
1_11_
0_04_
1_05_
0count[0]
1count[1]
0count[2]
1count[3]
#2714
0clk
0rst
1_02_
0_10_
1_03_
1_11_
0_04_
1_05_
1count[0]
1count[1]
0count[2]
1count[3]
#2715
0clk
0rst
0_02_
1_10_
0_03_
1_11_
1_04_
1_05_
0count[0]
0count[1]
1count[2]
1count[3]
#2716
0clk
0rst
1_02_
0_10_
0_03_
1_11_
1_04_
1_05_
1count[0]
0count[1]
1count[2]
1count[3]
#2717
0clk
0rst
0_02_
0_10_
1_03_
1_11_
1_04_
1_05_
0count[0]
1count[1]
1count[2]
1count[3]
#2718
0clk
0rst
1_02_
0_10_
1_03_
1_11_
1_04_
1_05_
1count[0]
1count[1]
1count[2]
1count[3]
#2719
0clk
0rst
0_02_
1_10_
0_03_
0_11_
0_04_
0_05_
0count[0]
0count[1]
0count[2]
0count[3]
#2720
0clk
0rst
1_02_
0_10_
0_03_
1_11_
0_04_
0_05_
1count[0]
0count[1]
0count[2]
0count[3]
#2721
0clk
0rst
0_02_
0_10_
1_03_
1_11_
0_04_
0_05_
0count[0]
1count[1]
0count[2]
0count[3]
#2722
0clk
0rst
1_02_
0_10_
1_03_
1_11_
0_04_
0_05_
1count[0]
1count[1]
0count[2]
0count[3]
#2723
0clk
0rst
0_02_
1_10_
0_03_
1_11_
1_04_
0_05_
0count[0]
0count[1]
1count[2]
0count[3]
#2724
0clk
0rst
1_02_
0_10_
0_03_
1_11_
1_04_
0_05_
1count[0]
0count[1]
1count[2]
0count[3]
#2725
0clk
0rst
0_02_
0_10_
1_03_
1_11_
1_04_
0_05_
0count[0]
1count[1]
1count[2]
0count[3]
#2726
0clk
0rst
1_02_
0_10_
1_03_
1_11_
1_04_
0_05_
1count[0]
1count[1]
1count[2]
0count[3]
#2727
0clk
0rst
0_02_
1_10_
0_03_
0_11_
0_04_
1_05_
0count[0]
0count[1]
0count[2]
1count[3]
#2728
0clk
0rst
1_02_
0_10_
0_03_
1_11_
0_04_
1_05_
1count[0]
0count[1]
0count[2]
1count[3]
#2729
0clk
0rst
0_02_
0_10_
1_03_
1_11_
0_04_
1_05_
0count[0]
1count[1]
0count[2]
1count[3]
#2730
0clk
0rst
1_02_
0_10_
1_03_
1_11_
0_04_
1_05_
1count[0]
1count[1]
0count[2]
1count[3]
#2731
0clk
0rst
0_02_
1_10_
0_03_
1_11_
1_04_
1_05_
0count[0]
0count[1]
1count[2]
1count[3]
#2732
0clk
0rst
1_02_
0_10_
0_03_
1_11_
1_04_
1_05_
1count[0]
0count[1]
1count[2]
1count[3]
#2733
0clk
0rst
0_02_
0_10_
1_03_
1_11_
1_04_
1_05_
0count[0]
1count[1]
1count[2]
1count[3]
#2734
0clk
0rst
1_02_
0_10_
1_03_
1_11_
1_04_
1_05_
1count[0]
1count[1]
1count[2]
1count[3]
#2735
0clk
0rst
0_02_
1_10_
0_03_
0_11_
0_04_
0_05_
0count[0]
0count[1]
0count[2]
0count[3]
#2736
0clk
0rst
1_02_
0_10_
0_03_
1_11_
0_04_
0_05_
1count[0]
0count[1]
0count[2]
0count[3]
#2737
0clk
0rst
0_02_
0_10_
1_03_
1_11_
0_04_
0_05_
0count[0]
1count[1]
0count[2]
0count[3]
#2738
0clk
0rst
1_02_
0_10_
1_03_
1_11_
0_04_
0_05_
1count[0]
1count[1]
0count[2]
0count[3]
#2739
0clk
0rst
0_02_
1_10_
0_03_
1_11_
1_04_
0_05_
0count[0]
0count[1]
1count[2]
0count[3]
#2740
0clk
0rst
1_02_
0_10_
0_03_
1_11_
1_04_
0_05_
1count[0]
0count[1]
1count[2]
0count[3]
#2741
0clk
0rst
0_02_
0_10_
1_03_
1_11_
1_04_
0_05_
0count[0]
1count[1]
1count[2]
0count[3]
#2742
0clk
0rst
1_02_
0_10_
1_03_
1_11_
1_04_
0_05_
1count[0]
1count[1]
1count[2]
0count[3]
#2743
0clk
0rst
0_02_
1_10_
0_03_
0_11_
0_04_
1_05_
0count[0]
0count[1]
0count[2]
1count[3]
#2744
0clk
0rst
1_02_
0_10_
0_03_
1_11_
0_04_
1_05_
1count[0]
0count[1]
0count[2]
1count[3]
#2745
0clk
0rst
0_02_
0_10_
1_03_
1_11_
0_04_
1_05_
0count[0]
1count[1]
0count[2]
1count[3]
#2746
0clk
0rst
1_02_
0_10_
1_03_
1_11_
0_04_
1_05_
1count[0]
1count[1]
0count[2]
1count[3]
#2747
0clk
0rst
0_02_
1_10_
0_03_
1_11_
1_04_
1_05_
0count[0]
0count[1]
1count[2]
1count[3]
#2748
0clk
0rst
1_02_
0_10_
0_03_
1_11_
1_04_
1_05_
1count[0]
0count[1]
1count[2]
1count[3]
#2749
0clk
0rst
0_02_
0_10_
1_03_
1_11_
1_04_
1_05_
0count[0]
1count[1]
1count[2]
1count[3]
#2750
0clk
0rst
1_02_
0_10_
1_03_
1_11_
1_04_
1_05_
1count[0]
1count[1]
1count[2]
1count[3]
#2751
0clk
0rst
0_02_
1_10_
0_03_
0_11_
0_04_
0_05_
0count[0]
0count[1]
0count[2]
0count[3]
#2752
0clk
0rst
1_02_
0_10_
0_03_
1_11_
0_04_
0_05_
1count[0]
0count[1]
0count[2]
0count[3]
#2753
0clk
0rst
0_02_
0_10_
1_03_
1_11_
0_04_
0_05_
0count[0]
1count[1]
0count[2]
0count[3]
#2754
0clk
0rst
1_02_
0_10_
1_03_
1_11_
0_04_
0_05_
1count[0]
1count[1]
0count[2]
0count[3]
#2755
0clk
0rst
0_02_
1_10_
0_03_
1_11_
1_04_
0_05_
0count[0]
0count[1]
1count[2]
0count[3]
#2756
0clk
0rst
1_02_
0_10_
0_03_
1_11_
1_04_
0_05_
1count[0]
0count[1]
1count[2]
0count[3]
#2757
0clk
0rst
0_02_
0_10_
1_03_
1_11_
1_04_
0_05_
0count[0]
1count[1]
1count[2]
0count[3]
#2758
0clk
0rst
1_02_
0_10_
1_03_
1_11_
1_04_
0_05_
1count[0]
1count[1]
1count[2]
0count[3]
#2759
0clk
0rst
0_02_
1_10_
0_03_
0_11_
0_04_
1_05_
0count[0]
0count[1]
0count[2]
1count[3]
#2760
0clk
0rst
1_02_
0_10_
0_03_
1_11_
0_04_
1_05_
1count[0]
0count[1]
0count[2]
1count[3]
#2761
0clk
0rst
0_02_
0_10_
1_03_
1_11_
0_04_
1_05_
0count[0]
1count[1]
0count[2]
1count[3]
#2762
0clk
0rst
1_02_
0_10_
1_03_
1_11_
0_04_
1_05_
1count[0]
1count[1]
0count[2]
1count[3]
#2763
0clk
0rst
0_02_
1_10_
0_03_
1_11_
1_04_
1_05_
0count[0]
0count[1]
1count[2]
1count[3]
#2764
0clk
0rst
1_02_
0_10_
0_03_
1_11_
1_04_
1_05_
1count[0]
0count[1]
1count[2]
1count[3]
#2765
0clk
0rst
0_02_
0_10_
1_03_
1_11_
1_04_
1_05_
0count[0]
1count[1]
1count[2]
1count[3]
#2766
0clk
0rst
1_02_
0_10_
1_03_
1_11_
1_04_
1_05_
1count[0]
1count[1]
1count[2]
1count[3]
#2767
0clk
0rst
0_02_
1_10_
0_03_
0_11_
0_04_
0_05_
0count[0]
0count[1]
0count[2]
0count[3]
#2768
0clk
0rst
1_02_
0_10_
0_03_
1_11_
0_04_
0_05_
1count[0]
0count[1]
0count[2]
0count[3]
#2769
0clk
0rst
0_02_
0_10_
1_03_
1_11_
0_04_
0_05_
0count[0]
1count[1]
0count[2]
0count[3]
#2770
0clk
0rst
1_02_
0_10_
1_03_
1_11_
0_04_
0_05_
1count[0]
1count[1]
0count[2]
0count[3]
#2771
0clk
0rst
0_02_
1_10_
0_03_
1_11_
1_04_
0_05_
0count[0]
0count[1]
1count[2]
0count[3]
#2772
0clk
0rst
1_02_
0_10_
0_03_
1_11_
1_04_
0_05_
1count[0]
0count[1]
1count[2]
0count[3]
#2773
0clk
0rst
0_02_
0_10_
1_03_
1_11_
1_04_
0_05_
0count[0]
1count[1]
1count[2]
0count[3]
#2774
0clk
0rst
1_02_
0_10_
1_03_
1_11_
1_04_
0_05_
1count[0]
1count[1]
1count[2]
0count[3]
#2775
0clk
0rst
0_02_
1_10_
0_03_
0_11_
0_04_
1_05_
0count[0]
0count[1]
0count[2]
1count[3]
#2776
0clk
0rst
1_02_
0_10_
0_03_
1_11_
0_04_
1_05_
1count[0]
0count[1]
0count[2]
1count[3]
#2777
0clk
0rst
0_02_
0_10_
1_03_
1_11_
0_04_
1_05_
0count[0]
1count[1]
0count[2]
1count[3]
#2778
0clk
0rst
1_02_
0_10_
1_03_
1_11_
0_04_
1_05_
1count[0]
1count[1]
0count[2]
1count[3]
#2779
0clk
0rst
0_02_
1_10_
0_03_
1_11_
1_04_
1_05_
0count[0]
0count[1]
1count[2]
1count[3]
#2780
0clk
0rst
1_02_
0_10_
0_03_
1_11_
1_04_
1_05_
1count[0]
0count[1]
1count[2]
1count[3]
#2781
0clk
0rst
0_02_
0_10_
1_03_
1_11_
1_04_
1_05_
0count[0]
1count[1]
1count[2]
1count[3]
#2782
0clk
0rst
1_02_
0_10_
1_03_
1_11_
1_04_
1_05_
1count[0]
1count[1]
1count[2]
1count[3]
#2783
0clk
0rst
0_02_
1_10_
0_03_
0_11_
0_04_
0_05_
0count[0]
0count[1]
0count[2]
0count[3]
#2784
0clk
0rst
1_02_
0_10_
0_03_
1_11_
0_04_
0_05_
1count[0]
0count[1]
0count[2]
0count[3]
#2785
0clk
0rst
0_02_
0_10_
1_03_
1_11_
0_04_
0_05_
0count[0]
1count[1]
0count[2]
0count[3]
#2786
0clk
0rst
1_02_
0_10_
1_03_
1_11_
0_04_
0_05_
1count[0]
1count[1]
0count[2]
0count[3]
#2787
0clk
0rst
0_02_
1_10_
0_03_
1_11_
1_04_
0_05_
0count[0]
0count[1]
1count[2]
0count[3]
#2788
0clk
0rst
1_02_
0_10_
0_03_
1_11_
1_04_
0_05_
1count[0]
0count[1]
1count[2]
0count[3]
#2789
0clk
0rst
0_02_
0_10_
1_03_
1_11_
1_04_
0_05_
0count[0]
1count[1]
1count[2]
0count[3]
#2790
0clk
0rst
1_02_
0_10_
1_03_
1_11_
1_04_
0_05_
1count[0]
1count[1]
1count[2]
0count[3]
#2791
0clk
0rst
0_02_
1_10_
0_03_
0_11_
0_04_
1_05_
0count[0]
0count[1]
0count[2]
1count[3]
#2792
0clk
0rst
1_02_
0_10_
0_03_
1_11_
0_04_
1_05_
1count[0]
0count[1]
0count[2]
1count[3]
#2793
0clk
0rst
0_02_
0_10_
1_03_
1_11_
0_04_
1_05_
0count[0]
1count[1]
0count[2]
1count[3]
#2794
0clk
0rst
1_02_
0_10_
1_03_
1_11_
0_04_
1_05_
1count[0]
1count[1]
0count[2]
1count[3]
#2795
0clk
0rst
0_02_
1_10_
0_03_
1_11_
1_04_
1_05_
0count[0]
0count[1]
1count[2]
1count[3]
#2796
0clk
0rst
1_02_
0_10_
0_03_
1_11_
1_04_
1_05_
1count[0]
0count[1]
1count[2]
1count[3]
#2797
0clk
0rst
0_02_
0_10_
1_03_
1_11_
1_04_
1_05_
0count[0]
1count[1]
1count[2]
1count[3]
#2798
0clk
0rst
1_02_
0_10_
1_03_
1_11_
1_04_
1_05_
1count[0]
1count[1]
1count[2]
1count[3]
#2799
0clk
0rst
0_02_
1_10_
0_03_
0_11_
0_04_
0_05_
0count[0]
0count[1]
0count[2]
0count[3]
#2800
0clk
0rst
1_02_
0_10_
0_03_
1_11_
0_04_
0_05_
1count[0]
0count[1]
0count[2]
0count[3]
#2801
0clk
0rst
0_02_
0_10_
1_03_
1_11_
0_04_
0_05_
0count[0]
1count[1]
0count[2]
0count[3]
#2802
0clk
0rst
1_02_
0_10_
1_03_
1_11_
0_04_
0_05_
1count[0]
1count[1]
0count[2]
0count[3]
#2803
0clk
0rst
0_02_
1_10_
0_03_
1_11_
1_04_
0_05_
0count[0]
0count[1]
1count[2]
0count[3]
#2804
0clk
0rst
1_02_
0_10_
0_03_
1_11_
1_04_
0_05_
1count[0]
0count[1]
1count[2]
0count[3]
#2805
0clk
0rst
0_02_
0_10_
1_03_
1_11_
1_04_
0_05_
0count[0]
1count[1]
1count[2]
0count[3]
#2806
0clk
0rst
1_02_
0_10_
1_03_
1_11_
1_04_
0_05_
1count[0]
1count[1]
1count[2]
0count[3]
#2807
0clk
0rst
0_02_
1_10_
0_03_
0_11_
0_04_
1_05_
0count[0]
0count[1]
0count[2]
1count[3]
#2808
0clk
0rst
1_02_
0_10_
0_03_
1_11_
0_04_
1_05_
1count[0]
0count[1]
0count[2]
1count[3]
#2809
0clk
0rst
0_02_
0_10_
1_03_
1_11_
0_04_
1_05_
0count[0]
1count[1]
0count[2]
1count[3]
#2810
0clk
0rst
1_02_
0_10_
1_03_
1_11_
0_04_
1_05_
1count[0]
1count[1]
0count[2]
1count[3]
#2811
0clk
0rst
0_02_
1_10_
0_03_
1_11_
1_04_
1_05_
0count[0]
0count[1]
1count[2]
1count[3]
#2812
0clk
0rst
1_02_
0_10_
0_03_
1_11_
1_04_
1_05_
1count[0]
0count[1]
1count[2]
1count[3]
#2813
0clk
0rst
0_02_
0_10_
1_03_
1_11_
1_04_
1_05_
0count[0]
1count[1]
1count[2]
1count[3]
#2814
0clk
0rst
1_02_
0_10_
1_03_
1_11_
1_04_
1_05_
1count[0]
1count[1]
1count[2]
1count[3]
#2815
0clk
0rst
0_02_
1_10_
0_03_
0_11_
0_04_
0_05_
0count[0]
0count[1]
0count[2]
0count[3]
#2816
0clk
0rst
1_02_
0_10_
0_03_
1_11_
0_04_
0_05_
1count[0]
0count[1]
0count[2]
0count[3]
#2817
0clk
0rst
0_02_
0_10_
1_03_
1_11_
0_04_
0_05_
0count[0]
1count[1]
0count[2]
0count[3]
#2818
0clk
0rst
1_02_
0_10_
1_03_
1_11_
0_04_
0_05_
1count[0]
1count[1]
0count[2]
0count[3]
#2819
0clk
0rst
0_02_
1_10_
0_03_
1_11_
1_04_
0_05_
0count[0]
0count[1]
1count[2]
0count[3]
#2820
0clk
0rst
1_02_
0_10_
0_03_
1_11_
1_04_
0_05_
1count[0]
0count[1]
1count[2]
0count[3]
#2821
0clk
0rst
0_02_
0_10_
1_03_
1_11_
1_04_
0_05_
0count[0]
1count[1]
1count[2]
0count[3]
#2822
0clk
0rst
1_02_
0_10_
1_03_
1_11_
1_04_
0_05_
1count[0]
1count[1]
1count[2]
0count[3]
#2823
0clk
0rst
0_02_
1_10_
0_03_
0_11_
0_04_
1_05_
0count[0]
0count[1]
0count[2]
1count[3]
#2824
0clk
0rst
1_02_
0_10_
0_03_
1_11_
0_04_
1_05_
1count[0]
0count[1]
0count[2]
1count[3]
#2825
0clk
0rst
0_02_
0_10_
1_03_
1_11_
0_04_
1_05_
0count[0]
1count[1]
0count[2]
1count[3]
#2826
0clk
0rst
1_02_
0_10_
1_03_
1_11_
0_04_
1_05_
1count[0]
1count[1]
0count[2]
1count[3]
#2827
0clk
0rst
0_02_
1_10_
0_03_
1_11_
1_04_
1_05_
0count[0]
0count[1]
1count[2]
1count[3]
#2828
0clk
0rst
1_02_
0_10_
0_03_
1_11_
1_04_
1_05_
1count[0]
0count[1]
1count[2]
1count[3]
#2829
0clk
0rst
0_02_
0_10_
1_03_
1_11_
1_04_
1_05_
0count[0]
1count[1]
1count[2]
1count[3]
#2830
0clk
0rst
1_02_
0_10_
1_03_
1_11_
1_04_
1_05_
1count[0]
1count[1]
1count[2]
1count[3]
#2831
0clk
0rst
0_02_
1_10_
0_03_
0_11_
0_04_
0_05_
0count[0]
0count[1]
0count[2]
0count[3]
#2832
0clk
0rst
1_02_
0_10_
0_03_
1_11_
0_04_
0_05_
1count[0]
0count[1]
0count[2]
0count[3]
#2833
0clk
0rst
0_02_
0_10_
1_03_
1_11_
0_04_
0_05_
0count[0]
1count[1]
0count[2]
0count[3]
#2834
0clk
0rst
1_02_
0_10_
1_03_
1_11_
0_04_
0_05_
1count[0]
1count[1]
0count[2]
0count[3]
#2835
0clk
0rst
0_02_
1_10_
0_03_
1_11_
1_04_
0_05_
0count[0]
0count[1]
1count[2]
0count[3]
#2836
0clk
0rst
1_02_
0_10_
0_03_
1_11_
1_04_
0_05_
1count[0]
0count[1]
1count[2]
0count[3]
#2837
0clk
0rst
0_02_
0_10_
1_03_
1_11_
1_04_
0_05_
0count[0]
1count[1]
1count[2]
0count[3]
#2838
0clk
0rst
1_02_
0_10_
1_03_
1_11_
1_04_
0_05_
1count[0]
1count[1]
1count[2]
0count[3]
#2839
0clk
0rst
0_02_
1_10_
0_03_
0_11_
0_04_
1_05_
0count[0]
0count[1]
0count[2]
1count[3]
#2840
0clk
0rst
1_02_
0_10_
0_03_
1_11_
0_04_
1_05_
1count[0]
0count[1]
0count[2]
1count[3]
#2841
0clk
0rst
0_02_
0_10_
1_03_
1_11_
0_04_
1_05_
0count[0]
1count[1]
0count[2]
1count[3]
#2842
0clk
0rst
1_02_
0_10_
1_03_
1_11_
0_04_
1_05_
1count[0]
1count[1]
0count[2]
1count[3]
#2843
0clk
0rst
0_02_
1_10_
0_03_
1_11_
1_04_
1_05_
0count[0]
0count[1]
1count[2]
1count[3]
#2844
0clk
0rst
1_02_
0_10_
0_03_
1_11_
1_04_
1_05_
1count[0]
0count[1]
1count[2]
1count[3]
#2845
0clk
0rst
0_02_
0_10_
1_03_
1_11_
1_04_
1_05_
0count[0]
1count[1]
1count[2]
1count[3]
#2846
0clk
0rst
1_02_
0_10_
1_03_
1_11_
1_04_
1_05_
1count[0]
1count[1]
1count[2]
1count[3]
#2847
0clk
0rst
0_02_
1_10_
0_03_
0_11_
0_04_
0_05_
0count[0]
0count[1]
0count[2]
0count[3]
#2848
0clk
0rst
1_02_
0_10_
0_03_
1_11_
0_04_
0_05_
1count[0]
0count[1]
0count[2]
0count[3]
#2849
0clk
0rst
0_02_
0_10_
1_03_
1_11_
0_04_
0_05_
0count[0]
1count[1]
0count[2]
0count[3]
#2850
0clk
0rst
1_02_
0_10_
1_03_
1_11_
0_04_
0_05_
1count[0]
1count[1]
0count[2]
0count[3]
#2851
0clk
0rst
0_02_
1_10_
0_03_
1_11_
1_04_
0_05_
0count[0]
0count[1]
1count[2]
0count[3]
#2852
0clk
0rst
1_02_
0_10_
0_03_
1_11_
1_04_
0_05_
1count[0]
0count[1]
1count[2]
0count[3]
#2853
0clk
0rst
0_02_
0_10_
1_03_
1_11_
1_04_
0_05_
0count[0]
1count[1]
1count[2]
0count[3]
#2854
0clk
0rst
1_02_
0_10_
1_03_
1_11_
1_04_
0_05_
1count[0]
1count[1]
1count[2]
0count[3]
#2855
0clk
0rst
0_02_
1_10_
0_03_
0_11_
0_04_
1_05_
0count[0]
0count[1]
0count[2]
1count[3]
#2856
0clk
0rst
1_02_
0_10_
0_03_
1_11_
0_04_
1_05_
1count[0]
0count[1]
0count[2]
1count[3]
#2857
0clk
0rst
0_02_
0_10_
1_03_
1_11_
0_04_
1_05_
0count[0]
1count[1]
0count[2]
1count[3]
#2858
0clk
0rst
1_02_
0_10_
1_03_
1_11_
0_04_
1_05_
1count[0]
1count[1]
0count[2]
1count[3]
#2859
0clk
0rst
0_02_
1_10_
0_03_
1_11_
1_04_
1_05_
0count[0]
0count[1]
1count[2]
1count[3]
#2860
0clk
0rst
1_02_
0_10_
0_03_
1_11_
1_04_
1_05_
1count[0]
0count[1]
1count[2]
1count[3]
#2861
0clk
0rst
0_02_
0_10_
1_03_
1_11_
1_04_
1_05_
0count[0]
1count[1]
1count[2]
1count[3]
#2862
0clk
0rst
1_02_
0_10_
1_03_
1_11_
1_04_
1_05_
1count[0]
1count[1]
1count[2]
1count[3]
#2863
0clk
0rst
0_02_
1_10_
0_03_
0_11_
0_04_
0_05_
0count[0]
0count[1]
0count[2]
0count[3]
#2864
0clk
0rst
1_02_
0_10_
0_03_
1_11_
0_04_
0_05_
1count[0]
0count[1]
0count[2]
0count[3]
#2865
0clk
0rst
0_02_
0_10_
1_03_
1_11_
0_04_
0_05_
0count[0]
1count[1]
0count[2]
0count[3]
#2866
0clk
0rst
1_02_
0_10_
1_03_
1_11_
0_04_
0_05_
1count[0]
1count[1]
0count[2]
0count[3]
#2867
0clk
0rst
0_02_
1_10_
0_03_
1_11_
1_04_
0_05_
0count[0]
0count[1]
1count[2]
0count[3]
#2868
0clk
0rst
1_02_
0_10_
0_03_
1_11_
1_04_
0_05_
1count[0]
0count[1]
1count[2]
0count[3]
#2869
0clk
0rst
0_02_
0_10_
1_03_
1_11_
1_04_
0_05_
0count[0]
1count[1]
1count[2]
0count[3]
#2870
0clk
0rst
1_02_
0_10_
1_03_
1_11_
1_04_
0_05_
1count[0]
1count[1]
1count[2]
0count[3]
#2871
0clk
0rst
0_02_
1_10_
0_03_
0_11_
0_04_
1_05_
0count[0]
0count[1]
0count[2]
1count[3]
#2872
0clk
0rst
1_02_
0_10_
0_03_
1_11_
0_04_
1_05_
1count[0]
0count[1]
0count[2]
1count[3]
#2873
0clk
0rst
0_02_
0_10_
1_03_
1_11_
0_04_
1_05_
0count[0]
1count[1]
0count[2]
1count[3]
#2874
0clk
0rst
1_02_
0_10_
1_03_
1_11_
0_04_
1_05_
1count[0]
1count[1]
0count[2]
1count[3]
#2875
0clk
0rst
0_02_
1_10_
0_03_
1_11_
1_04_
1_05_
0count[0]
0count[1]
1count[2]
1count[3]
#2876
0clk
0rst
1_02_
0_10_
0_03_
1_11_
1_04_
1_05_
1count[0]
0count[1]
1count[2]
1count[3]
#2877
0clk
0rst
0_02_
0_10_
1_03_
1_11_
1_04_
1_05_
0count[0]
1count[1]
1count[2]
1count[3]
#2878
0clk
0rst
1_02_
0_10_
1_03_
1_11_
1_04_
1_05_
1count[0]
1count[1]
1count[2]
1count[3]
#2879
0clk
0rst
0_02_
1_10_
0_03_
0_11_
0_04_
0_05_
0count[0]
0count[1]
0count[2]
0count[3]
#2880
0clk
0rst
1_02_
0_10_
0_03_
1_11_
0_04_
0_05_
1count[0]
0count[1]
0count[2]
0count[3]
#2881
0clk
0rst
0_02_
0_10_
1_03_
1_11_
0_04_
0_05_
0count[0]
1count[1]
0count[2]
0count[3]
#2882
0clk
0rst
1_02_
0_10_
1_03_
1_11_
0_04_
0_05_
1count[0]
1count[1]
0count[2]
0count[3]
#2883
0clk
0rst
0_02_
1_10_
0_03_
1_11_
1_04_
0_05_
0count[0]
0count[1]
1count[2]
0count[3]
#2884
0clk
0rst
1_02_
0_10_
0_03_
1_11_
1_04_
0_05_
1count[0]
0count[1]
1count[2]
0count[3]
#2885
0clk
0rst
0_02_
0_10_
1_03_
1_11_
1_04_
0_05_
0count[0]
1count[1]
1count[2]
0count[3]
#2886
0clk
0rst
1_02_
0_10_
1_03_
1_11_
1_04_
0_05_
1count[0]
1count[1]
1count[2]
0count[3]
#2887
0clk
0rst
0_02_
1_10_
0_03_
0_11_
0_04_
1_05_
0count[0]
0count[1]
0count[2]
1count[3]
#2888
0clk
0rst
1_02_
0_10_
0_03_
1_11_
0_04_
1_05_
1count[0]
0count[1]
0count[2]
1count[3]
#2889
0clk
0rst
0_02_
0_10_
1_03_
1_11_
0_04_
1_05_
0count[0]
1count[1]
0count[2]
1count[3]
#2890
0clk
0rst
1_02_
0_10_
1_03_
1_11_
0_04_
1_05_
1count[0]
1count[1]
0count[2]
1count[3]
#2891
0clk
0rst
0_02_
1_10_
0_03_
1_11_
1_04_
1_05_
0count[0]
0count[1]
1count[2]
1count[3]
#2892
0clk
0rst
1_02_
0_10_
0_03_
1_11_
1_04_
1_05_
1count[0]
0count[1]
1count[2]
1count[3]
#2893
0clk
0rst
0_02_
0_10_
1_03_
1_11_
1_04_
1_05_
0count[0]
1count[1]
1count[2]
1count[3]
#2894
0clk
0rst
1_02_
0_10_
1_03_
1_11_
1_04_
1_05_
1count[0]
1count[1]
1count[2]
1count[3]
#2895
0clk
0rst
0_02_
1_10_
0_03_
0_11_
0_04_
0_05_
0count[0]
0count[1]
0count[2]
0count[3]
#2896
0clk
0rst
1_02_
0_10_
0_03_
1_11_
0_04_
0_05_
1count[0]
0count[1]
0count[2]
0count[3]
#2897
0clk
0rst
0_02_
0_10_
1_03_
1_11_
0_04_
0_05_
0count[0]
1count[1]
0count[2]
0count[3]
#2898
0clk
0rst
1_02_
0_10_
1_03_
1_11_
0_04_
0_05_
1count[0]
1count[1]
0count[2]
0count[3]
#2899
0clk
0rst
0_02_
1_10_
0_03_
1_11_
1_04_
0_05_
0count[0]
0count[1]
1count[2]
0count[3]
#2900
0clk
0rst
1_02_
0_10_
0_03_
1_11_
1_04_
0_05_
1count[0]
0count[1]
1count[2]
0count[3]
#2901
0clk
0rst
0_02_
0_10_
1_03_
1_11_
1_04_
0_05_
0count[0]
1count[1]
1count[2]
0count[3]
#2902
0clk
0rst
1_02_
0_10_
1_03_
1_11_
1_04_
0_05_
1count[0]
1count[1]
1count[2]
0count[3]
#2903
0clk
0rst
0_02_
1_10_
0_03_
0_11_
0_04_
1_05_
0count[0]
0count[1]
0count[2]
1count[3]
#2904
0clk
0rst
1_02_
0_10_
0_03_
1_11_
0_04_
1_05_
1count[0]
0count[1]
0count[2]
1count[3]
#2905
0clk
0rst
0_02_
0_10_
1_03_
1_11_
0_04_
1_05_
0count[0]
1count[1]
0count[2]
1count[3]
#2906
0clk
0rst
1_02_
0_10_
1_03_
1_11_
0_04_
1_05_
1count[0]
1count[1]
0count[2]
1count[3]
#2907
0clk
0rst
0_02_
1_10_
0_03_
1_11_
1_04_
1_05_
0count[0]
0count[1]
1count[2]
1count[3]
#2908
0clk
0rst
1_02_
0_10_
0_03_
1_11_
1_04_
1_05_
1count[0]
0count[1]
1count[2]
1count[3]
#2909
0clk
0rst
0_02_
0_10_
1_03_
1_11_
1_04_
1_05_
0count[0]
1count[1]
1count[2]
1count[3]
#2910
0clk
0rst
1_02_
0_10_
1_03_
1_11_
1_04_
1_05_
1count[0]
1count[1]
1count[2]
1count[3]
#2911
0clk
0rst
0_02_
1_10_
0_03_
0_11_
0_04_
0_05_
0count[0]
0count[1]
0count[2]
0count[3]
#2912
0clk
0rst
1_02_
0_10_
0_03_
1_11_
0_04_
0_05_
1count[0]
0count[1]
0count[2]
0count[3]
#2913
0clk
0rst
0_02_
0_10_
1_03_
1_11_
0_04_
0_05_
0count[0]
1count[1]
0count[2]
0count[3]
#2914
0clk
0rst
1_02_
0_10_
1_03_
1_11_
0_04_
0_05_
1count[0]
1count[1]
0count[2]
0count[3]
#2915
0clk
0rst
0_02_
1_10_
0_03_
1_11_
1_04_
0_05_
0count[0]
0count[1]
1count[2]
0count[3]
#2916
0clk
0rst
1_02_
0_10_
0_03_
1_11_
1_04_
0_05_
1count[0]
0count[1]
1count[2]
0count[3]
#2917
0clk
0rst
0_02_
0_10_
1_03_
1_11_
1_04_
0_05_
0count[0]
1count[1]
1count[2]
0count[3]
#2918
0clk
0rst
1_02_
0_10_
1_03_
1_11_
1_04_
0_05_
1count[0]
1count[1]
1count[2]
0count[3]
#2919
0clk
0rst
0_02_
1_10_
0_03_
0_11_
0_04_
1_05_
0count[0]
0count[1]
0count[2]
1count[3]
#2920
0clk
0rst
1_02_
0_10_
0_03_
1_11_
0_04_
1_05_
1count[0]
0count[1]
0count[2]
1count[3]
#2921
0clk
0rst
0_02_
0_10_
1_03_
1_11_
0_04_
1_05_
0count[0]
1count[1]
0count[2]
1count[3]
#2922
0clk
0rst
1_02_
0_10_
1_03_
1_11_
0_04_
1_05_
1count[0]
1count[1]
0count[2]
1count[3]
#2923
0clk
0rst
0_02_
1_10_
0_03_
1_11_
1_04_
1_05_
0count[0]
0count[1]
1count[2]
1count[3]
#2924
0clk
0rst
1_02_
0_10_
0_03_
1_11_
1_04_
1_05_
1count[0]
0count[1]
1count[2]
1count[3]
#2925
0clk
0rst
0_02_
0_10_
1_03_
1_11_
1_04_
1_05_
0count[0]
1count[1]
1count[2]
1count[3]
#2926
0clk
0rst
1_02_
0_10_
1_03_
1_11_
1_04_
1_05_
1count[0]
1count[1]
1count[2]
1count[3]
#2927
0clk
0rst
0_02_
1_10_
0_03_
0_11_
0_04_
0_05_
0count[0]
0count[1]
0count[2]
0count[3]
#2928
0clk
0rst
1_02_
0_10_
0_03_
1_11_
0_04_
0_05_
1count[0]
0count[1]
0count[2]
0count[3]
#2929
0clk
0rst
0_02_
0_10_
1_03_
1_11_
0_04_
0_05_
0count[0]
1count[1]
0count[2]
0count[3]
#2930
0clk
0rst
1_02_
0_10_
1_03_
1_11_
0_04_
0_05_
1count[0]
1count[1]
0count[2]
0count[3]
#2931
0clk
0rst
0_02_
1_10_
0_03_
1_11_
1_04_
0_05_
0count[0]
0count[1]
1count[2]
0count[3]
#2932
0clk
0rst
1_02_
0_10_
0_03_
1_11_
1_04_
0_05_
1count[0]
0count[1]
1count[2]
0count[3]
#2933
0clk
0rst
0_02_
0_10_
1_03_
1_11_
1_04_
0_05_
0count[0]
1count[1]
1count[2]
0count[3]
#2934
0clk
0rst
1_02_
0_10_
1_03_
1_11_
1_04_
0_05_
1count[0]
1count[1]
1count[2]
0count[3]
#2935
0clk
0rst
0_02_
1_10_
0_03_
0_11_
0_04_
1_05_
0count[0]
0count[1]
0count[2]
1count[3]
#2936
0clk
0rst
1_02_
0_10_
0_03_
1_11_
0_04_
1_05_
1count[0]
0count[1]
0count[2]
1count[3]
#2937
0clk
0rst
0_02_
0_10_
1_03_
1_11_
0_04_
1_05_
0count[0]
1count[1]
0count[2]
1count[3]
#2938
0clk
0rst
1_02_
0_10_
1_03_
1_11_
0_04_
1_05_
1count[0]
1count[1]
0count[2]
1count[3]
#2939
0clk
0rst
0_02_
1_10_
0_03_
1_11_
1_04_
1_05_
0count[0]
0count[1]
1count[2]
1count[3]
#2940
0clk
0rst
1_02_
0_10_
0_03_
1_11_
1_04_
1_05_
1count[0]
0count[1]
1count[2]
1count[3]
#2941
0clk
0rst
0_02_
0_10_
1_03_
1_11_
1_04_
1_05_
0count[0]
1count[1]
1count[2]
1count[3]
#2942
0clk
0rst
1_02_
0_10_
1_03_
1_11_
1_04_
1_05_
1count[0]
1count[1]
1count[2]
1count[3]
#2943
0clk
0rst
0_02_
1_10_
0_03_
0_11_
0_04_
0_05_
0count[0]
0count[1]
0count[2]
0count[3]
#2944
0clk
0rst
1_02_
0_10_
0_03_
1_11_
0_04_
0_05_
1count[0]
0count[1]
0count[2]
0count[3]
#2945
0clk
0rst
0_02_
0_10_
1_03_
1_11_
0_04_
0_05_
0count[0]
1count[1]
0count[2]
0count[3]
#2946
0clk
0rst
1_02_
0_10_
1_03_
1_11_
0_04_
0_05_
1count[0]
1count[1]
0count[2]
0count[3]
#2947
0clk
0rst
0_02_
1_10_
0_03_
1_11_
1_04_
0_05_
0count[0]
0count[1]
1count[2]
0count[3]
#2948
0clk
0rst
1_02_
0_10_
0_03_
1_11_
1_04_
0_05_
1count[0]
0count[1]
1count[2]
0count[3]
#2949
0clk
0rst
0_02_
0_10_
1_03_
1_11_
1_04_
0_05_
0count[0]
1count[1]
1count[2]
0count[3]
#2950
0clk
0rst
1_02_
0_10_
1_03_
1_11_
1_04_
0_05_
1count[0]
1count[1]
1count[2]
0count[3]
#2951
0clk
0rst
0_02_
1_10_
0_03_
0_11_
0_04_
1_05_
0count[0]
0count[1]
0count[2]
1count[3]
#2952
0clk
0rst
1_02_
0_10_
0_03_
1_11_
0_04_
1_05_
1count[0]
0count[1]
0count[2]
1count[3]
#2953
0clk
0rst
0_02_
0_10_
1_03_
1_11_
0_04_
1_05_
0count[0]
1count[1]
0count[2]
1count[3]
#2954
0clk
0rst
1_02_
0_10_
1_03_
1_11_
0_04_
1_05_
1count[0]
1count[1]
0count[2]
1count[3]
#2955
0clk
0rst
0_02_
1_10_
0_03_
1_11_
1_04_
1_05_
0count[0]
0count[1]
1count[2]
1count[3]
#2956
0clk
0rst
1_02_
0_10_
0_03_
1_11_
1_04_
1_05_
1count[0]
0count[1]
1count[2]
1count[3]
#2957
0clk
0rst
0_02_
0_10_
1_03_
1_11_
1_04_
1_05_
0count[0]
1count[1]
1count[2]
1count[3]
#2958
0clk
0rst
1_02_
0_10_
1_03_
1_11_
1_04_
1_05_
1count[0]
1count[1]
1count[2]
1count[3]
#2959
0clk
0rst
0_02_
1_10_
0_03_
0_11_
0_04_
0_05_
0count[0]
0count[1]
0count[2]
0count[3]
#2960
0clk
0rst
1_02_
0_10_
0_03_
1_11_
0_04_
0_05_
1count[0]
0count[1]
0count[2]
0count[3]
#2961
0clk
0rst
0_02_
0_10_
1_03_
1_11_
0_04_
0_05_
0count[0]
1count[1]
0count[2]
0count[3]
#2962
0clk
0rst
1_02_
0_10_
1_03_
1_11_
0_04_
0_05_
1count[0]
1count[1]
0count[2]
0count[3]
#2963
0clk
0rst
0_02_
1_10_
0_03_
1_11_
1_04_
0_05_
0count[0]
0count[1]
1count[2]
0count[3]
#2964
0clk
0rst
1_02_
0_10_
0_03_
1_11_
1_04_
0_05_
1count[0]
0count[1]
1count[2]
0count[3]
#2965
0clk
0rst
0_02_
0_10_
1_03_
1_11_
1_04_
0_05_
0count[0]
1count[1]
1count[2]
0count[3]
#2966
0clk
0rst
1_02_
0_10_
1_03_
1_11_
1_04_
0_05_
1count[0]
1count[1]
1count[2]
0count[3]
#2967
0clk
0rst
0_02_
1_10_
0_03_
0_11_
0_04_
1_05_
0count[0]
0count[1]
0count[2]
1count[3]
#2968
0clk
0rst
1_02_
0_10_
0_03_
1_11_
0_04_
1_05_
1count[0]
0count[1]
0count[2]
1count[3]
#2969
0clk
0rst
0_02_
0_10_
1_03_
1_11_
0_04_
1_05_
0count[0]
1count[1]
0count[2]
1count[3]
#2970
0clk
0rst
1_02_
0_10_
1_03_
1_11_
0_04_
1_05_
1count[0]
1count[1]
0count[2]
1count[3]
#2971
0clk
0rst
0_02_
1_10_
0_03_
1_11_
1_04_
1_05_
0count[0]
0count[1]
1count[2]
1count[3]
#2972
0clk
0rst
1_02_
0_10_
0_03_
1_11_
1_04_
1_05_
1count[0]
0count[1]
1count[2]
1count[3]
#2973
0clk
0rst
0_02_
0_10_
1_03_
1_11_
1_04_
1_05_
0count[0]
1count[1]
1count[2]
1count[3]
#2974
0clk
0rst
1_02_
0_10_
1_03_
1_11_
1_04_
1_05_
1count[0]
1count[1]
1count[2]
1count[3]
#2975
0clk
0rst
0_02_
1_10_
0_03_
0_11_
0_04_
0_05_
0count[0]
0count[1]
0count[2]
0count[3]
#2976
0clk
0rst
1_02_
0_10_
0_03_
1_11_
0_04_
0_05_
1count[0]
0count[1]
0count[2]
0count[3]
#2977
0clk
0rst
0_02_
0_10_
1_03_
1_11_
0_04_
0_05_
0count[0]
1count[1]
0count[2]
0count[3]
#2978
0clk
0rst
1_02_
0_10_
1_03_
1_11_
0_04_
0_05_
1count[0]
1count[1]
0count[2]
0count[3]
#2979
0clk
0rst
0_02_
1_10_
0_03_
1_11_
1_04_
0_05_
0count[0]
0count[1]
1count[2]
0count[3]
#2980
0clk
0rst
1_02_
0_10_
0_03_
1_11_
1_04_
0_05_
1count[0]
0count[1]
1count[2]
0count[3]
#2981
0clk
0rst
0_02_
0_10_
1_03_
1_11_
1_04_
0_05_
0count[0]
1count[1]
1count[2]
0count[3]
#2982
0clk
0rst
1_02_
0_10_
1_03_
1_11_
1_04_
0_05_
1count[0]
1count[1]
1count[2]
0count[3]
#2983
0clk
0rst
0_02_
1_10_
0_03_
0_11_
0_04_
1_05_
0count[0]
0count[1]
0count[2]
1count[3]
#2984
0clk
0rst
1_02_
0_10_
0_03_
1_11_
0_04_
1_05_
1count[0]
0count[1]
0count[2]
1count[3]
#2985
0clk
0rst
0_02_
0_10_
1_03_
1_11_
0_04_
1_05_
0count[0]
1count[1]
0count[2]
1count[3]
#2986
0clk
0rst
1_02_
0_10_
1_03_
1_11_
0_04_
1_05_
1count[0]
1count[1]
0count[2]
1count[3]
#2987
0clk
0rst
0_02_
1_10_
0_03_
1_11_
1_04_
1_05_
0count[0]
0count[1]
1count[2]
1count[3]
#2988
0clk
0rst
1_02_
0_10_
0_03_
1_11_
1_04_
1_05_
1count[0]
0count[1]
1count[2]
1count[3]
#2989
0clk
0rst
0_02_
0_10_
1_03_
1_11_
1_04_
1_05_
0count[0]
1count[1]
1count[2]
1count[3]
#2990
0clk
0rst
1_02_
0_10_
1_03_
1_11_
1_04_
1_05_
1count[0]
1count[1]
1count[2]
1count[3]
#2991
0clk
0rst
0_02_
1_10_
0_03_
0_11_
0_04_
0_05_
0count[0]
0count[1]
0count[2]
0count[3]
#2992
0clk
0rst
1_02_
0_10_
0_03_
1_11_
0_04_
0_05_
1count[0]
0count[1]
0count[2]
0count[3]
#2993
0clk
0rst
0_02_
0_10_
1_03_
1_11_
0_04_
0_05_
0count[0]
1count[1]
0count[2]
0count[3]
#2994
0clk
0rst
1_02_
0_10_
1_03_
1_11_
0_04_
0_05_
1count[0]
1count[1]
0count[2]
0count[3]
#2995
0clk
0rst
0_02_
1_10_
0_03_
1_11_
1_04_
0_05_
0count[0]
0count[1]
1count[2]
0count[3]
#2996
0clk
0rst
1_02_
0_10_
0_03_
1_11_
1_04_
0_05_
1count[0]
0count[1]
1count[2]
0count[3]
#2997
0clk
0rst
0_02_
0_10_
1_03_
1_11_
1_04_
0_05_
0count[0]
1count[1]
1count[2]
0count[3]
#2998
0clk
0rst
1_02_
0_10_
1_03_
1_11_
1_04_
0_05_
1count[0]
1count[1]
1count[2]
0count[3]
#2999
0clk
0rst
0_02_
1_10_
0_03_
0_11_
0_04_
1_05_
0count[0]
0count[1]
0count[2]
1count[3]
#3000
0clk
0rst
1_02_
0_10_
0_03_
1_11_
0_04_
1_05_
1count[0]
0count[1]
0count[2]
1count[3]
#3001
0clk
0rst
0_02_
0_10_
1_03_
1_11_
0_04_
1_05_
0count[0]
1count[1]
0count[2]
1count[3]
#3002
0clk
0rst
1_02_
0_10_
1_03_
1_11_
0_04_
1_05_
1count[0]
1count[1]
0count[2]
1count[3]
#3003
0clk
0rst
0_02_
1_10_
0_03_
1_11_
1_04_
1_05_
0count[0]
0count[1]
1count[2]
1count[3]
#3004
0clk
0rst
1_02_
0_10_
0_03_
1_11_
1_04_
1_05_
1count[0]
0count[1]
1count[2]
1count[3]
#3005
0clk
0rst
0_02_
0_10_
1_03_
1_11_
1_04_
1_05_
0count[0]
1count[1]
1count[2]
1count[3]
#3006
0clk
0rst
1_02_
0_10_
1_03_
1_11_
1_04_
1_05_
1count[0]
1count[1]
1count[2]
1count[3]
#3007
0clk
0rst
0_02_
1_10_
0_03_
0_11_
0_04_
0_05_
0count[0]
0count[1]
0count[2]
0count[3]
#3008
0clk
0rst
1_02_
0_10_
0_03_
1_11_
0_04_
0_05_
1count[0]
0count[1]
0count[2]
0count[3]
#3009
0clk
0rst
0_02_
0_10_
1_03_
1_11_
0_04_
0_05_
0count[0]
1count[1]
0count[2]
0count[3]
#3010
0clk
0rst
1_02_
0_10_
1_03_
1_11_
0_04_
0_05_
1count[0]
1count[1]
0count[2]
0count[3]
#3011
0clk
0rst
0_02_
1_10_
0_03_
1_11_
1_04_
0_05_
0count[0]
0count[1]
1count[2]
0count[3]
#3012
0clk
0rst
1_02_
0_10_
0_03_
1_11_
1_04_
0_05_
1count[0]
0count[1]
1count[2]
0count[3]
#3013
0clk
0rst
0_02_
0_10_
1_03_
1_11_
1_04_
0_05_
0count[0]
1count[1]
1count[2]
0count[3]
#3014
0clk
0rst
1_02_
0_10_
1_03_
1_11_
1_04_
0_05_
1count[0]
1count[1]
1count[2]
0count[3]
#3015
0clk
0rst
0_02_
1_10_
0_03_
0_11_
0_04_
1_05_
0count[0]
0count[1]
0count[2]
1count[3]
#3016
0clk
0rst
1_02_
0_10_
0_03_
1_11_
0_04_
1_05_
1count[0]
0count[1]
0count[2]
1count[3]
#3017
0clk
0rst
0_02_
0_10_
1_03_
1_11_
0_04_
1_05_
0count[0]
1count[1]
0count[2]
1count[3]
#3018
0clk
0rst
1_02_
0_10_
1_03_
1_11_
0_04_
1_05_
1count[0]
1count[1]
0count[2]
1count[3]
#3019
0clk
0rst
0_02_
1_10_
0_03_
1_11_
1_04_
1_05_
0count[0]
0count[1]
1count[2]
1count[3]
#3020
0clk
0rst
1_02_
0_10_
0_03_
1_11_
1_04_
1_05_
1count[0]
0count[1]
1count[2]
1count[3]
#3021
0clk
0rst
0_02_
0_10_
1_03_
1_11_
1_04_
1_05_
0count[0]
1count[1]
1count[2]
1count[3]
#3022
0clk
0rst
1_02_
0_10_
1_03_
1_11_
1_04_
1_05_
1count[0]
1count[1]
1count[2]
1count[3]
#3023
0clk
0rst
0_02_
1_10_
0_03_
0_11_
0_04_
0_05_
0count[0]
0count[1]
0count[2]
0count[3]
#3024
0clk
0rst
1_02_
0_10_
0_03_
1_11_
0_04_
0_05_
1count[0]
0count[1]
0count[2]
0count[3]
#3025
0clk
0rst
0_02_
0_10_
1_03_
1_11_
0_04_
0_05_
0count[0]
1count[1]
0count[2]
0count[3]
#3026
0clk
0rst
1_02_
0_10_
1_03_
1_11_
0_04_
0_05_
1count[0]
1count[1]
0count[2]
0count[3]
#3027
0clk
0rst
0_02_
1_10_
0_03_
1_11_
1_04_
0_05_
0count[0]
0count[1]
1count[2]
0count[3]
#3028
0clk
0rst
1_02_
0_10_
0_03_
1_11_
1_04_
0_05_
1count[0]
0count[1]
1count[2]
0count[3]
#3029
0clk
0rst
0_02_
0_10_
1_03_
1_11_
1_04_
0_05_
0count[0]
1count[1]
1count[2]
0count[3]
#3030
0clk
0rst
1_02_
0_10_
1_03_
1_11_
1_04_
0_05_
1count[0]
1count[1]
1count[2]
0count[3]
#3031
0clk
0rst
0_02_
1_10_
0_03_
0_11_
0_04_
1_05_
0count[0]
0count[1]
0count[2]
1count[3]
#3032
0clk
0rst
1_02_
0_10_
0_03_
1_11_
0_04_
1_05_
1count[0]
0count[1]
0count[2]
1count[3]
#3033
0clk
0rst
0_02_
0_10_
1_03_
1_11_
0_04_
1_05_
0count[0]
1count[1]
0count[2]
1count[3]
#3034
0clk
0rst
1_02_
0_10_
1_03_
1_11_
0_04_
1_05_
1count[0]
1count[1]
0count[2]
1count[3]
#3035
0clk
0rst
0_02_
1_10_
0_03_
1_11_
1_04_
1_05_
0count[0]
0count[1]
1count[2]
1count[3]
#3036
0clk
0rst
1_02_
0_10_
0_03_
1_11_
1_04_
1_05_
1count[0]
0count[1]
1count[2]
1count[3]
#3037
0clk
0rst
0_02_
0_10_
1_03_
1_11_
1_04_
1_05_
0count[0]
1count[1]
1count[2]
1count[3]
#3038
0clk
0rst
1_02_
0_10_
1_03_
1_11_
1_04_
1_05_
1count[0]
1count[1]
1count[2]
1count[3]
#3039
0clk
0rst
0_02_
1_10_
0_03_
0_11_
0_04_
0_05_
0count[0]
0count[1]
0count[2]
0count[3]
#3040
0clk
0rst
1_02_
0_10_
0_03_
1_11_
0_04_
0_05_
1count[0]
0count[1]
0count[2]
0count[3]
#3041
0clk
0rst
0_02_
0_10_
1_03_
1_11_
0_04_
0_05_
0count[0]
1count[1]
0count[2]
0count[3]
#3042
0clk
0rst
1_02_
0_10_
1_03_
1_11_
0_04_
0_05_
1count[0]
1count[1]
0count[2]
0count[3]
#3043
0clk
0rst
0_02_
1_10_
0_03_
1_11_
1_04_
0_05_
0count[0]
0count[1]
1count[2]
0count[3]
#3044
0clk
0rst
1_02_
0_10_
0_03_
1_11_
1_04_
0_05_
1count[0]
0count[1]
1count[2]
0count[3]
#3045
0clk
0rst
0_02_
0_10_
1_03_
1_11_
1_04_
0_05_
0count[0]
1count[1]
1count[2]
0count[3]
#3046
0clk
0rst
1_02_
0_10_
1_03_
1_11_
1_04_
0_05_
1count[0]
1count[1]
1count[2]
0count[3]
#3047
0clk
0rst
0_02_
1_10_
0_03_
0_11_
0_04_
1_05_
0count[0]
0count[1]
0count[2]
1count[3]
#3048
0clk
0rst
1_02_
0_10_
0_03_
1_11_
0_04_
1_05_
1count[0]
0count[1]
0count[2]
1count[3]
#3049
0clk
0rst
0_02_
0_10_
1_03_
1_11_
0_04_
1_05_
0count[0]
1count[1]
0count[2]
1count[3]
#3050
0clk
0rst
1_02_
0_10_
1_03_
1_11_
0_04_
1_05_
1count[0]
1count[1]
0count[2]
1count[3]
#3051
0clk
0rst
0_02_
1_10_
0_03_
1_11_
1_04_
1_05_
0count[0]
0count[1]
1count[2]
1count[3]
#3052
0clk
0rst
1_02_
0_10_
0_03_
1_11_
1_04_
1_05_
1count[0]
0count[1]
1count[2]
1count[3]
#3053
0clk
0rst
0_02_
0_10_
1_03_
1_11_
1_04_
1_05_
0count[0]
1count[1]
1count[2]
1count[3]
#3054
0clk
0rst
1_02_
0_10_
1_03_
1_11_
1_04_
1_05_
1count[0]
1count[1]
1count[2]
1count[3]
#3055
0clk
0rst
0_02_
1_10_
0_03_
0_11_
0_04_
0_05_
0count[0]
0count[1]
0count[2]
0count[3]
#3056
0clk
0rst
1_02_
0_10_
0_03_
1_11_
0_04_
0_05_
1count[0]
0count[1]
0count[2]
0count[3]
#3057
0clk
0rst
0_02_
0_10_
1_03_
1_11_
0_04_
0_05_
0count[0]
1count[1]
0count[2]
0count[3]
#3058
0clk
0rst
1_02_
0_10_
1_03_
1_11_
0_04_
0_05_
1count[0]
1count[1]
0count[2]
0count[3]
#3059
0clk
0rst
0_02_
1_10_
0_03_
1_11_
1_04_
0_05_
0count[0]
0count[1]
1count[2]
0count[3]
#3060
0clk
0rst
1_02_
0_10_
0_03_
1_11_
1_04_
0_05_
1count[0]
0count[1]
1count[2]
0count[3]
#3061
0clk
0rst
0_02_
0_10_
1_03_
1_11_
1_04_
0_05_
0count[0]
1count[1]
1count[2]
0count[3]
#3062
0clk
0rst
1_02_
0_10_
1_03_
1_11_
1_04_
0_05_
1count[0]
1count[1]
1count[2]
0count[3]
#3063
0clk
0rst
0_02_
1_10_
0_03_
0_11_
0_04_
1_05_
0count[0]
0count[1]
0count[2]
1count[3]
#3064
0clk
0rst
1_02_
0_10_
0_03_
1_11_
0_04_
1_05_
1count[0]
0count[1]
0count[2]
1count[3]
#3065
0clk
0rst
0_02_
0_10_
1_03_
1_11_
0_04_
1_05_
0count[0]
1count[1]
0count[2]
1count[3]
#3066
0clk
0rst
1_02_
0_10_
1_03_
1_11_
0_04_
1_05_
1count[0]
1count[1]
0count[2]
1count[3]
#3067
0clk
0rst
0_02_
1_10_
0_03_
1_11_
1_04_
1_05_
0count[0]
0count[1]
1count[2]
1count[3]
#3068
0clk
0rst
1_02_
0_10_
0_03_
1_11_
1_04_
1_05_
1count[0]
0count[1]
1count[2]
1count[3]
#3069
0clk
0rst
0_02_
0_10_
1_03_
1_11_
1_04_
1_05_
0count[0]
1count[1]
1count[2]
1count[3]
#3070
0clk
0rst
1_02_
0_10_
1_03_
1_11_
1_04_
1_05_
1count[0]
1count[1]
1count[2]
1count[3]
#3071
0clk
0rst
0_02_
1_10_
0_03_
0_11_
0_04_
0_05_
0count[0]
0count[1]
0count[2]
0count[3]
#3072
0clk
0rst
1_02_
0_10_
0_03_
1_11_
0_04_
0_05_
1count[0]
0count[1]
0count[2]
0count[3]
#3073
0clk
0rst
0_02_
0_10_
1_03_
1_11_
0_04_
0_05_
0count[0]
1count[1]
0count[2]
0count[3]
#3074
0clk
0rst
1_02_
0_10_
1_03_
1_11_
0_04_
0_05_
1count[0]
1count[1]
0count[2]
0count[3]
#3075
0clk
0rst
0_02_
1_10_
0_03_
1_11_
1_04_
0_05_
0count[0]
0count[1]
1count[2]
0count[3]
#3076
0clk
0rst
1_02_
0_10_
0_03_
1_11_
1_04_
0_05_
1count[0]
0count[1]
1count[2]
0count[3]
#3077
0clk
0rst
0_02_
0_10_
1_03_
1_11_
1_04_
0_05_
0count[0]
1count[1]
1count[2]
0count[3]
#3078
0clk
0rst
1_02_
0_10_
1_03_
1_11_
1_04_
0_05_
1count[0]
1count[1]
1count[2]
0count[3]
#3079
0clk
0rst
0_02_
1_10_
0_03_
0_11_
0_04_
1_05_
0count[0]
0count[1]
0count[2]
1count[3]
#3080
0clk
0rst
1_02_
0_10_
0_03_
1_11_
0_04_
1_05_
1count[0]
0count[1]
0count[2]
1count[3]
#3081
0clk
0rst
0_02_
0_10_
1_03_
1_11_
0_04_
1_05_
0count[0]
1count[1]
0count[2]
1count[3]
#3082
0clk
0rst
1_02_
0_10_
1_03_
1_11_
0_04_
1_05_
1count[0]
1count[1]
0count[2]
1count[3]
#3083
0clk
0rst
0_02_
1_10_
0_03_
1_11_
1_04_
1_05_
0count[0]
0count[1]
1count[2]
1count[3]
#3084
0clk
0rst
1_02_
0_10_
0_03_
1_11_
1_04_
1_05_
1count[0]
0count[1]
1count[2]
1count[3]
#3085
0clk
0rst
0_02_
0_10_
1_03_
1_11_
1_04_
1_05_
0count[0]
1count[1]
1count[2]
1count[3]
#3086
0clk
0rst
1_02_
0_10_
1_03_
1_11_
1_04_
1_05_
1count[0]
1count[1]
1count[2]
1count[3]
#3087
0clk
0rst
0_02_
1_10_
0_03_
0_11_
0_04_
0_05_
0count[0]
0count[1]
0count[2]
0count[3]
#3088
0clk
0rst
1_02_
0_10_
0_03_
1_11_
0_04_
0_05_
1count[0]
0count[1]
0count[2]
0count[3]
#3089
0clk
0rst
0_02_
0_10_
1_03_
1_11_
0_04_
0_05_
0count[0]
1count[1]
0count[2]
0count[3]
#3090
0clk
0rst
1_02_
0_10_
1_03_
1_11_
0_04_
0_05_
1count[0]
1count[1]
0count[2]
0count[3]
#3091
0clk
0rst
0_02_
1_10_
0_03_
1_11_
1_04_
0_05_
0count[0]
0count[1]
1count[2]
0count[3]
#3092
0clk
0rst
1_02_
0_10_
0_03_
1_11_
1_04_
0_05_
1count[0]
0count[1]
1count[2]
0count[3]
#3093
0clk
0rst
0_02_
0_10_
1_03_
1_11_
1_04_
0_05_
0count[0]
1count[1]
1count[2]
0count[3]
#3094
0clk
0rst
1_02_
0_10_
1_03_
1_11_
1_04_
0_05_
1count[0]
1count[1]
1count[2]
0count[3]
#3095
0clk
0rst
0_02_
1_10_
0_03_
0_11_
0_04_
1_05_
0count[0]
0count[1]
0count[2]
1count[3]
#3096
0clk
0rst
1_02_
0_10_
0_03_
1_11_
0_04_
1_05_
1count[0]
0count[1]
0count[2]
1count[3]
#3097
0clk
0rst
0_02_
0_10_
1_03_
1_11_
0_04_
1_05_
0count[0]
1count[1]
0count[2]
1count[3]
#3098
0clk
0rst
1_02_
0_10_
1_03_
1_11_
0_04_
1_05_
1count[0]
1count[1]
0count[2]
1count[3]
#3099
0clk
0rst
0_02_
1_10_
0_03_
1_11_
1_04_
1_05_
0count[0]
0count[1]
1count[2]
1count[3]
#3100
0clk
0rst
1_02_
0_10_
0_03_
1_11_
1_04_
1_05_
1count[0]
0count[1]
1count[2]
1count[3]
#3101
0clk
0rst
0_02_
0_10_
1_03_
1_11_
1_04_
1_05_
0count[0]
1count[1]
1count[2]
1count[3]
#3102
0clk
0rst
1_02_
0_10_
1_03_
1_11_
1_04_
1_05_
1count[0]
1count[1]
1count[2]
1count[3]
#3103
0clk
0rst
0_02_
1_10_
0_03_
0_11_
0_04_
0_05_
0count[0]
0count[1]
0count[2]
0count[3]
#3104
0clk
0rst
1_02_
0_10_
0_03_
1_11_
0_04_
0_05_
1count[0]
0count[1]
0count[2]
0count[3]
#3105
0clk
0rst
0_02_
0_10_
1_03_
1_11_
0_04_
0_05_
0count[0]
1count[1]
0count[2]
0count[3]
#3106
0clk
0rst
1_02_
0_10_
1_03_
1_11_
0_04_
0_05_
1count[0]
1count[1]
0count[2]
0count[3]
#3107
0clk
0rst
0_02_
1_10_
0_03_
1_11_
1_04_
0_05_
0count[0]
0count[1]
1count[2]
0count[3]
#3108
0clk
0rst
1_02_
0_10_
0_03_
1_11_
1_04_
0_05_
1count[0]
0count[1]
1count[2]
0count[3]
#3109
0clk
0rst
0_02_
0_10_
1_03_
1_11_
1_04_
0_05_
0count[0]
1count[1]
1count[2]
0count[3]
#3110
0clk
0rst
1_02_
0_10_
1_03_
1_11_
1_04_
0_05_
1count[0]
1count[1]
1count[2]
0count[3]
#3111
0clk
0rst
0_02_
1_10_
0_03_
0_11_
0_04_
1_05_
0count[0]
0count[1]
0count[2]
1count[3]
#3112
0clk
0rst
1_02_
0_10_
0_03_
1_11_
0_04_
1_05_
1count[0]
0count[1]
0count[2]
1count[3]
#3113
0clk
0rst
0_02_
0_10_
1_03_
1_11_
0_04_
1_05_
0count[0]
1count[1]
0count[2]
1count[3]
#3114
0clk
0rst
1_02_
0_10_
1_03_
1_11_
0_04_
1_05_
1count[0]
1count[1]
0count[2]
1count[3]
#3115
0clk
0rst
0_02_
1_10_
0_03_
1_11_
1_04_
1_05_
0count[0]
0count[1]
1count[2]
1count[3]
#3116
0clk
0rst
1_02_
0_10_
0_03_
1_11_
1_04_
1_05_
1count[0]
0count[1]
1count[2]
1count[3]
#3117
0clk
0rst
0_02_
0_10_
1_03_
1_11_
1_04_
1_05_
0count[0]
1count[1]
1count[2]
1count[3]
#3118
0clk
0rst
1_02_
0_10_
1_03_
1_11_
1_04_
1_05_
1count[0]
1count[1]
1count[2]
1count[3]
#3119
0clk
0rst
0_02_
1_10_
0_03_
0_11_
0_04_
0_05_
0count[0]
0count[1]
0count[2]
0count[3]
#3120
0clk
0rst
1_02_
0_10_
0_03_
1_11_
0_04_
0_05_
1count[0]
0count[1]
0count[2]
0count[3]
#3121
0clk
0rst
0_02_
0_10_
1_03_
1_11_
0_04_
0_05_
0count[0]
1count[1]
0count[2]
0count[3]
#3122
0clk
0rst
1_02_
0_10_
1_03_
1_11_
0_04_
0_05_
1count[0]
1count[1]
0count[2]
0count[3]
#3123
0clk
0rst
0_02_
1_10_
0_03_
1_11_
1_04_
0_05_
0count[0]
0count[1]
1count[2]
0count[3]
#3124
0clk
0rst
1_02_
0_10_
0_03_
1_11_
1_04_
0_05_
1count[0]
0count[1]
1count[2]
0count[3]
#3125
0clk
0rst
0_02_
0_10_
1_03_
1_11_
1_04_
0_05_
0count[0]
1count[1]
1count[2]
0count[3]
#3126
0clk
0rst
1_02_
0_10_
1_03_
1_11_
1_04_
0_05_
1count[0]
1count[1]
1count[2]
0count[3]
#3127
0clk
0rst
0_02_
1_10_
0_03_
0_11_
0_04_
1_05_
0count[0]
0count[1]
0count[2]
1count[3]
#3128
0clk
0rst
1_02_
0_10_
0_03_
1_11_
0_04_
1_05_
1count[0]
0count[1]
0count[2]
1count[3]
#3129
0clk
0rst
0_02_
0_10_
1_03_
1_11_
0_04_
1_05_
0count[0]
1count[1]
0count[2]
1count[3]
#3130
0clk
0rst
1_02_
0_10_
1_03_
1_11_
0_04_
1_05_
1count[0]
1count[1]
0count[2]
1count[3]
#3131
0clk
0rst
0_02_
1_10_
0_03_
1_11_
1_04_
1_05_
0count[0]
0count[1]
1count[2]
1count[3]
#3132
0clk
0rst
1_02_
0_10_
0_03_
1_11_
1_04_
1_05_
1count[0]
0count[1]
1count[2]
1count[3]
#3133
0clk
0rst
0_02_
0_10_
1_03_
1_11_
1_04_
1_05_
0count[0]
1count[1]
1count[2]
1count[3]
#3134
0clk
0rst
1_02_
0_10_
1_03_
1_11_
1_04_
1_05_
1count[0]
1count[1]
1count[2]
1count[3]
#3135
0clk
0rst
0_02_
1_10_
0_03_
0_11_
0_04_
0_05_
0count[0]
0count[1]
0count[2]
0count[3]
#3136
0clk
0rst
1_02_
0_10_
0_03_
1_11_
0_04_
0_05_
1count[0]
0count[1]
0count[2]
0count[3]
#3137
0clk
0rst
0_02_
0_10_
1_03_
1_11_
0_04_
0_05_
0count[0]
1count[1]
0count[2]
0count[3]
#3138
0clk
0rst
1_02_
0_10_
1_03_
1_11_
0_04_
0_05_
1count[0]
1count[1]
0count[2]
0count[3]
#3139
0clk
0rst
0_02_
1_10_
0_03_
1_11_
1_04_
0_05_
0count[0]
0count[1]
1count[2]
0count[3]
#3140
0clk
0rst
1_02_
0_10_
0_03_
1_11_
1_04_
0_05_
1count[0]
0count[1]
1count[2]
0count[3]
#3141
0clk
0rst
0_02_
0_10_
1_03_
1_11_
1_04_
0_05_
0count[0]
1count[1]
1count[2]
0count[3]
#3142
0clk
0rst
1_02_
0_10_
1_03_
1_11_
1_04_
0_05_
1count[0]
1count[1]
1count[2]
0count[3]
#3143
0clk
0rst
0_02_
1_10_
0_03_
0_11_
0_04_
1_05_
0count[0]
0count[1]
0count[2]
1count[3]
#3144
0clk
0rst
1_02_
0_10_
0_03_
1_11_
0_04_
1_05_
1count[0]
0count[1]
0count[2]
1count[3]
#3145
0clk
0rst
0_02_
0_10_
1_03_
1_11_
0_04_
1_05_
0count[0]
1count[1]
0count[2]
1count[3]
#3146
0clk
0rst
1_02_
0_10_
1_03_
1_11_
0_04_
1_05_
1count[0]
1count[1]
0count[2]
1count[3]
#3147
0clk
0rst
0_02_
1_10_
0_03_
1_11_
1_04_
1_05_
0count[0]
0count[1]
1count[2]
1count[3]
#3148
0clk
0rst
1_02_
0_10_
0_03_
1_11_
1_04_
1_05_
1count[0]
0count[1]
1count[2]
1count[3]
#3149
0clk
0rst
0_02_
0_10_
1_03_
1_11_
1_04_
1_05_
0count[0]
1count[1]
1count[2]
1count[3]
#3150
0clk
0rst
1_02_
0_10_
1_03_
1_11_
1_04_
1_05_
1count[0]
1count[1]
1count[2]
1count[3]
#3151
0clk
0rst
0_02_
1_10_
0_03_
0_11_
0_04_
0_05_
0count[0]
0count[1]
0count[2]
0count[3]
#3152
0clk
0rst
1_02_
0_10_
0_03_
1_11_
0_04_
0_05_
1count[0]
0count[1]
0count[2]
0count[3]
#3153
0clk
0rst
0_02_
0_10_
1_03_
1_11_
0_04_
0_05_
0count[0]
1count[1]
0count[2]
0count[3]
#3154
0clk
0rst
1_02_
0_10_
1_03_
1_11_
0_04_
0_05_
1count[0]
1count[1]
0count[2]
0count[3]
#3155
0clk
0rst
0_02_
1_10_
0_03_
1_11_
1_04_
0_05_
0count[0]
0count[1]
1count[2]
0count[3]
#3156
0clk
0rst
1_02_
0_10_
0_03_
1_11_
1_04_
0_05_
1count[0]
0count[1]
1count[2]
0count[3]
#3157
0clk
0rst
0_02_
0_10_
1_03_
1_11_
1_04_
0_05_
0count[0]
1count[1]
1count[2]
0count[3]
#3158
0clk
0rst
1_02_
0_10_
1_03_
1_11_
1_04_
0_05_
1count[0]
1count[1]
1count[2]
0count[3]
#3159
0clk
0rst
0_02_
1_10_
0_03_
0_11_
0_04_
1_05_
0count[0]
0count[1]
0count[2]
1count[3]
#3160
0clk
0rst
1_02_
0_10_
0_03_
1_11_
0_04_
1_05_
1count[0]
0count[1]
0count[2]
1count[3]
#3161
0clk
0rst
0_02_
0_10_
1_03_
1_11_
0_04_
1_05_
0count[0]
1count[1]
0count[2]
1count[3]
#3162
0clk
0rst
1_02_
0_10_
1_03_
1_11_
0_04_
1_05_
1count[0]
1count[1]
0count[2]
1count[3]
#3163
0clk
0rst
0_02_
1_10_
0_03_
1_11_
1_04_
1_05_
0count[0]
0count[1]
1count[2]
1count[3]
#3164
0clk
0rst
1_02_
0_10_
0_03_
1_11_
1_04_
1_05_
1count[0]
0count[1]
1count[2]
1count[3]
#3165
0clk
0rst
0_02_
0_10_
1_03_
1_11_
1_04_
1_05_
0count[0]
1count[1]
1count[2]
1count[3]
#3166
0clk
0rst
1_02_
0_10_
1_03_
1_11_
1_04_
1_05_
1count[0]
1count[1]
1count[2]
1count[3]
#3167
0clk
0rst
0_02_
1_10_
0_03_
0_11_
0_04_
0_05_
0count[0]
0count[1]
0count[2]
0count[3]
#3168
0clk
0rst
1_02_
0_10_
0_03_
1_11_
0_04_
0_05_
1count[0]
0count[1]
0count[2]
0count[3]
#3169
0clk
0rst
0_02_
0_10_
1_03_
1_11_
0_04_
0_05_
0count[0]
1count[1]
0count[2]
0count[3]
#3170
0clk
0rst
1_02_
0_10_
1_03_
1_11_
0_04_
0_05_
1count[0]
1count[1]
0count[2]
0count[3]
#3171
0clk
0rst
0_02_
1_10_
0_03_
1_11_
1_04_
0_05_
0count[0]
0count[1]
1count[2]
0count[3]
#3172
0clk
0rst
1_02_
0_10_
0_03_
1_11_
1_04_
0_05_
1count[0]
0count[1]
1count[2]
0count[3]
#3173
0clk
0rst
0_02_
0_10_
1_03_
1_11_
1_04_
0_05_
0count[0]
1count[1]
1count[2]
0count[3]
#3174
0clk
0rst
1_02_
0_10_
1_03_
1_11_
1_04_
0_05_
1count[0]
1count[1]
1count[2]
0count[3]
#3175
0clk
0rst
0_02_
1_10_
0_03_
0_11_
0_04_
1_05_
0count[0]
0count[1]
0count[2]
1count[3]
#3176
0clk
0rst
1_02_
0_10_
0_03_
1_11_
0_04_
1_05_
1count[0]
0count[1]
0count[2]
1count[3]
#3177
0clk
0rst
0_02_
0_10_
1_03_
1_11_
0_04_
1_05_
0count[0]
1count[1]
0count[2]
1count[3]
#3178
0clk
0rst
1_02_
0_10_
1_03_
1_11_
0_04_
1_05_
1count[0]
1count[1]
0count[2]
1count[3]
#3179
0clk
0rst
0_02_
1_10_
0_03_
1_11_
1_04_
1_05_
0count[0]
0count[1]
1count[2]
1count[3]
#3180
0clk
0rst
1_02_
0_10_
0_03_
1_11_
1_04_
1_05_
1count[0]
0count[1]
1count[2]
1count[3]
#3181
0clk
0rst
0_02_
0_10_
1_03_
1_11_
1_04_
1_05_
0count[0]
1count[1]
1count[2]
1count[3]
#3182
0clk
0rst
1_02_
0_10_
1_03_
1_11_
1_04_
1_05_
1count[0]
1count[1]
1count[2]
1count[3]
#3183
0clk
0rst
0_02_
1_10_
0_03_
0_11_
0_04_
0_05_
0count[0]
0count[1]
0count[2]
0count[3]
#3184
0clk
0rst
1_02_
0_10_
0_03_
1_11_
0_04_
0_05_
1count[0]
0count[1]
0count[2]
0count[3]
#3185
0clk
0rst
0_02_
0_10_
1_03_
1_11_
0_04_
0_05_
0count[0]
1count[1]
0count[2]
0count[3]
#3186
0clk
0rst
1_02_
0_10_
1_03_
1_11_
0_04_
0_05_
1count[0]
1count[1]
0count[2]
0count[3]
#3187
0clk
0rst
0_02_
1_10_
0_03_
1_11_
1_04_
0_05_
0count[0]
0count[1]
1count[2]
0count[3]
#3188
0clk
0rst
1_02_
0_10_
0_03_
1_11_
1_04_
0_05_
1count[0]
0count[1]
1count[2]
0count[3]
#3189
0clk
0rst
0_02_
0_10_
1_03_
1_11_
1_04_
0_05_
0count[0]
1count[1]
1count[2]
0count[3]
#3190
0clk
0rst
1_02_
0_10_
1_03_
1_11_
1_04_
0_05_
1count[0]
1count[1]
1count[2]
0count[3]
#3191
0clk
0rst
0_02_
1_10_
0_03_
0_11_
0_04_
1_05_
0count[0]
0count[1]
0count[2]
1count[3]
#3192
0clk
0rst
1_02_
0_10_
0_03_
1_11_
0_04_
1_05_
1count[0]
0count[1]
0count[2]
1count[3]
#3193
0clk
0rst
0_02_
0_10_
1_03_
1_11_
0_04_
1_05_
0count[0]
1count[1]
0count[2]
1count[3]
#3194
0clk
0rst
1_02_
0_10_
1_03_
1_11_
0_04_
1_05_
1count[0]
1count[1]
0count[2]
1count[3]
#3195
0clk
0rst
0_02_
1_10_
0_03_
1_11_
1_04_
1_05_
0count[0]
0count[1]
1count[2]
1count[3]
#3196
0clk
0rst
1_02_
0_10_
0_03_
1_11_
1_04_
1_05_
1count[0]
0count[1]
1count[2]
1count[3]
#3197
0clk
0rst
0_02_
0_10_
1_03_
1_11_
1_04_
1_05_
0count[0]
1count[1]
1count[2]
1count[3]
#3198
0clk
0rst
1_02_
0_10_
1_03_
1_11_
1_04_
1_05_
1count[0]
1count[1]
1count[2]
1count[3]
#3199
0clk
0rst
0_02_
1_10_
0_03_
0_11_
0_04_
0_05_
0count[0]
0count[1]
0count[2]
0count[3]
#3200
0clk
0rst
1_02_
0_10_
0_03_
1_11_
0_04_
0_05_
1count[0]
0count[1]
0count[2]
0count[3]
#3201
0clk
0rst
0_02_
0_10_
1_03_
1_11_
0_04_
0_05_
0count[0]
1count[1]
0count[2]
0count[3]
#3202
0clk
0rst
1_02_
0_10_
1_03_
1_11_
0_04_
0_05_
1count[0]
1count[1]
0count[2]
0count[3]
#3203
0clk
0rst
0_02_
1_10_
0_03_
1_11_
1_04_
0_05_
0count[0]
0count[1]
1count[2]
0count[3]
#3204
0clk
0rst
1_02_
0_10_
0_03_
1_11_
1_04_
0_05_
1count[0]
0count[1]
1count[2]
0count[3]
#3205
0clk
0rst
0_02_
0_10_
1_03_
1_11_
1_04_
0_05_
0count[0]
1count[1]
1count[2]
0count[3]
#3206
0clk
0rst
1_02_
0_10_
1_03_
1_11_
1_04_
0_05_
1count[0]
1count[1]
1count[2]
0count[3]
#3207
0clk
0rst
0_02_
1_10_
0_03_
0_11_
0_04_
1_05_
0count[0]
0count[1]
0count[2]
1count[3]
#3208
0clk
0rst
1_02_
0_10_
0_03_
1_11_
0_04_
1_05_
1count[0]
0count[1]
0count[2]
1count[3]
#3209
0clk
0rst
0_02_
0_10_
1_03_
1_11_
0_04_
1_05_
0count[0]
1count[1]
0count[2]
1count[3]
#3210
0clk
0rst
1_02_
0_10_
1_03_
1_11_
0_04_
1_05_
1count[0]
1count[1]
0count[2]
1count[3]
#3211
0clk
0rst
0_02_
1_10_
0_03_
1_11_
1_04_
1_05_
0count[0]
0count[1]
1count[2]
1count[3]
#3212
0clk
0rst
1_02_
0_10_
0_03_
1_11_
1_04_
1_05_
1count[0]
0count[1]
1count[2]
1count[3]
#3213
0clk
0rst
0_02_
0_10_
1_03_
1_11_
1_04_
1_05_
0count[0]
1count[1]
1count[2]
1count[3]
#3214
0clk
0rst
1_02_
0_10_
1_03_
1_11_
1_04_
1_05_
1count[0]
1count[1]
1count[2]
1count[3]
#3215
0clk
0rst
0_02_
1_10_
0_03_
0_11_
0_04_
0_05_
0count[0]
0count[1]
0count[2]
0count[3]
#3216
0clk
0rst
1_02_
0_10_
0_03_
1_11_
0_04_
0_05_
1count[0]
0count[1]
0count[2]
0count[3]
#3217
0clk
0rst
0_02_
0_10_
1_03_
1_11_
0_04_
0_05_
0count[0]
1count[1]
0count[2]
0count[3]
#3218
0clk
0rst
1_02_
0_10_
1_03_
1_11_
0_04_
0_05_
1count[0]
1count[1]
0count[2]
0count[3]
#3219
0clk
0rst
0_02_
1_10_
0_03_
1_11_
1_04_
0_05_
0count[0]
0count[1]
1count[2]
0count[3]
#3220
0clk
0rst
1_02_
0_10_
0_03_
1_11_
1_04_
0_05_
1count[0]
0count[1]
1count[2]
0count[3]
#3221
0clk
0rst
0_02_
0_10_
1_03_
1_11_
1_04_
0_05_
0count[0]
1count[1]
1count[2]
0count[3]
#3222
0clk
0rst
1_02_
0_10_
1_03_
1_11_
1_04_
0_05_
1count[0]
1count[1]
1count[2]
0count[3]
#3223
0clk
0rst
0_02_
1_10_
0_03_
0_11_
0_04_
1_05_
0count[0]
0count[1]
0count[2]
1count[3]
#3224
0clk
0rst
1_02_
0_10_
0_03_
1_11_
0_04_
1_05_
1count[0]
0count[1]
0count[2]
1count[3]
#3225
0clk
0rst
0_02_
0_10_
1_03_
1_11_
0_04_
1_05_
0count[0]
1count[1]
0count[2]
1count[3]
#3226
0clk
0rst
1_02_
0_10_
1_03_
1_11_
0_04_
1_05_
1count[0]
1count[1]
0count[2]
1count[3]
#3227
0clk
0rst
0_02_
1_10_
0_03_
1_11_
1_04_
1_05_
0count[0]
0count[1]
1count[2]
1count[3]
#3228
0clk
0rst
1_02_
0_10_
0_03_
1_11_
1_04_
1_05_
1count[0]
0count[1]
1count[2]
1count[3]
#3229
0clk
0rst
0_02_
0_10_
1_03_
1_11_
1_04_
1_05_
0count[0]
1count[1]
1count[2]
1count[3]
#3230
0clk
0rst
1_02_
0_10_
1_03_
1_11_
1_04_
1_05_
1count[0]
1count[1]
1count[2]
1count[3]
#3231
0clk
0rst
0_02_
1_10_
0_03_
0_11_
0_04_
0_05_
0count[0]
0count[1]
0count[2]
0count[3]
#3232
0clk
0rst
1_02_
0_10_
0_03_
1_11_
0_04_
0_05_
1count[0]
0count[1]
0count[2]
0count[3]
#3233
0clk
0rst
0_02_
0_10_
1_03_
1_11_
0_04_
0_05_
0count[0]
1count[1]
0count[2]
0count[3]
#3234
0clk
0rst
1_02_
0_10_
1_03_
1_11_
0_04_
0_05_
1count[0]
1count[1]
0count[2]
0count[3]
#3235
0clk
0rst
0_02_
1_10_
0_03_
1_11_
1_04_
0_05_
0count[0]
0count[1]
1count[2]
0count[3]
#3236
0clk
0rst
1_02_
0_10_
0_03_
1_11_
1_04_
0_05_
1count[0]
0count[1]
1count[2]
0count[3]
#3237
0clk
0rst
0_02_
0_10_
1_03_
1_11_
1_04_
0_05_
0count[0]
1count[1]
1count[2]
0count[3]
#3238
0clk
0rst
1_02_
0_10_
1_03_
1_11_
1_04_
0_05_
1count[0]
1count[1]
1count[2]
0count[3]
#3239
0clk
0rst
0_02_
1_10_
0_03_
0_11_
0_04_
1_05_
0count[0]
0count[1]
0count[2]
1count[3]
#3240
0clk
0rst
1_02_
0_10_
0_03_
1_11_
0_04_
1_05_
1count[0]
0count[1]
0count[2]
1count[3]
#3241
0clk
0rst
0_02_
0_10_
1_03_
1_11_
0_04_
1_05_
0count[0]
1count[1]
0count[2]
1count[3]
#3242
0clk
0rst
1_02_
0_10_
1_03_
1_11_
0_04_
1_05_
1count[0]
1count[1]
0count[2]
1count[3]
#3243
0clk
0rst
0_02_
1_10_
0_03_
1_11_
1_04_
1_05_
0count[0]
0count[1]
1count[2]
1count[3]
#3244
0clk
0rst
1_02_
0_10_
0_03_
1_11_
1_04_
1_05_
1count[0]
0count[1]
1count[2]
1count[3]
#3245
0clk
0rst
0_02_
0_10_
1_03_
1_11_
1_04_
1_05_
0count[0]
1count[1]
1count[2]
1count[3]
#3246
0clk
0rst
1_02_
0_10_
1_03_
1_11_
1_04_
1_05_
1count[0]
1count[1]
1count[2]
1count[3]
#3247
0clk
0rst
0_02_
1_10_
0_03_
0_11_
0_04_
0_05_
0count[0]
0count[1]
0count[2]
0count[3]
#3248
0clk
0rst
1_02_
0_10_
0_03_
1_11_
0_04_
0_05_
1count[0]
0count[1]
0count[2]
0count[3]
#3249
0clk
0rst
0_02_
0_10_
1_03_
1_11_
0_04_
0_05_
0count[0]
1count[1]
0count[2]
0count[3]
#3250
0clk
0rst
1_02_
0_10_
1_03_
1_11_
0_04_
0_05_
1count[0]
1count[1]
0count[2]
0count[3]
#3251
0clk
0rst
0_02_
1_10_
0_03_
1_11_
1_04_
0_05_
0count[0]
0count[1]
1count[2]
0count[3]
#3252
0clk
0rst
1_02_
0_10_
0_03_
1_11_
1_04_
0_05_
1count[0]
0count[1]
1count[2]
0count[3]
#3253
0clk
0rst
0_02_
0_10_
1_03_
1_11_
1_04_
0_05_
0count[0]
1count[1]
1count[2]
0count[3]
#3254
0clk
0rst
1_02_
0_10_
1_03_
1_11_
1_04_
0_05_
1count[0]
1count[1]
1count[2]
0count[3]
#3255
0clk
0rst
0_02_
1_10_
0_03_
0_11_
0_04_
1_05_
0count[0]
0count[1]
0count[2]
1count[3]
#3256
0clk
0rst
1_02_
0_10_
0_03_
1_11_
0_04_
1_05_
1count[0]
0count[1]
0count[2]
1count[3]
#3257
0clk
0rst
0_02_
0_10_
1_03_
1_11_
0_04_
1_05_
0count[0]
1count[1]
0count[2]
1count[3]
#3258
0clk
0rst
1_02_
0_10_
1_03_
1_11_
0_04_
1_05_
1count[0]
1count[1]
0count[2]
1count[3]
#3259
0clk
0rst
0_02_
1_10_
0_03_
1_11_
1_04_
1_05_
0count[0]
0count[1]
1count[2]
1count[3]
#3260
0clk
0rst
1_02_
0_10_
0_03_
1_11_
1_04_
1_05_
1count[0]
0count[1]
1count[2]
1count[3]
#3261
0clk
0rst
0_02_
0_10_
1_03_
1_11_
1_04_
1_05_
0count[0]
1count[1]
1count[2]
1count[3]
#3262
0clk
0rst
1_02_
0_10_
1_03_
1_11_
1_04_
1_05_
1count[0]
1count[1]
1count[2]
1count[3]
#3263
0clk
0rst
0_02_
1_10_
0_03_
0_11_
0_04_
0_05_
0count[0]
0count[1]
0count[2]
0count[3]
#3264
0clk
0rst
1_02_
0_10_
0_03_
1_11_
0_04_
0_05_
1count[0]
0count[1]
0count[2]
0count[3]
#3265
0clk
0rst
0_02_
0_10_
1_03_
1_11_
0_04_
0_05_
0count[0]
1count[1]
0count[2]
0count[3]
#3266
0clk
0rst
1_02_
0_10_
1_03_
1_11_
0_04_
0_05_
1count[0]
1count[1]
0count[2]
0count[3]
#3267
0clk
0rst
0_02_
1_10_
0_03_
1_11_
1_04_
0_05_
0count[0]
0count[1]
1count[2]
0count[3]
#3268
0clk
0rst
1_02_
0_10_
0_03_
1_11_
1_04_
0_05_
1count[0]
0count[1]
1count[2]
0count[3]
#3269
0clk
0rst
0_02_
0_10_
1_03_
1_11_
1_04_
0_05_
0count[0]
1count[1]
1count[2]
0count[3]
#3270
0clk
0rst
1_02_
0_10_
1_03_
1_11_
1_04_
0_05_
1count[0]
1count[1]
1count[2]
0count[3]
#3271
0clk
0rst
0_02_
1_10_
0_03_
0_11_
0_04_
1_05_
0count[0]
0count[1]
0count[2]
1count[3]
#3272
0clk
0rst
1_02_
0_10_
0_03_
1_11_
0_04_
1_05_
1count[0]
0count[1]
0count[2]
1count[3]
#3273
0clk
0rst
0_02_
0_10_
1_03_
1_11_
0_04_
1_05_
0count[0]
1count[1]
0count[2]
1count[3]
#3274
0clk
0rst
1_02_
0_10_
1_03_
1_11_
0_04_
1_05_
1count[0]
1count[1]
0count[2]
1count[3]
#3275
0clk
0rst
0_02_
1_10_
0_03_
1_11_
1_04_
1_05_
0count[0]
0count[1]
1count[2]
1count[3]
#3276
0clk
0rst
1_02_
0_10_
0_03_
1_11_
1_04_
1_05_
1count[0]
0count[1]
1count[2]
1count[3]
#3277
0clk
0rst
0_02_
0_10_
1_03_
1_11_
1_04_
1_05_
0count[0]
1count[1]
1count[2]
1count[3]
#3278
0clk
0rst
1_02_
0_10_
1_03_
1_11_
1_04_
1_05_
1count[0]
1count[1]
1count[2]
1count[3]
#3279
0clk
0rst
0_02_
1_10_
0_03_
0_11_
0_04_
0_05_
0count[0]
0count[1]
0count[2]
0count[3]
#3280
0clk
0rst
1_02_
0_10_
0_03_
1_11_
0_04_
0_05_
1count[0]
0count[1]
0count[2]
0count[3]
#3281
0clk
0rst
0_02_
0_10_
1_03_
1_11_
0_04_
0_05_
0count[0]
1count[1]
0count[2]
0count[3]
#3282
0clk
0rst
1_02_
0_10_
1_03_
1_11_
0_04_
0_05_
1count[0]
1count[1]
0count[2]
0count[3]
#3283
0clk
0rst
0_02_
1_10_
0_03_
1_11_
1_04_
0_05_
0count[0]
0count[1]
1count[2]
0count[3]
#3284
0clk
0rst
1_02_
0_10_
0_03_
1_11_
1_04_
0_05_
1count[0]
0count[1]
1count[2]
0count[3]
#3285
0clk
0rst
0_02_
0_10_
1_03_
1_11_
1_04_
0_05_
0count[0]
1count[1]
1count[2]
0count[3]
#3286
0clk
0rst
1_02_
0_10_
1_03_
1_11_
1_04_
0_05_
1count[0]
1count[1]
1count[2]
0count[3]
#3287
0clk
0rst
0_02_
1_10_
0_03_
0_11_
0_04_
1_05_
0count[0]
0count[1]
0count[2]
1count[3]
#3288
0clk
0rst
1_02_
0_10_
0_03_
1_11_
0_04_
1_05_
1count[0]
0count[1]
0count[2]
1count[3]
#3289
0clk
0rst
0_02_
0_10_
1_03_
1_11_
0_04_
1_05_
0count[0]
1count[1]
0count[2]
1count[3]
#3290
0clk
0rst
1_02_
0_10_
1_03_
1_11_
0_04_
1_05_
1count[0]
1count[1]
0count[2]
1count[3]
#3291
0clk
0rst
0_02_
1_10_
0_03_
1_11_
1_04_
1_05_
0count[0]
0count[1]
1count[2]
1count[3]
#3292
0clk
0rst
1_02_
0_10_
0_03_
1_11_
1_04_
1_05_
1count[0]
0count[1]
1count[2]
1count[3]
#3293
0clk
0rst
0_02_
0_10_
1_03_
1_11_
1_04_
1_05_
0count[0]
1count[1]
1count[2]
1count[3]
#3294
0clk
0rst
1_02_
0_10_
1_03_
1_11_
1_04_
1_05_
1count[0]
1count[1]
1count[2]
1count[3]
#3295
0clk
0rst
0_02_
1_10_
0_03_
0_11_
0_04_
0_05_
0count[0]
0count[1]
0count[2]
0count[3]
#3296
0clk
0rst
1_02_
0_10_
0_03_
1_11_
0_04_
0_05_
1count[0]
0count[1]
0count[2]
0count[3]
#3297
0clk
0rst
0_02_
0_10_
1_03_
1_11_
0_04_
0_05_
0count[0]
1count[1]
0count[2]
0count[3]
#3298
0clk
0rst
1_02_
0_10_
1_03_
1_11_
0_04_
0_05_
1count[0]
1count[1]
0count[2]
0count[3]
#3299
0clk
0rst
0_02_
1_10_
0_03_
1_11_
1_04_
0_05_
0count[0]
0count[1]
1count[2]
0count[3]
#3300
0clk
0rst
1_02_
0_10_
0_03_
1_11_
1_04_
0_05_
1count[0]
0count[1]
1count[2]
0count[3]
#3301
0clk
0rst
0_02_
0_10_
1_03_
1_11_
1_04_
0_05_
0count[0]
1count[1]
1count[2]
0count[3]
#3302
0clk
0rst
1_02_
0_10_
1_03_
1_11_
1_04_
0_05_
1count[0]
1count[1]
1count[2]
0count[3]
#3303
0clk
0rst
0_02_
1_10_
0_03_
0_11_
0_04_
1_05_
0count[0]
0count[1]
0count[2]
1count[3]
#3304
0clk
0rst
1_02_
0_10_
0_03_
1_11_
0_04_
1_05_
1count[0]
0count[1]
0count[2]
1count[3]
#3305
0clk
0rst
0_02_
0_10_
1_03_
1_11_
0_04_
1_05_
0count[0]
1count[1]
0count[2]
1count[3]
#3306
0clk
0rst
1_02_
0_10_
1_03_
1_11_
0_04_
1_05_
1count[0]
1count[1]
0count[2]
1count[3]
#3307
0clk
0rst
0_02_
1_10_
0_03_
1_11_
1_04_
1_05_
0count[0]
0count[1]
1count[2]
1count[3]
#3308
0clk
0rst
1_02_
0_10_
0_03_
1_11_
1_04_
1_05_
1count[0]
0count[1]
1count[2]
1count[3]
#3309
0clk
0rst
0_02_
0_10_
1_03_
1_11_
1_04_
1_05_
0count[0]
1count[1]
1count[2]
1count[3]
#3310
0clk
0rst
1_02_
0_10_
1_03_
1_11_
1_04_
1_05_
1count[0]
1count[1]
1count[2]
1count[3]
#3311
0clk
0rst
0_02_
1_10_
0_03_
0_11_
0_04_
0_05_
0count[0]
0count[1]
0count[2]
0count[3]
#3312
0clk
0rst
1_02_
0_10_
0_03_
1_11_
0_04_
0_05_
1count[0]
0count[1]
0count[2]
0count[3]
#3313
0clk
0rst
0_02_
0_10_
1_03_
1_11_
0_04_
0_05_
0count[0]
1count[1]
0count[2]
0count[3]
#3314
0clk
0rst
1_02_
0_10_
1_03_
1_11_
0_04_
0_05_
1count[0]
1count[1]
0count[2]
0count[3]
#3315
0clk
0rst
0_02_
1_10_
0_03_
1_11_
1_04_
0_05_
0count[0]
0count[1]
1count[2]
0count[3]
#3316
0clk
0rst
1_02_
0_10_
0_03_
1_11_
1_04_
0_05_
1count[0]
0count[1]
1count[2]
0count[3]
#3317
0clk
0rst
0_02_
0_10_
1_03_
1_11_
1_04_
0_05_
0count[0]
1count[1]
1count[2]
0count[3]
#3318
0clk
0rst
1_02_
0_10_
1_03_
1_11_
1_04_
0_05_
1count[0]
1count[1]
1count[2]
0count[3]
#3319
0clk
0rst
0_02_
1_10_
0_03_
0_11_
0_04_
1_05_
0count[0]
0count[1]
0count[2]
1count[3]
#3320
0clk
0rst
1_02_
0_10_
0_03_
1_11_
0_04_
1_05_
1count[0]
0count[1]
0count[2]
1count[3]
#3321
0clk
0rst
0_02_
0_10_
1_03_
1_11_
0_04_
1_05_
0count[0]
1count[1]
0count[2]
1count[3]
#3322
0clk
0rst
1_02_
0_10_
1_03_
1_11_
0_04_
1_05_
1count[0]
1count[1]
0count[2]
1count[3]
#3323
0clk
0rst
0_02_
1_10_
0_03_
1_11_
1_04_
1_05_
0count[0]
0count[1]
1count[2]
1count[3]
#3324
0clk
0rst
1_02_
0_10_
0_03_
1_11_
1_04_
1_05_
1count[0]
0count[1]
1count[2]
1count[3]
#3325
0clk
0rst
0_02_
0_10_
1_03_
1_11_
1_04_
1_05_
0count[0]
1count[1]
1count[2]
1count[3]
#3326
0clk
0rst
1_02_
0_10_
1_03_
1_11_
1_04_
1_05_
1count[0]
1count[1]
1count[2]
1count[3]
#3327
0clk
0rst
0_02_
1_10_
0_03_
0_11_
0_04_
0_05_
0count[0]
0count[1]
0count[2]
0count[3]
#3328
0clk
0rst
1_02_
0_10_
0_03_
1_11_
0_04_
0_05_
1count[0]
0count[1]
0count[2]
0count[3]
#3329
0clk
0rst
0_02_
0_10_
1_03_
1_11_
0_04_
0_05_
0count[0]
1count[1]
0count[2]
0count[3]
#3330
0clk
0rst
1_02_
0_10_
1_03_
1_11_
0_04_
0_05_
1count[0]
1count[1]
0count[2]
0count[3]
#3331
0clk
0rst
0_02_
1_10_
0_03_
1_11_
1_04_
0_05_
0count[0]
0count[1]
1count[2]
0count[3]
#3332
0clk
0rst
1_02_
0_10_
0_03_
1_11_
1_04_
0_05_
1count[0]
0count[1]
1count[2]
0count[3]
#3333
0clk
0rst
0_02_
0_10_
1_03_
1_11_
1_04_
0_05_
0count[0]
1count[1]
1count[2]
0count[3]
#3334
0clk
0rst
1_02_
0_10_
1_03_
1_11_
1_04_
0_05_
1count[0]
1count[1]
1count[2]
0count[3]
#3335
0clk
0rst
0_02_
1_10_
0_03_
0_11_
0_04_
1_05_
0count[0]
0count[1]
0count[2]
1count[3]
#3336
0clk
0rst
1_02_
0_10_
0_03_
1_11_
0_04_
1_05_
1count[0]
0count[1]
0count[2]
1count[3]
#3337
0clk
0rst
0_02_
0_10_
1_03_
1_11_
0_04_
1_05_
0count[0]
1count[1]
0count[2]
1count[3]
#3338
0clk
0rst
1_02_
0_10_
1_03_
1_11_
0_04_
1_05_
1count[0]
1count[1]
0count[2]
1count[3]
#3339
0clk
0rst
0_02_
1_10_
0_03_
1_11_
1_04_
1_05_
0count[0]
0count[1]
1count[2]
1count[3]
#3340
0clk
0rst
1_02_
0_10_
0_03_
1_11_
1_04_
1_05_
1count[0]
0count[1]
1count[2]
1count[3]
#3341
0clk
0rst
0_02_
0_10_
1_03_
1_11_
1_04_
1_05_
0count[0]
1count[1]
1count[2]
1count[3]
#3342
0clk
0rst
1_02_
0_10_
1_03_
1_11_
1_04_
1_05_
1count[0]
1count[1]
1count[2]
1count[3]
#3343
0clk
0rst
0_02_
1_10_
0_03_
0_11_
0_04_
0_05_
0count[0]
0count[1]
0count[2]
0count[3]
#3344
0clk
0rst
1_02_
0_10_
0_03_
1_11_
0_04_
0_05_
1count[0]
0count[1]
0count[2]
0count[3]
#3345
0clk
0rst
0_02_
0_10_
1_03_
1_11_
0_04_
0_05_
0count[0]
1count[1]
0count[2]
0count[3]
#3346
0clk
0rst
1_02_
0_10_
1_03_
1_11_
0_04_
0_05_
1count[0]
1count[1]
0count[2]
0count[3]
#3347
0clk
0rst
0_02_
1_10_
0_03_
1_11_
1_04_
0_05_
0count[0]
0count[1]
1count[2]
0count[3]
#3348
0clk
0rst
1_02_
0_10_
0_03_
1_11_
1_04_
0_05_
1count[0]
0count[1]
1count[2]
0count[3]
#3349
0clk
0rst
0_02_
0_10_
1_03_
1_11_
1_04_
0_05_
0count[0]
1count[1]
1count[2]
0count[3]
#3350
0clk
0rst
1_02_
0_10_
1_03_
1_11_
1_04_
0_05_
1count[0]
1count[1]
1count[2]
0count[3]
#3351
0clk
0rst
0_02_
1_10_
0_03_
0_11_
0_04_
1_05_
0count[0]
0count[1]
0count[2]
1count[3]
#3352
0clk
0rst
1_02_
0_10_
0_03_
1_11_
0_04_
1_05_
1count[0]
0count[1]
0count[2]
1count[3]
#3353
0clk
0rst
0_02_
0_10_
1_03_
1_11_
0_04_
1_05_
0count[0]
1count[1]
0count[2]
1count[3]
#3354
0clk
0rst
1_02_
0_10_
1_03_
1_11_
0_04_
1_05_
1count[0]
1count[1]
0count[2]
1count[3]
#3355
0clk
0rst
0_02_
1_10_
0_03_
1_11_
1_04_
1_05_
0count[0]
0count[1]
1count[2]
1count[3]
#3356
0clk
0rst
1_02_
0_10_
0_03_
1_11_
1_04_
1_05_
1count[0]
0count[1]
1count[2]
1count[3]
#3357
0clk
0rst
0_02_
0_10_
1_03_
1_11_
1_04_
1_05_
0count[0]
1count[1]
1count[2]
1count[3]
#3358
0clk
0rst
1_02_
0_10_
1_03_
1_11_
1_04_
1_05_
1count[0]
1count[1]
1count[2]
1count[3]
#3359
0clk
0rst
0_02_
1_10_
0_03_
0_11_
0_04_
0_05_
0count[0]
0count[1]
0count[2]
0count[3]
#3360
0clk
0rst
1_02_
0_10_
0_03_
1_11_
0_04_
0_05_
1count[0]
0count[1]
0count[2]
0count[3]
#3361
0clk
0rst
0_02_
0_10_
1_03_
1_11_
0_04_
0_05_
0count[0]
1count[1]
0count[2]
0count[3]
#3362
0clk
0rst
1_02_
0_10_
1_03_
1_11_
0_04_
0_05_
1count[0]
1count[1]
0count[2]
0count[3]
#3363
0clk
0rst
0_02_
1_10_
0_03_
1_11_
1_04_
0_05_
0count[0]
0count[1]
1count[2]
0count[3]
#3364
0clk
0rst
1_02_
0_10_
0_03_
1_11_
1_04_
0_05_
1count[0]
0count[1]
1count[2]
0count[3]
#3365
0clk
0rst
0_02_
0_10_
1_03_
1_11_
1_04_
0_05_
0count[0]
1count[1]
1count[2]
0count[3]
#3366
0clk
0rst
1_02_
0_10_
1_03_
1_11_
1_04_
0_05_
1count[0]
1count[1]
1count[2]
0count[3]
#3367
0clk
0rst
0_02_
1_10_
0_03_
0_11_
0_04_
1_05_
0count[0]
0count[1]
0count[2]
1count[3]
#3368
0clk
0rst
1_02_
0_10_
0_03_
1_11_
0_04_
1_05_
1count[0]
0count[1]
0count[2]
1count[3]
#3369
0clk
0rst
0_02_
0_10_
1_03_
1_11_
0_04_
1_05_
0count[0]
1count[1]
0count[2]
1count[3]
#3370
0clk
0rst
1_02_
0_10_
1_03_
1_11_
0_04_
1_05_
1count[0]
1count[1]
0count[2]
1count[3]
#3371
0clk
0rst
0_02_
1_10_
0_03_
1_11_
1_04_
1_05_
0count[0]
0count[1]
1count[2]
1count[3]
#3372
0clk
0rst
1_02_
0_10_
0_03_
1_11_
1_04_
1_05_
1count[0]
0count[1]
1count[2]
1count[3]
#3373
0clk
0rst
0_02_
0_10_
1_03_
1_11_
1_04_
1_05_
0count[0]
1count[1]
1count[2]
1count[3]
#3374
0clk
0rst
1_02_
0_10_
1_03_
1_11_
1_04_
1_05_
1count[0]
1count[1]
1count[2]
1count[3]
#3375
0clk
0rst
0_02_
1_10_
0_03_
0_11_
0_04_
0_05_
0count[0]
0count[1]
0count[2]
0count[3]
#3376
0clk
0rst
1_02_
0_10_
0_03_
1_11_
0_04_
0_05_
1count[0]
0count[1]
0count[2]
0count[3]
#3377
0clk
0rst
0_02_
0_10_
1_03_
1_11_
0_04_
0_05_
0count[0]
1count[1]
0count[2]
0count[3]
#3378
0clk
0rst
1_02_
0_10_
1_03_
1_11_
0_04_
0_05_
1count[0]
1count[1]
0count[2]
0count[3]
#3379
0clk
0rst
0_02_
1_10_
0_03_
1_11_
1_04_
0_05_
0count[0]
0count[1]
1count[2]
0count[3]
#3380
0clk
0rst
1_02_
0_10_
0_03_
1_11_
1_04_
0_05_
1count[0]
0count[1]
1count[2]
0count[3]
#3381
0clk
0rst
0_02_
0_10_
1_03_
1_11_
1_04_
0_05_
0count[0]
1count[1]
1count[2]
0count[3]
#3382
0clk
0rst
1_02_
0_10_
1_03_
1_11_
1_04_
0_05_
1count[0]
1count[1]
1count[2]
0count[3]
#3383
0clk
0rst
0_02_
1_10_
0_03_
0_11_
0_04_
1_05_
0count[0]
0count[1]
0count[2]
1count[3]
#3384
0clk
0rst
1_02_
0_10_
0_03_
1_11_
0_04_
1_05_
1count[0]
0count[1]
0count[2]
1count[3]
#3385
0clk
0rst
0_02_
0_10_
1_03_
1_11_
0_04_
1_05_
0count[0]
1count[1]
0count[2]
1count[3]
#3386
0clk
0rst
1_02_
0_10_
1_03_
1_11_
0_04_
1_05_
1count[0]
1count[1]
0count[2]
1count[3]
#3387
0clk
0rst
0_02_
1_10_
0_03_
1_11_
1_04_
1_05_
0count[0]
0count[1]
1count[2]
1count[3]
#3388
0clk
0rst
1_02_
0_10_
0_03_
1_11_
1_04_
1_05_
1count[0]
0count[1]
1count[2]
1count[3]
#3389
0clk
0rst
0_02_
0_10_
1_03_
1_11_
1_04_
1_05_
0count[0]
1count[1]
1count[2]
1count[3]
#3390
0clk
0rst
1_02_
0_10_
1_03_
1_11_
1_04_
1_05_
1count[0]
1count[1]
1count[2]
1count[3]
#3391
0clk
0rst
0_02_
1_10_
0_03_
0_11_
0_04_
0_05_
0count[0]
0count[1]
0count[2]
0count[3]
#3392
0clk
0rst
1_02_
0_10_
0_03_
1_11_
0_04_
0_05_
1count[0]
0count[1]
0count[2]
0count[3]
#3393
0clk
0rst
0_02_
0_10_
1_03_
1_11_
0_04_
0_05_
0count[0]
1count[1]
0count[2]
0count[3]
#3394
0clk
0rst
1_02_
0_10_
1_03_
1_11_
0_04_
0_05_
1count[0]
1count[1]
0count[2]
0count[3]
#3395
0clk
0rst
0_02_
1_10_
0_03_
1_11_
1_04_
0_05_
0count[0]
0count[1]
1count[2]
0count[3]
#3396
0clk
0rst
1_02_
0_10_
0_03_
1_11_
1_04_
0_05_
1count[0]
0count[1]
1count[2]
0count[3]
#3397
0clk
0rst
0_02_
0_10_
1_03_
1_11_
1_04_
0_05_
0count[0]
1count[1]
1count[2]
0count[3]
#3398
0clk
0rst
1_02_
0_10_
1_03_
1_11_
1_04_
0_05_
1count[0]
1count[1]
1count[2]
0count[3]
#3399
0clk
0rst
0_02_
1_10_
0_03_
0_11_
0_04_
1_05_
0count[0]
0count[1]
0count[2]
1count[3]
#3400
0clk
0rst
1_02_
0_10_
0_03_
1_11_
0_04_
1_05_
1count[0]
0count[1]
0count[2]
1count[3]
#3401
0clk
0rst
0_02_
0_10_
1_03_
1_11_
0_04_
1_05_
0count[0]
1count[1]
0count[2]
1count[3]
#3402
0clk
0rst
1_02_
0_10_
1_03_
1_11_
0_04_
1_05_
1count[0]
1count[1]
0count[2]
1count[3]
#3403
0clk
0rst
0_02_
1_10_
0_03_
1_11_
1_04_
1_05_
0count[0]
0count[1]
1count[2]
1count[3]
#3404
0clk
0rst
1_02_
0_10_
0_03_
1_11_
1_04_
1_05_
1count[0]
0count[1]
1count[2]
1count[3]
#3405
0clk
0rst
0_02_
0_10_
1_03_
1_11_
1_04_
1_05_
0count[0]
1count[1]
1count[2]
1count[3]
#3406
0clk
0rst
1_02_
0_10_
1_03_
1_11_
1_04_
1_05_
1count[0]
1count[1]
1count[2]
1count[3]
#3407
0clk
0rst
0_02_
1_10_
0_03_
0_11_
0_04_
0_05_
0count[0]
0count[1]
0count[2]
0count[3]
#3408
0clk
0rst
1_02_
0_10_
0_03_
1_11_
0_04_
0_05_
1count[0]
0count[1]
0count[2]
0count[3]
#3409
0clk
0rst
0_02_
0_10_
1_03_
1_11_
0_04_
0_05_
0count[0]
1count[1]
0count[2]
0count[3]
#3410
0clk
0rst
1_02_
0_10_
1_03_
1_11_
0_04_
0_05_
1count[0]
1count[1]
0count[2]
0count[3]
#3411
0clk
0rst
0_02_
1_10_
0_03_
1_11_
1_04_
0_05_
0count[0]
0count[1]
1count[2]
0count[3]
#3412
0clk
0rst
1_02_
0_10_
0_03_
1_11_
1_04_
0_05_
1count[0]
0count[1]
1count[2]
0count[3]
#3413
0clk
0rst
0_02_
0_10_
1_03_
1_11_
1_04_
0_05_
0count[0]
1count[1]
1count[2]
0count[3]
#3414
0clk
0rst
1_02_
0_10_
1_03_
1_11_
1_04_
0_05_
1count[0]
1count[1]
1count[2]
0count[3]
#3415
0clk
0rst
0_02_
1_10_
0_03_
0_11_
0_04_
1_05_
0count[0]
0count[1]
0count[2]
1count[3]
#3416
0clk
0rst
1_02_
0_10_
0_03_
1_11_
0_04_
1_05_
1count[0]
0count[1]
0count[2]
1count[3]
#3417
0clk
0rst
0_02_
0_10_
1_03_
1_11_
0_04_
1_05_
0count[0]
1count[1]
0count[2]
1count[3]
#3418
0clk
0rst
1_02_
0_10_
1_03_
1_11_
0_04_
1_05_
1count[0]
1count[1]
0count[2]
1count[3]
#3419
0clk
0rst
0_02_
1_10_
0_03_
1_11_
1_04_
1_05_
0count[0]
0count[1]
1count[2]
1count[3]
#3420
0clk
0rst
1_02_
0_10_
0_03_
1_11_
1_04_
1_05_
1count[0]
0count[1]
1count[2]
1count[3]
#3421
0clk
0rst
0_02_
0_10_
1_03_
1_11_
1_04_
1_05_
0count[0]
1count[1]
1count[2]
1count[3]
#3422
0clk
0rst
1_02_
0_10_
1_03_
1_11_
1_04_
1_05_
1count[0]
1count[1]
1count[2]
1count[3]
#3423
0clk
0rst
0_02_
1_10_
0_03_
0_11_
0_04_
0_05_
0count[0]
0count[1]
0count[2]
0count[3]
#3424
0clk
0rst
1_02_
0_10_
0_03_
1_11_
0_04_
0_05_
1count[0]
0count[1]
0count[2]
0count[3]
#3425
0clk
0rst
0_02_
0_10_
1_03_
1_11_
0_04_
0_05_
0count[0]
1count[1]
0count[2]
0count[3]
#3426
0clk
0rst
1_02_
0_10_
1_03_
1_11_
0_04_
0_05_
1count[0]
1count[1]
0count[2]
0count[3]
#3427
0clk
0rst
0_02_
1_10_
0_03_
1_11_
1_04_
0_05_
0count[0]
0count[1]
1count[2]
0count[3]
#3428
0clk
0rst
1_02_
0_10_
0_03_
1_11_
1_04_
0_05_
1count[0]
0count[1]
1count[2]
0count[3]
#3429
0clk
0rst
0_02_
0_10_
1_03_
1_11_
1_04_
0_05_
0count[0]
1count[1]
1count[2]
0count[3]
#3430
0clk
0rst
1_02_
0_10_
1_03_
1_11_
1_04_
0_05_
1count[0]
1count[1]
1count[2]
0count[3]
#3431
0clk
0rst
0_02_
1_10_
0_03_
0_11_
0_04_
1_05_
0count[0]
0count[1]
0count[2]
1count[3]
#3432
0clk
0rst
1_02_
0_10_
0_03_
1_11_
0_04_
1_05_
1count[0]
0count[1]
0count[2]
1count[3]
#3433
0clk
0rst
0_02_
0_10_
1_03_
1_11_
0_04_
1_05_
0count[0]
1count[1]
0count[2]
1count[3]
#3434
0clk
0rst
1_02_
0_10_
1_03_
1_11_
0_04_
1_05_
1count[0]
1count[1]
0count[2]
1count[3]
#3435
0clk
0rst
0_02_
1_10_
0_03_
1_11_
1_04_
1_05_
0count[0]
0count[1]
1count[2]
1count[3]
#3436
0clk
0rst
1_02_
0_10_
0_03_
1_11_
1_04_
1_05_
1count[0]
0count[1]
1count[2]
1count[3]
#3437
0clk
0rst
0_02_
0_10_
1_03_
1_11_
1_04_
1_05_
0count[0]
1count[1]
1count[2]
1count[3]
#3438
0clk
0rst
1_02_
0_10_
1_03_
1_11_
1_04_
1_05_
1count[0]
1count[1]
1count[2]
1count[3]
#3439
0clk
0rst
0_02_
1_10_
0_03_
0_11_
0_04_
0_05_
0count[0]
0count[1]
0count[2]
0count[3]
#3440
0clk
0rst
1_02_
0_10_
0_03_
1_11_
0_04_
0_05_
1count[0]
0count[1]
0count[2]
0count[3]
#3441
0clk
0rst
0_02_
0_10_
1_03_
1_11_
0_04_
0_05_
0count[0]
1count[1]
0count[2]
0count[3]
#3442
0clk
0rst
1_02_
0_10_
1_03_
1_11_
0_04_
0_05_
1count[0]
1count[1]
0count[2]
0count[3]
#3443
0clk
0rst
0_02_
1_10_
0_03_
1_11_
1_04_
0_05_
0count[0]
0count[1]
1count[2]
0count[3]
#3444
0clk
0rst
1_02_
0_10_
0_03_
1_11_
1_04_
0_05_
1count[0]
0count[1]
1count[2]
0count[3]
#3445
0clk
0rst
0_02_
0_10_
1_03_
1_11_
1_04_
0_05_
0count[0]
1count[1]
1count[2]
0count[3]
#3446
0clk
0rst
1_02_
0_10_
1_03_
1_11_
1_04_
0_05_
1count[0]
1count[1]
1count[2]
0count[3]
#3447
0clk
0rst
0_02_
1_10_
0_03_
0_11_
0_04_
1_05_
0count[0]
0count[1]
0count[2]
1count[3]
#3448
0clk
0rst
1_02_
0_10_
0_03_
1_11_
0_04_
1_05_
1count[0]
0count[1]
0count[2]
1count[3]
#3449
0clk
0rst
0_02_
0_10_
1_03_
1_11_
0_04_
1_05_
0count[0]
1count[1]
0count[2]
1count[3]
#3450
0clk
0rst
1_02_
0_10_
1_03_
1_11_
0_04_
1_05_
1count[0]
1count[1]
0count[2]
1count[3]
#3451
0clk
0rst
0_02_
1_10_
0_03_
1_11_
1_04_
1_05_
0count[0]
0count[1]
1count[2]
1count[3]
#3452
0clk
0rst
1_02_
0_10_
0_03_
1_11_
1_04_
1_05_
1count[0]
0count[1]
1count[2]
1count[3]
#3453
0clk
0rst
0_02_
0_10_
1_03_
1_11_
1_04_
1_05_
0count[0]
1count[1]
1count[2]
1count[3]
#3454
0clk
0rst
1_02_
0_10_
1_03_
1_11_
1_04_
1_05_
1count[0]
1count[1]
1count[2]
1count[3]
#3455
0clk
0rst
0_02_
1_10_
0_03_
0_11_
0_04_
0_05_
0count[0]
0count[1]
0count[2]
0count[3]
#3456
0clk
0rst
1_02_
0_10_
0_03_
1_11_
0_04_
0_05_
1count[0]
0count[1]
0count[2]
0count[3]
#3457
0clk
0rst
0_02_
0_10_
1_03_
1_11_
0_04_
0_05_
0count[0]
1count[1]
0count[2]
0count[3]
#3458
0clk
0rst
1_02_
0_10_
1_03_
1_11_
0_04_
0_05_
1count[0]
1count[1]
0count[2]
0count[3]
#3459
0clk
0rst
0_02_
1_10_
0_03_
1_11_
1_04_
0_05_
0count[0]
0count[1]
1count[2]
0count[3]
#3460
0clk
0rst
1_02_
0_10_
0_03_
1_11_
1_04_
0_05_
1count[0]
0count[1]
1count[2]
0count[3]
#3461
0clk
0rst
0_02_
0_10_
1_03_
1_11_
1_04_
0_05_
0count[0]
1count[1]
1count[2]
0count[3]
#3462
0clk
0rst
1_02_
0_10_
1_03_
1_11_
1_04_
0_05_
1count[0]
1count[1]
1count[2]
0count[3]
#3463
0clk
0rst
0_02_
1_10_
0_03_
0_11_
0_04_
1_05_
0count[0]
0count[1]
0count[2]
1count[3]
#3464
0clk
0rst
1_02_
0_10_
0_03_
1_11_
0_04_
1_05_
1count[0]
0count[1]
0count[2]
1count[3]
#3465
0clk
0rst
0_02_
0_10_
1_03_
1_11_
0_04_
1_05_
0count[0]
1count[1]
0count[2]
1count[3]
#3466
0clk
0rst
1_02_
0_10_
1_03_
1_11_
0_04_
1_05_
1count[0]
1count[1]
0count[2]
1count[3]
#3467
0clk
0rst
0_02_
1_10_
0_03_
1_11_
1_04_
1_05_
0count[0]
0count[1]
1count[2]
1count[3]
#3468
0clk
0rst
1_02_
0_10_
0_03_
1_11_
1_04_
1_05_
1count[0]
0count[1]
1count[2]
1count[3]
#3469
0clk
0rst
0_02_
0_10_
1_03_
1_11_
1_04_
1_05_
0count[0]
1count[1]
1count[2]
1count[3]
#3470
0clk
0rst
1_02_
0_10_
1_03_
1_11_
1_04_
1_05_
1count[0]
1count[1]
1count[2]
1count[3]
#3471
0clk
0rst
0_02_
1_10_
0_03_
0_11_
0_04_
0_05_
0count[0]
0count[1]
0count[2]
0count[3]
#3472
0clk
0rst
1_02_
0_10_
0_03_
1_11_
0_04_
0_05_
1count[0]
0count[1]
0count[2]
0count[3]
#3473
0clk
0rst
0_02_
0_10_
1_03_
1_11_
0_04_
0_05_
0count[0]
1count[1]
0count[2]
0count[3]
#3474
0clk
0rst
1_02_
0_10_
1_03_
1_11_
0_04_
0_05_
1count[0]
1count[1]
0count[2]
0count[3]
#3475
0clk
0rst
0_02_
1_10_
0_03_
1_11_
1_04_
0_05_
0count[0]
0count[1]
1count[2]
0count[3]
#3476
0clk
0rst
1_02_
0_10_
0_03_
1_11_
1_04_
0_05_
1count[0]
0count[1]
1count[2]
0count[3]
#3477
0clk
0rst
0_02_
0_10_
1_03_
1_11_
1_04_
0_05_
0count[0]
1count[1]
1count[2]
0count[3]
#3478
0clk
0rst
1_02_
0_10_
1_03_
1_11_
1_04_
0_05_
1count[0]
1count[1]
1count[2]
0count[3]
#3479
0clk
0rst
0_02_
1_10_
0_03_
0_11_
0_04_
1_05_
0count[0]
0count[1]
0count[2]
1count[3]
#3480
0clk
0rst
1_02_
0_10_
0_03_
1_11_
0_04_
1_05_
1count[0]
0count[1]
0count[2]
1count[3]
#3481
0clk
0rst
0_02_
0_10_
1_03_
1_11_
0_04_
1_05_
0count[0]
1count[1]
0count[2]
1count[3]
#3482
0clk
0rst
1_02_
0_10_
1_03_
1_11_
0_04_
1_05_
1count[0]
1count[1]
0count[2]
1count[3]
#3483
0clk
0rst
0_02_
1_10_
0_03_
1_11_
1_04_
1_05_
0count[0]
0count[1]
1count[2]
1count[3]
#3484
0clk
0rst
1_02_
0_10_
0_03_
1_11_
1_04_
1_05_
1count[0]
0count[1]
1count[2]
1count[3]
#3485
0clk
0rst
0_02_
0_10_
1_03_
1_11_
1_04_
1_05_
0count[0]
1count[1]
1count[2]
1count[3]
#3486
0clk
0rst
1_02_
0_10_
1_03_
1_11_
1_04_
1_05_
1count[0]
1count[1]
1count[2]
1count[3]
#3487
0clk
0rst
0_02_
1_10_
0_03_
0_11_
0_04_
0_05_
0count[0]
0count[1]
0count[2]
0count[3]
#3488
0clk
0rst
1_02_
0_10_
0_03_
1_11_
0_04_
0_05_
1count[0]
0count[1]
0count[2]
0count[3]
#3489
0clk
0rst
0_02_
0_10_
1_03_
1_11_
0_04_
0_05_
0count[0]
1count[1]
0count[2]
0count[3]
#3490
0clk
0rst
1_02_
0_10_
1_03_
1_11_
0_04_
0_05_
1count[0]
1count[1]
0count[2]
0count[3]
#3491
0clk
0rst
0_02_
1_10_
0_03_
1_11_
1_04_
0_05_
0count[0]
0count[1]
1count[2]
0count[3]
#3492
0clk
0rst
1_02_
0_10_
0_03_
1_11_
1_04_
0_05_
1count[0]
0count[1]
1count[2]
0count[3]
#3493
0clk
0rst
0_02_
0_10_
1_03_
1_11_
1_04_
0_05_
0count[0]
1count[1]
1count[2]
0count[3]
#3494
0clk
0rst
1_02_
0_10_
1_03_
1_11_
1_04_
0_05_
1count[0]
1count[1]
1count[2]
0count[3]
#3495
0clk
0rst
0_02_
1_10_
0_03_
0_11_
0_04_
1_05_
0count[0]
0count[1]
0count[2]
1count[3]
#3496
0clk
0rst
1_02_
0_10_
0_03_
1_11_
0_04_
1_05_
1count[0]
0count[1]
0count[2]
1count[3]
#3497
0clk
0rst
0_02_
0_10_
1_03_
1_11_
0_04_
1_05_
0count[0]
1count[1]
0count[2]
1count[3]
#3498
0clk
0rst
1_02_
0_10_
1_03_
1_11_
0_04_
1_05_
1count[0]
1count[1]
0count[2]
1count[3]
#3499
0clk
0rst
0_02_
1_10_
0_03_
1_11_
1_04_
1_05_
0count[0]
0count[1]
1count[2]
1count[3]
#3500
0clk
0rst
1_02_
0_10_
0_03_
1_11_
1_04_
1_05_
1count[0]
0count[1]
1count[2]
1count[3]
#3501
0clk
0rst
0_02_
0_10_
1_03_
1_11_
1_04_
1_05_
0count[0]
1count[1]
1count[2]
1count[3]
#3502
0clk
0rst
1_02_
0_10_
1_03_
1_11_
1_04_
1_05_
1count[0]
1count[1]
1count[2]
1count[3]
#3503
0clk
0rst
0_02_
1_10_
0_03_
0_11_
0_04_
0_05_
0count[0]
0count[1]
0count[2]
0count[3]
#3504
0clk
0rst
1_02_
0_10_
0_03_
1_11_
0_04_
0_05_
1count[0]
0count[1]
0count[2]
0count[3]
#3505
0clk
0rst
0_02_
0_10_
1_03_
1_11_
0_04_
0_05_
0count[0]
1count[1]
0count[2]
0count[3]
#3506
0clk
0rst
1_02_
0_10_
1_03_
1_11_
0_04_
0_05_
1count[0]
1count[1]
0count[2]
0count[3]
#3507
0clk
0rst
0_02_
1_10_
0_03_
1_11_
1_04_
0_05_
0count[0]
0count[1]
1count[2]
0count[3]
#3508
0clk
0rst
1_02_
0_10_
0_03_
1_11_
1_04_
0_05_
1count[0]
0count[1]
1count[2]
0count[3]
#3509
0clk
0rst
0_02_
0_10_
1_03_
1_11_
1_04_
0_05_
0count[0]
1count[1]
1count[2]
0count[3]
#3510
0clk
0rst
1_02_
0_10_
1_03_
1_11_
1_04_
0_05_
1count[0]
1count[1]
1count[2]
0count[3]
#3511
0clk
0rst
0_02_
1_10_
0_03_
0_11_
0_04_
1_05_
0count[0]
0count[1]
0count[2]
1count[3]
#3512
0clk
0rst
1_02_
0_10_
0_03_
1_11_
0_04_
1_05_
1count[0]
0count[1]
0count[2]
1count[3]
#3513
0clk
0rst
0_02_
0_10_
1_03_
1_11_
0_04_
1_05_
0count[0]
1count[1]
0count[2]
1count[3]
#3514
0clk
0rst
1_02_
0_10_
1_03_
1_11_
0_04_
1_05_
1count[0]
1count[1]
0count[2]
1count[3]
#3515
0clk
0rst
0_02_
1_10_
0_03_
1_11_
1_04_
1_05_
0count[0]
0count[1]
1count[2]
1count[3]
#3516
0clk
0rst
1_02_
0_10_
0_03_
1_11_
1_04_
1_05_
1count[0]
0count[1]
1count[2]
1count[3]
#3517
0clk
0rst
0_02_
0_10_
1_03_
1_11_
1_04_
1_05_
0count[0]
1count[1]
1count[2]
1count[3]
#3518
0clk
0rst
1_02_
0_10_
1_03_
1_11_
1_04_
1_05_
1count[0]
1count[1]
1count[2]
1count[3]
#3519
0clk
0rst
0_02_
1_10_
0_03_
0_11_
0_04_
0_05_
0count[0]
0count[1]
0count[2]
0count[3]
#3520
0clk
0rst
1_02_
0_10_
0_03_
1_11_
0_04_
0_05_
1count[0]
0count[1]
0count[2]
0count[3]
#3521
0clk
0rst
0_02_
0_10_
1_03_
1_11_
0_04_
0_05_
0count[0]
1count[1]
0count[2]
0count[3]
#3522
0clk
0rst
1_02_
0_10_
1_03_
1_11_
0_04_
0_05_
1count[0]
1count[1]
0count[2]
0count[3]
#3523
0clk
0rst
0_02_
1_10_
0_03_
1_11_
1_04_
0_05_
0count[0]
0count[1]
1count[2]
0count[3]
#3524
0clk
0rst
1_02_
0_10_
0_03_
1_11_
1_04_
0_05_
1count[0]
0count[1]
1count[2]
0count[3]
#3525
0clk
0rst
0_02_
0_10_
1_03_
1_11_
1_04_
0_05_
0count[0]
1count[1]
1count[2]
0count[3]
#3526
0clk
0rst
1_02_
0_10_
1_03_
1_11_
1_04_
0_05_
1count[0]
1count[1]
1count[2]
0count[3]
#3527
0clk
0rst
0_02_
1_10_
0_03_
0_11_
0_04_
1_05_
0count[0]
0count[1]
0count[2]
1count[3]
#3528
0clk
0rst
1_02_
0_10_
0_03_
1_11_
0_04_
1_05_
1count[0]
0count[1]
0count[2]
1count[3]
#3529
0clk
0rst
0_02_
0_10_
1_03_
1_11_
0_04_
1_05_
0count[0]
1count[1]
0count[2]
1count[3]
#3530
0clk
0rst
1_02_
0_10_
1_03_
1_11_
0_04_
1_05_
1count[0]
1count[1]
0count[2]
1count[3]
#3531
0clk
0rst
0_02_
1_10_
0_03_
1_11_
1_04_
1_05_
0count[0]
0count[1]
1count[2]
1count[3]
#3532
0clk
0rst
1_02_
0_10_
0_03_
1_11_
1_04_
1_05_
1count[0]
0count[1]
1count[2]
1count[3]
#3533
0clk
0rst
0_02_
0_10_
1_03_
1_11_
1_04_
1_05_
0count[0]
1count[1]
1count[2]
1count[3]
#3534
0clk
0rst
1_02_
0_10_
1_03_
1_11_
1_04_
1_05_
1count[0]
1count[1]
1count[2]
1count[3]
#3535
0clk
0rst
0_02_
1_10_
0_03_
0_11_
0_04_
0_05_
0count[0]
0count[1]
0count[2]
0count[3]
#3536
0clk
0rst
1_02_
0_10_
0_03_
1_11_
0_04_
0_05_
1count[0]
0count[1]
0count[2]
0count[3]
#3537
0clk
0rst
0_02_
0_10_
1_03_
1_11_
0_04_
0_05_
0count[0]
1count[1]
0count[2]
0count[3]
#3538
0clk
0rst
1_02_
0_10_
1_03_
1_11_
0_04_
0_05_
1count[0]
1count[1]
0count[2]
0count[3]
#3539
0clk
0rst
0_02_
1_10_
0_03_
1_11_
1_04_
0_05_
0count[0]
0count[1]
1count[2]
0count[3]
#3540
0clk
0rst
1_02_
0_10_
0_03_
1_11_
1_04_
0_05_
1count[0]
0count[1]
1count[2]
0count[3]
#3541
0clk
0rst
0_02_
0_10_
1_03_
1_11_
1_04_
0_05_
0count[0]
1count[1]
1count[2]
0count[3]
#3542
0clk
0rst
1_02_
0_10_
1_03_
1_11_
1_04_
0_05_
1count[0]
1count[1]
1count[2]
0count[3]
#3543
0clk
0rst
0_02_
1_10_
0_03_
0_11_
0_04_
1_05_
0count[0]
0count[1]
0count[2]
1count[3]
#3544
0clk
0rst
1_02_
0_10_
0_03_
1_11_
0_04_
1_05_
1count[0]
0count[1]
0count[2]
1count[3]
#3545
0clk
0rst
0_02_
0_10_
1_03_
1_11_
0_04_
1_05_
0count[0]
1count[1]
0count[2]
1count[3]
#3546
0clk
0rst
1_02_
0_10_
1_03_
1_11_
0_04_
1_05_
1count[0]
1count[1]
0count[2]
1count[3]
#3547
0clk
0rst
0_02_
1_10_
0_03_
1_11_
1_04_
1_05_
0count[0]
0count[1]
1count[2]
1count[3]
#3548
0clk
0rst
1_02_
0_10_
0_03_
1_11_
1_04_
1_05_
1count[0]
0count[1]
1count[2]
1count[3]
#3549
0clk
0rst
0_02_
0_10_
1_03_
1_11_
1_04_
1_05_
0count[0]
1count[1]
1count[2]
1count[3]
#3550
0clk
0rst
1_02_
0_10_
1_03_
1_11_
1_04_
1_05_
1count[0]
1count[1]
1count[2]
1count[3]
#3551
0clk
0rst
0_02_
1_10_
0_03_
0_11_
0_04_
0_05_
0count[0]
0count[1]
0count[2]
0count[3]
#3552
0clk
0rst
1_02_
0_10_
0_03_
1_11_
0_04_
0_05_
1count[0]
0count[1]
0count[2]
0count[3]
#3553
0clk
0rst
0_02_
0_10_
1_03_
1_11_
0_04_
0_05_
0count[0]
1count[1]
0count[2]
0count[3]
#3554
0clk
0rst
1_02_
0_10_
1_03_
1_11_
0_04_
0_05_
1count[0]
1count[1]
0count[2]
0count[3]
#3555
0clk
0rst
0_02_
1_10_
0_03_
1_11_
1_04_
0_05_
0count[0]
0count[1]
1count[2]
0count[3]
#3556
0clk
0rst
1_02_
0_10_
0_03_
1_11_
1_04_
0_05_
1count[0]
0count[1]
1count[2]
0count[3]
#3557
0clk
0rst
0_02_
0_10_
1_03_
1_11_
1_04_
0_05_
0count[0]
1count[1]
1count[2]
0count[3]
#3558
0clk
0rst
1_02_
0_10_
1_03_
1_11_
1_04_
0_05_
1count[0]
1count[1]
1count[2]
0count[3]
#3559
0clk
0rst
0_02_
1_10_
0_03_
0_11_
0_04_
1_05_
0count[0]
0count[1]
0count[2]
1count[3]
#3560
0clk
0rst
1_02_
0_10_
0_03_
1_11_
0_04_
1_05_
1count[0]
0count[1]
0count[2]
1count[3]
#3561
0clk
0rst
0_02_
0_10_
1_03_
1_11_
0_04_
1_05_
0count[0]
1count[1]
0count[2]
1count[3]
#3562
0clk
0rst
1_02_
0_10_
1_03_
1_11_
0_04_
1_05_
1count[0]
1count[1]
0count[2]
1count[3]
#3563
0clk
0rst
0_02_
1_10_
0_03_
1_11_
1_04_
1_05_
0count[0]
0count[1]
1count[2]
1count[3]
#3564
0clk
0rst
1_02_
0_10_
0_03_
1_11_
1_04_
1_05_
1count[0]
0count[1]
1count[2]
1count[3]
#3565
0clk
0rst
0_02_
0_10_
1_03_
1_11_
1_04_
1_05_
0count[0]
1count[1]
1count[2]
1count[3]
#3566
0clk
0rst
1_02_
0_10_
1_03_
1_11_
1_04_
1_05_
1count[0]
1count[1]
1count[2]
1count[3]
#3567
0clk
0rst
0_02_
1_10_
0_03_
0_11_
0_04_
0_05_
0count[0]
0count[1]
0count[2]
0count[3]
#3568
0clk
0rst
1_02_
0_10_
0_03_
1_11_
0_04_
0_05_
1count[0]
0count[1]
0count[2]
0count[3]
#3569
0clk
0rst
0_02_
0_10_
1_03_
1_11_
0_04_
0_05_
0count[0]
1count[1]
0count[2]
0count[3]
#3570
0clk
0rst
1_02_
0_10_
1_03_
1_11_
0_04_
0_05_
1count[0]
1count[1]
0count[2]
0count[3]
#3571
0clk
0rst
0_02_
1_10_
0_03_
1_11_
1_04_
0_05_
0count[0]
0count[1]
1count[2]
0count[3]
#3572
0clk
0rst
1_02_
0_10_
0_03_
1_11_
1_04_
0_05_
1count[0]
0count[1]
1count[2]
0count[3]
#3573
0clk
0rst
0_02_
0_10_
1_03_
1_11_
1_04_
0_05_
0count[0]
1count[1]
1count[2]
0count[3]
#3574
0clk
0rst
1_02_
0_10_
1_03_
1_11_
1_04_
0_05_
1count[0]
1count[1]
1count[2]
0count[3]
#3575
0clk
0rst
0_02_
1_10_
0_03_
0_11_
0_04_
1_05_
0count[0]
0count[1]
0count[2]
1count[3]
#3576
0clk
0rst
1_02_
0_10_
0_03_
1_11_
0_04_
1_05_
1count[0]
0count[1]
0count[2]
1count[3]
#3577
0clk
0rst
0_02_
0_10_
1_03_
1_11_
0_04_
1_05_
0count[0]
1count[1]
0count[2]
1count[3]
#3578
0clk
0rst
1_02_
0_10_
1_03_
1_11_
0_04_
1_05_
1count[0]
1count[1]
0count[2]
1count[3]
#3579
0clk
0rst
0_02_
1_10_
0_03_
1_11_
1_04_
1_05_
0count[0]
0count[1]
1count[2]
1count[3]
#3580
0clk
0rst
1_02_
0_10_
0_03_
1_11_
1_04_
1_05_
1count[0]
0count[1]
1count[2]
1count[3]
#3581
0clk
0rst
0_02_
0_10_
1_03_
1_11_
1_04_
1_05_
0count[0]
1count[1]
1count[2]
1count[3]
#3582
0clk
0rst
1_02_
0_10_
1_03_
1_11_
1_04_
1_05_
1count[0]
1count[1]
1count[2]
1count[3]
#3583
0clk
0rst
0_02_
1_10_
0_03_
0_11_
0_04_
0_05_
0count[0]
0count[1]
0count[2]
0count[3]
#3584
0clk
0rst
1_02_
0_10_
0_03_
1_11_
0_04_
0_05_
1count[0]
0count[1]
0count[2]
0count[3]
#3585
0clk
0rst
0_02_
0_10_
1_03_
1_11_
0_04_
0_05_
0count[0]
1count[1]
0count[2]
0count[3]
#3586
0clk
0rst
1_02_
0_10_
1_03_
1_11_
0_04_
0_05_
1count[0]
1count[1]
0count[2]
0count[3]
#3587
0clk
0rst
0_02_
1_10_
0_03_
1_11_
1_04_
0_05_
0count[0]
0count[1]
1count[2]
0count[3]
#3588
0clk
0rst
1_02_
0_10_
0_03_
1_11_
1_04_
0_05_
1count[0]
0count[1]
1count[2]
0count[3]
#3589
0clk
0rst
0_02_
0_10_
1_03_
1_11_
1_04_
0_05_
0count[0]
1count[1]
1count[2]
0count[3]
#3590
0clk
0rst
1_02_
0_10_
1_03_
1_11_
1_04_
0_05_
1count[0]
1count[1]
1count[2]
0count[3]
#3591
0clk
0rst
0_02_
1_10_
0_03_
0_11_
0_04_
1_05_
0count[0]
0count[1]
0count[2]
1count[3]
#3592
0clk
0rst
1_02_
0_10_
0_03_
1_11_
0_04_
1_05_
1count[0]
0count[1]
0count[2]
1count[3]
#3593
0clk
0rst
0_02_
0_10_
1_03_
1_11_
0_04_
1_05_
0count[0]
1count[1]
0count[2]
1count[3]
#3594
0clk
0rst
1_02_
0_10_
1_03_
1_11_
0_04_
1_05_
1count[0]
1count[1]
0count[2]
1count[3]
#3595
0clk
0rst
0_02_
1_10_
0_03_
1_11_
1_04_
1_05_
0count[0]
0count[1]
1count[2]
1count[3]
#3596
0clk
0rst
1_02_
0_10_
0_03_
1_11_
1_04_
1_05_
1count[0]
0count[1]
1count[2]
1count[3]
#3597
0clk
0rst
0_02_
0_10_
1_03_
1_11_
1_04_
1_05_
0count[0]
1count[1]
1count[2]
1count[3]
#3598
0clk
0rst
1_02_
0_10_
1_03_
1_11_
1_04_
1_05_
1count[0]
1count[1]
1count[2]
1count[3]
#3599
0clk
0rst
0_02_
1_10_
0_03_
0_11_
0_04_
0_05_
0count[0]
0count[1]
0count[2]
0count[3]
#3600
0clk
0rst
1_02_
0_10_
0_03_
1_11_
0_04_
0_05_
1count[0]
0count[1]
0count[2]
0count[3]
#3601
0clk
0rst
0_02_
0_10_
1_03_
1_11_
0_04_
0_05_
0count[0]
1count[1]
0count[2]
0count[3]
#3602
0clk
0rst
1_02_
0_10_
1_03_
1_11_
0_04_
0_05_
1count[0]
1count[1]
0count[2]
0count[3]
#3603
0clk
0rst
0_02_
1_10_
0_03_
1_11_
1_04_
0_05_
0count[0]
0count[1]
1count[2]
0count[3]
#3604
0clk
0rst
1_02_
0_10_
0_03_
1_11_
1_04_
0_05_
1count[0]
0count[1]
1count[2]
0count[3]
#3605
0clk
0rst
0_02_
0_10_
1_03_
1_11_
1_04_
0_05_
0count[0]
1count[1]
1count[2]
0count[3]
#3606
0clk
0rst
1_02_
0_10_
1_03_
1_11_
1_04_
0_05_
1count[0]
1count[1]
1count[2]
0count[3]
#3607
0clk
0rst
0_02_
1_10_
0_03_
0_11_
0_04_
1_05_
0count[0]
0count[1]
0count[2]
1count[3]
#3608
0clk
0rst
1_02_
0_10_
0_03_
1_11_
0_04_
1_05_
1count[0]
0count[1]
0count[2]
1count[3]
#3609
0clk
0rst
0_02_
0_10_
1_03_
1_11_
0_04_
1_05_
0count[0]
1count[1]
0count[2]
1count[3]
#3610
0clk
0rst
1_02_
0_10_
1_03_
1_11_
0_04_
1_05_
1count[0]
1count[1]
0count[2]
1count[3]
#3611
0clk
0rst
0_02_
1_10_
0_03_
1_11_
1_04_
1_05_
0count[0]
0count[1]
1count[2]
1count[3]
#3612
0clk
0rst
1_02_
0_10_
0_03_
1_11_
1_04_
1_05_
1count[0]
0count[1]
1count[2]
1count[3]
#3613
0clk
0rst
0_02_
0_10_
1_03_
1_11_
1_04_
1_05_
0count[0]
1count[1]
1count[2]
1count[3]
#3614
0clk
0rst
1_02_
0_10_
1_03_
1_11_
1_04_
1_05_
1count[0]
1count[1]
1count[2]
1count[3]
#3615
0clk
0rst
0_02_
1_10_
0_03_
0_11_
0_04_
0_05_
0count[0]
0count[1]
0count[2]
0count[3]
#3616
0clk
0rst
1_02_
0_10_
0_03_
1_11_
0_04_
0_05_
1count[0]
0count[1]
0count[2]
0count[3]
#3617
0clk
0rst
0_02_
0_10_
1_03_
1_11_
0_04_
0_05_
0count[0]
1count[1]
0count[2]
0count[3]
#3618
0clk
0rst
1_02_
0_10_
1_03_
1_11_
0_04_
0_05_
1count[0]
1count[1]
0count[2]
0count[3]
#3619
0clk
0rst
0_02_
1_10_
0_03_
1_11_
1_04_
0_05_
0count[0]
0count[1]
1count[2]
0count[3]
#3620
0clk
0rst
1_02_
0_10_
0_03_
1_11_
1_04_
0_05_
1count[0]
0count[1]
1count[2]
0count[3]
#3621
0clk
0rst
0_02_
0_10_
1_03_
1_11_
1_04_
0_05_
0count[0]
1count[1]
1count[2]
0count[3]
#3622
0clk
0rst
1_02_
0_10_
1_03_
1_11_
1_04_
0_05_
1count[0]
1count[1]
1count[2]
0count[3]
#3623
0clk
0rst
0_02_
1_10_
0_03_
0_11_
0_04_
1_05_
0count[0]
0count[1]
0count[2]
1count[3]
#3624
0clk
0rst
1_02_
0_10_
0_03_
1_11_
0_04_
1_05_
1count[0]
0count[1]
0count[2]
1count[3]
#3625
0clk
0rst
0_02_
0_10_
1_03_
1_11_
0_04_
1_05_
0count[0]
1count[1]
0count[2]
1count[3]
#3626
0clk
0rst
1_02_
0_10_
1_03_
1_11_
0_04_
1_05_
1count[0]
1count[1]
0count[2]
1count[3]
#3627
0clk
0rst
0_02_
1_10_
0_03_
1_11_
1_04_
1_05_
0count[0]
0count[1]
1count[2]
1count[3]
#3628
0clk
0rst
1_02_
0_10_
0_03_
1_11_
1_04_
1_05_
1count[0]
0count[1]
1count[2]
1count[3]
#3629
0clk
0rst
0_02_
0_10_
1_03_
1_11_
1_04_
1_05_
0count[0]
1count[1]
1count[2]
1count[3]
#3630
0clk
0rst
1_02_
0_10_
1_03_
1_11_
1_04_
1_05_
1count[0]
1count[1]
1count[2]
1count[3]
#3631
0clk
0rst
0_02_
1_10_
0_03_
0_11_
0_04_
0_05_
0count[0]
0count[1]
0count[2]
0count[3]
#3632
0clk
0rst
1_02_
0_10_
0_03_
1_11_
0_04_
0_05_
1count[0]
0count[1]
0count[2]
0count[3]
#3633
0clk
0rst
0_02_
0_10_
1_03_
1_11_
0_04_
0_05_
0count[0]
1count[1]
0count[2]
0count[3]
#3634
0clk
0rst
1_02_
0_10_
1_03_
1_11_
0_04_
0_05_
1count[0]
1count[1]
0count[2]
0count[3]
#3635
0clk
0rst
0_02_
1_10_
0_03_
1_11_
1_04_
0_05_
0count[0]
0count[1]
1count[2]
0count[3]
#3636
0clk
0rst
1_02_
0_10_
0_03_
1_11_
1_04_
0_05_
1count[0]
0count[1]
1count[2]
0count[3]
#3637
0clk
0rst
0_02_
0_10_
1_03_
1_11_
1_04_
0_05_
0count[0]
1count[1]
1count[2]
0count[3]
#3638
0clk
0rst
1_02_
0_10_
1_03_
1_11_
1_04_
0_05_
1count[0]
1count[1]
1count[2]
0count[3]
#3639
0clk
0rst
0_02_
1_10_
0_03_
0_11_
0_04_
1_05_
0count[0]
0count[1]
0count[2]
1count[3]
#3640
0clk
0rst
1_02_
0_10_
0_03_
1_11_
0_04_
1_05_
1count[0]
0count[1]
0count[2]
1count[3]
#3641
0clk
0rst
0_02_
0_10_
1_03_
1_11_
0_04_
1_05_
0count[0]
1count[1]
0count[2]
1count[3]
#3642
0clk
0rst
1_02_
0_10_
1_03_
1_11_
0_04_
1_05_
1count[0]
1count[1]
0count[2]
1count[3]
#3643
0clk
0rst
0_02_
1_10_
0_03_
1_11_
1_04_
1_05_
0count[0]
0count[1]
1count[2]
1count[3]
#3644
0clk
0rst
1_02_
0_10_
0_03_
1_11_
1_04_
1_05_
1count[0]
0count[1]
1count[2]
1count[3]
#3645
0clk
0rst
0_02_
0_10_
1_03_
1_11_
1_04_
1_05_
0count[0]
1count[1]
1count[2]
1count[3]
#3646
0clk
0rst
1_02_
0_10_
1_03_
1_11_
1_04_
1_05_
1count[0]
1count[1]
1count[2]
1count[3]
#3647
0clk
0rst
0_02_
1_10_
0_03_
0_11_
0_04_
0_05_
0count[0]
0count[1]
0count[2]
0count[3]
#3648
0clk
0rst
1_02_
0_10_
0_03_
1_11_
0_04_
0_05_
1count[0]
0count[1]
0count[2]
0count[3]
#3649
0clk
0rst
0_02_
0_10_
1_03_
1_11_
0_04_
0_05_
0count[0]
1count[1]
0count[2]
0count[3]
#3650
0clk
0rst
1_02_
0_10_
1_03_
1_11_
0_04_
0_05_
1count[0]
1count[1]
0count[2]
0count[3]
#3651
0clk
0rst
0_02_
1_10_
0_03_
1_11_
1_04_
0_05_
0count[0]
0count[1]
1count[2]
0count[3]
#3652
0clk
0rst
1_02_
0_10_
0_03_
1_11_
1_04_
0_05_
1count[0]
0count[1]
1count[2]
0count[3]
#3653
0clk
0rst
0_02_
0_10_
1_03_
1_11_
1_04_
0_05_
0count[0]
1count[1]
1count[2]
0count[3]
#3654
0clk
0rst
1_02_
0_10_
1_03_
1_11_
1_04_
0_05_
1count[0]
1count[1]
1count[2]
0count[3]
#3655
0clk
0rst
0_02_
1_10_
0_03_
0_11_
0_04_
1_05_
0count[0]
0count[1]
0count[2]
1count[3]
#3656
0clk
0rst
1_02_
0_10_
0_03_
1_11_
0_04_
1_05_
1count[0]
0count[1]
0count[2]
1count[3]
#3657
0clk
0rst
0_02_
0_10_
1_03_
1_11_
0_04_
1_05_
0count[0]
1count[1]
0count[2]
1count[3]
#3658
0clk
0rst
1_02_
0_10_
1_03_
1_11_
0_04_
1_05_
1count[0]
1count[1]
0count[2]
1count[3]
#3659
0clk
0rst
0_02_
1_10_
0_03_
1_11_
1_04_
1_05_
0count[0]
0count[1]
1count[2]
1count[3]
#3660
0clk
0rst
1_02_
0_10_
0_03_
1_11_
1_04_
1_05_
1count[0]
0count[1]
1count[2]
1count[3]
#3661
0clk
0rst
0_02_
0_10_
1_03_
1_11_
1_04_
1_05_
0count[0]
1count[1]
1count[2]
1count[3]
#3662
0clk
0rst
1_02_
0_10_
1_03_
1_11_
1_04_
1_05_
1count[0]
1count[1]
1count[2]
1count[3]
#3663
0clk
0rst
0_02_
1_10_
0_03_
0_11_
0_04_
0_05_
0count[0]
0count[1]
0count[2]
0count[3]
#3664
0clk
0rst
1_02_
0_10_
0_03_
1_11_
0_04_
0_05_
1count[0]
0count[1]
0count[2]
0count[3]
#3665
0clk
0rst
0_02_
0_10_
1_03_
1_11_
0_04_
0_05_
0count[0]
1count[1]
0count[2]
0count[3]
#3666
0clk
0rst
1_02_
0_10_
1_03_
1_11_
0_04_
0_05_
1count[0]
1count[1]
0count[2]
0count[3]
#3667
0clk
0rst
0_02_
1_10_
0_03_
1_11_
1_04_
0_05_
0count[0]
0count[1]
1count[2]
0count[3]
#3668
0clk
0rst
1_02_
0_10_
0_03_
1_11_
1_04_
0_05_
1count[0]
0count[1]
1count[2]
0count[3]
#3669
0clk
0rst
0_02_
0_10_
1_03_
1_11_
1_04_
0_05_
0count[0]
1count[1]
1count[2]
0count[3]
#3670
0clk
0rst
1_02_
0_10_
1_03_
1_11_
1_04_
0_05_
1count[0]
1count[1]
1count[2]
0count[3]
#3671
0clk
0rst
0_02_
1_10_
0_03_
0_11_
0_04_
1_05_
0count[0]
0count[1]
0count[2]
1count[3]
#3672
0clk
0rst
1_02_
0_10_
0_03_
1_11_
0_04_
1_05_
1count[0]
0count[1]
0count[2]
1count[3]
#3673
0clk
0rst
0_02_
0_10_
1_03_
1_11_
0_04_
1_05_
0count[0]
1count[1]
0count[2]
1count[3]
#3674
0clk
0rst
1_02_
0_10_
1_03_
1_11_
0_04_
1_05_
1count[0]
1count[1]
0count[2]
1count[3]
#3675
0clk
0rst
0_02_
1_10_
0_03_
1_11_
1_04_
1_05_
0count[0]
0count[1]
1count[2]
1count[3]
#3676
0clk
0rst
1_02_
0_10_
0_03_
1_11_
1_04_
1_05_
1count[0]
0count[1]
1count[2]
1count[3]
#3677
0clk
0rst
0_02_
0_10_
1_03_
1_11_
1_04_
1_05_
0count[0]
1count[1]
1count[2]
1count[3]
#3678
0clk
0rst
1_02_
0_10_
1_03_
1_11_
1_04_
1_05_
1count[0]
1count[1]
1count[2]
1count[3]
#3679
0clk
0rst
0_02_
1_10_
0_03_
0_11_
0_04_
0_05_
0count[0]
0count[1]
0count[2]
0count[3]
#3680
0clk
0rst
1_02_
0_10_
0_03_
1_11_
0_04_
0_05_
1count[0]
0count[1]
0count[2]
0count[3]
#3681
0clk
0rst
0_02_
0_10_
1_03_
1_11_
0_04_
0_05_
0count[0]
1count[1]
0count[2]
0count[3]
#3682
0clk
0rst
1_02_
0_10_
1_03_
1_11_
0_04_
0_05_
1count[0]
1count[1]
0count[2]
0count[3]
#3683
0clk
0rst
0_02_
1_10_
0_03_
1_11_
1_04_
0_05_
0count[0]
0count[1]
1count[2]
0count[3]
#3684
0clk
0rst
1_02_
0_10_
0_03_
1_11_
1_04_
0_05_
1count[0]
0count[1]
1count[2]
0count[3]
#3685
0clk
0rst
0_02_
0_10_
1_03_
1_11_
1_04_
0_05_
0count[0]
1count[1]
1count[2]
0count[3]
#3686
0clk
0rst
1_02_
0_10_
1_03_
1_11_
1_04_
0_05_
1count[0]
1count[1]
1count[2]
0count[3]
#3687
0clk
0rst
0_02_
1_10_
0_03_
0_11_
0_04_
1_05_
0count[0]
0count[1]
0count[2]
1count[3]
#3688
0clk
0rst
1_02_
0_10_
0_03_
1_11_
0_04_
1_05_
1count[0]
0count[1]
0count[2]
1count[3]
#3689
0clk
0rst
0_02_
0_10_
1_03_
1_11_
0_04_
1_05_
0count[0]
1count[1]
0count[2]
1count[3]
#3690
0clk
0rst
1_02_
0_10_
1_03_
1_11_
0_04_
1_05_
1count[0]
1count[1]
0count[2]
1count[3]
#3691
0clk
0rst
0_02_
1_10_
0_03_
1_11_
1_04_
1_05_
0count[0]
0count[1]
1count[2]
1count[3]
#3692
0clk
0rst
1_02_
0_10_
0_03_
1_11_
1_04_
1_05_
1count[0]
0count[1]
1count[2]
1count[3]
#3693
0clk
0rst
0_02_
0_10_
1_03_
1_11_
1_04_
1_05_
0count[0]
1count[1]
1count[2]
1count[3]
#3694
0clk
0rst
1_02_
0_10_
1_03_
1_11_
1_04_
1_05_
1count[0]
1count[1]
1count[2]
1count[3]
#3695
0clk
0rst
0_02_
1_10_
0_03_
0_11_
0_04_
0_05_
0count[0]
0count[1]
0count[2]
0count[3]
#3696
0clk
0rst
1_02_
0_10_
0_03_
1_11_
0_04_
0_05_
1count[0]
0count[1]
0count[2]
0count[3]
#3697
0clk
0rst
0_02_
0_10_
1_03_
1_11_
0_04_
0_05_
0count[0]
1count[1]
0count[2]
0count[3]
#3698
0clk
0rst
1_02_
0_10_
1_03_
1_11_
0_04_
0_05_
1count[0]
1count[1]
0count[2]
0count[3]
#3699
0clk
0rst
0_02_
1_10_
0_03_
1_11_
1_04_
0_05_
0count[0]
0count[1]
1count[2]
0count[3]
#3700
0clk
0rst
1_02_
0_10_
0_03_
1_11_
1_04_
0_05_
1count[0]
0count[1]
1count[2]
0count[3]
#3701
0clk
0rst
0_02_
0_10_
1_03_
1_11_
1_04_
0_05_
0count[0]
1count[1]
1count[2]
0count[3]
#3702
0clk
0rst
1_02_
0_10_
1_03_
1_11_
1_04_
0_05_
1count[0]
1count[1]
1count[2]
0count[3]
#3703
0clk
0rst
0_02_
1_10_
0_03_
0_11_
0_04_
1_05_
0count[0]
0count[1]
0count[2]
1count[3]
#3704
0clk
0rst
1_02_
0_10_
0_03_
1_11_
0_04_
1_05_
1count[0]
0count[1]
0count[2]
1count[3]
#3705
0clk
0rst
0_02_
0_10_
1_03_
1_11_
0_04_
1_05_
0count[0]
1count[1]
0count[2]
1count[3]
#3706
0clk
0rst
1_02_
0_10_
1_03_
1_11_
0_04_
1_05_
1count[0]
1count[1]
0count[2]
1count[3]
#3707
0clk
0rst
0_02_
1_10_
0_03_
1_11_
1_04_
1_05_
0count[0]
0count[1]
1count[2]
1count[3]
#3708
0clk
0rst
1_02_
0_10_
0_03_
1_11_
1_04_
1_05_
1count[0]
0count[1]
1count[2]
1count[3]
#3709
0clk
0rst
0_02_
0_10_
1_03_
1_11_
1_04_
1_05_
0count[0]
1count[1]
1count[2]
1count[3]
#3710
0clk
0rst
1_02_
0_10_
1_03_
1_11_
1_04_
1_05_
1count[0]
1count[1]
1count[2]
1count[3]
#3711
0clk
0rst
0_02_
1_10_
0_03_
0_11_
0_04_
0_05_
0count[0]
0count[1]
0count[2]
0count[3]
#3712
0clk
0rst
1_02_
0_10_
0_03_
1_11_
0_04_
0_05_
1count[0]
0count[1]
0count[2]
0count[3]
#3713
0clk
0rst
0_02_
0_10_
1_03_
1_11_
0_04_
0_05_
0count[0]
1count[1]
0count[2]
0count[3]
#3714
0clk
0rst
1_02_
0_10_
1_03_
1_11_
0_04_
0_05_
1count[0]
1count[1]
0count[2]
0count[3]
#3715
0clk
0rst
0_02_
1_10_
0_03_
1_11_
1_04_
0_05_
0count[0]
0count[1]
1count[2]
0count[3]
#3716
0clk
0rst
1_02_
0_10_
0_03_
1_11_
1_04_
0_05_
1count[0]
0count[1]
1count[2]
0count[3]
#3717
0clk
0rst
0_02_
0_10_
1_03_
1_11_
1_04_
0_05_
0count[0]
1count[1]
1count[2]
0count[3]
#3718
0clk
0rst
1_02_
0_10_
1_03_
1_11_
1_04_
0_05_
1count[0]
1count[1]
1count[2]
0count[3]
#3719
0clk
0rst
0_02_
1_10_
0_03_
0_11_
0_04_
1_05_
0count[0]
0count[1]
0count[2]
1count[3]
#3720
0clk
0rst
1_02_
0_10_
0_03_
1_11_
0_04_
1_05_
1count[0]
0count[1]
0count[2]
1count[3]
#3721
0clk
0rst
0_02_
0_10_
1_03_
1_11_
0_04_
1_05_
0count[0]
1count[1]
0count[2]
1count[3]
#3722
0clk
0rst
1_02_
0_10_
1_03_
1_11_
0_04_
1_05_
1count[0]
1count[1]
0count[2]
1count[3]
#3723
0clk
0rst
0_02_
1_10_
0_03_
1_11_
1_04_
1_05_
0count[0]
0count[1]
1count[2]
1count[3]
#3724
0clk
0rst
1_02_
0_10_
0_03_
1_11_
1_04_
1_05_
1count[0]
0count[1]
1count[2]
1count[3]
#3725
0clk
0rst
0_02_
0_10_
1_03_
1_11_
1_04_
1_05_
0count[0]
1count[1]
1count[2]
1count[3]
#3726
0clk
0rst
1_02_
0_10_
1_03_
1_11_
1_04_
1_05_
1count[0]
1count[1]
1count[2]
1count[3]
#3727
0clk
0rst
0_02_
1_10_
0_03_
0_11_
0_04_
0_05_
0count[0]
0count[1]
0count[2]
0count[3]
#3728
0clk
0rst
1_02_
0_10_
0_03_
1_11_
0_04_
0_05_
1count[0]
0count[1]
0count[2]
0count[3]
#3729
0clk
0rst
0_02_
0_10_
1_03_
1_11_
0_04_
0_05_
0count[0]
1count[1]
0count[2]
0count[3]
#3730
0clk
0rst
1_02_
0_10_
1_03_
1_11_
0_04_
0_05_
1count[0]
1count[1]
0count[2]
0count[3]
#3731
0clk
0rst
0_02_
1_10_
0_03_
1_11_
1_04_
0_05_
0count[0]
0count[1]
1count[2]
0count[3]
#3732
0clk
0rst
1_02_
0_10_
0_03_
1_11_
1_04_
0_05_
1count[0]
0count[1]
1count[2]
0count[3]
#3733
0clk
0rst
0_02_
0_10_
1_03_
1_11_
1_04_
0_05_
0count[0]
1count[1]
1count[2]
0count[3]
#3734
0clk
0rst
1_02_
0_10_
1_03_
1_11_
1_04_
0_05_
1count[0]
1count[1]
1count[2]
0count[3]
#3735
0clk
0rst
0_02_
1_10_
0_03_
0_11_
0_04_
1_05_
0count[0]
0count[1]
0count[2]
1count[3]
#3736
0clk
0rst
1_02_
0_10_
0_03_
1_11_
0_04_
1_05_
1count[0]
0count[1]
0count[2]
1count[3]
#3737
0clk
0rst
0_02_
0_10_
1_03_
1_11_
0_04_
1_05_
0count[0]
1count[1]
0count[2]
1count[3]
#3738
0clk
0rst
1_02_
0_10_
1_03_
1_11_
0_04_
1_05_
1count[0]
1count[1]
0count[2]
1count[3]
#3739
0clk
0rst
0_02_
1_10_
0_03_
1_11_
1_04_
1_05_
0count[0]
0count[1]
1count[2]
1count[3]
#3740
0clk
0rst
1_02_
0_10_
0_03_
1_11_
1_04_
1_05_
1count[0]
0count[1]
1count[2]
1count[3]
#3741
0clk
0rst
0_02_
0_10_
1_03_
1_11_
1_04_
1_05_
0count[0]
1count[1]
1count[2]
1count[3]
#3742
0clk
0rst
1_02_
0_10_
1_03_
1_11_
1_04_
1_05_
1count[0]
1count[1]
1count[2]
1count[3]
#3743
0clk
0rst
0_02_
1_10_
0_03_
0_11_
0_04_
0_05_
0count[0]
0count[1]
0count[2]
0count[3]
#3744
0clk
0rst
1_02_
0_10_
0_03_
1_11_
0_04_
0_05_
1count[0]
0count[1]
0count[2]
0count[3]
#3745
0clk
0rst
0_02_
0_10_
1_03_
1_11_
0_04_
0_05_
0count[0]
1count[1]
0count[2]
0count[3]
#3746
0clk
0rst
1_02_
0_10_
1_03_
1_11_
0_04_
0_05_
1count[0]
1count[1]
0count[2]
0count[3]
#3747
0clk
0rst
0_02_
1_10_
0_03_
1_11_
1_04_
0_05_
0count[0]
0count[1]
1count[2]
0count[3]
#3748
0clk
0rst
1_02_
0_10_
0_03_
1_11_
1_04_
0_05_
1count[0]
0count[1]
1count[2]
0count[3]
#3749
0clk
0rst
0_02_
0_10_
1_03_
1_11_
1_04_
0_05_
0count[0]
1count[1]
1count[2]
0count[3]
#3750
0clk
0rst
1_02_
0_10_
1_03_
1_11_
1_04_
0_05_
1count[0]
1count[1]
1count[2]
0count[3]
#3751
0clk
0rst
0_02_
1_10_
0_03_
0_11_
0_04_
1_05_
0count[0]
0count[1]
0count[2]
1count[3]
#3752
0clk
0rst
1_02_
0_10_
0_03_
1_11_
0_04_
1_05_
1count[0]
0count[1]
0count[2]
1count[3]
#3753
0clk
0rst
0_02_
0_10_
1_03_
1_11_
0_04_
1_05_
0count[0]
1count[1]
0count[2]
1count[3]
#3754
0clk
0rst
1_02_
0_10_
1_03_
1_11_
0_04_
1_05_
1count[0]
1count[1]
0count[2]
1count[3]
#3755
0clk
0rst
0_02_
1_10_
0_03_
1_11_
1_04_
1_05_
0count[0]
0count[1]
1count[2]
1count[3]
#3756
0clk
0rst
1_02_
0_10_
0_03_
1_11_
1_04_
1_05_
1count[0]
0count[1]
1count[2]
1count[3]
#3757
0clk
0rst
0_02_
0_10_
1_03_
1_11_
1_04_
1_05_
0count[0]
1count[1]
1count[2]
1count[3]
#3758
0clk
0rst
1_02_
0_10_
1_03_
1_11_
1_04_
1_05_
1count[0]
1count[1]
1count[2]
1count[3]
#3759
0clk
0rst
0_02_
1_10_
0_03_
0_11_
0_04_
0_05_
0count[0]
0count[1]
0count[2]
0count[3]
#3760
0clk
0rst
1_02_
0_10_
0_03_
1_11_
0_04_
0_05_
1count[0]
0count[1]
0count[2]
0count[3]
#3761
0clk
0rst
0_02_
0_10_
1_03_
1_11_
0_04_
0_05_
0count[0]
1count[1]
0count[2]
0count[3]
#3762
0clk
0rst
1_02_
0_10_
1_03_
1_11_
0_04_
0_05_
1count[0]
1count[1]
0count[2]
0count[3]
#3763
0clk
0rst
0_02_
1_10_
0_03_
1_11_
1_04_
0_05_
0count[0]
0count[1]
1count[2]
0count[3]
#3764
0clk
0rst
1_02_
0_10_
0_03_
1_11_
1_04_
0_05_
1count[0]
0count[1]
1count[2]
0count[3]
#3765
0clk
0rst
0_02_
0_10_
1_03_
1_11_
1_04_
0_05_
0count[0]
1count[1]
1count[2]
0count[3]
#3766
0clk
0rst
1_02_
0_10_
1_03_
1_11_
1_04_
0_05_
1count[0]
1count[1]
1count[2]
0count[3]
#3767
0clk
0rst
0_02_
1_10_
0_03_
0_11_
0_04_
1_05_
0count[0]
0count[1]
0count[2]
1count[3]
#3768
0clk
0rst
1_02_
0_10_
0_03_
1_11_
0_04_
1_05_
1count[0]
0count[1]
0count[2]
1count[3]
#3769
0clk
0rst
0_02_
0_10_
1_03_
1_11_
0_04_
1_05_
0count[0]
1count[1]
0count[2]
1count[3]
#3770
0clk
0rst
1_02_
0_10_
1_03_
1_11_
0_04_
1_05_
1count[0]
1count[1]
0count[2]
1count[3]
#3771
0clk
0rst
0_02_
1_10_
0_03_
1_11_
1_04_
1_05_
0count[0]
0count[1]
1count[2]
1count[3]
#3772
0clk
0rst
1_02_
0_10_
0_03_
1_11_
1_04_
1_05_
1count[0]
0count[1]
1count[2]
1count[3]
#3773
0clk
0rst
0_02_
0_10_
1_03_
1_11_
1_04_
1_05_
0count[0]
1count[1]
1count[2]
1count[3]
#3774
0clk
0rst
1_02_
0_10_
1_03_
1_11_
1_04_
1_05_
1count[0]
1count[1]
1count[2]
1count[3]
#3775
0clk
0rst
0_02_
1_10_
0_03_
0_11_
0_04_
0_05_
0count[0]
0count[1]
0count[2]
0count[3]
#3776
0clk
0rst
1_02_
0_10_
0_03_
1_11_
0_04_
0_05_
1count[0]
0count[1]
0count[2]
0count[3]
#3777
0clk
0rst
0_02_
0_10_
1_03_
1_11_
0_04_
0_05_
0count[0]
1count[1]
0count[2]
0count[3]
#3778
0clk
0rst
1_02_
0_10_
1_03_
1_11_
0_04_
0_05_
1count[0]
1count[1]
0count[2]
0count[3]
#3779
0clk
0rst
0_02_
1_10_
0_03_
1_11_
1_04_
0_05_
0count[0]
0count[1]
1count[2]
0count[3]
#3780
0clk
0rst
1_02_
0_10_
0_03_
1_11_
1_04_
0_05_
1count[0]
0count[1]
1count[2]
0count[3]
#3781
0clk
0rst
0_02_
0_10_
1_03_
1_11_
1_04_
0_05_
0count[0]
1count[1]
1count[2]
0count[3]
#3782
0clk
0rst
1_02_
0_10_
1_03_
1_11_
1_04_
0_05_
1count[0]
1count[1]
1count[2]
0count[3]
#3783
0clk
0rst
0_02_
1_10_
0_03_
0_11_
0_04_
1_05_
0count[0]
0count[1]
0count[2]
1count[3]
#3784
0clk
0rst
1_02_
0_10_
0_03_
1_11_
0_04_
1_05_
1count[0]
0count[1]
0count[2]
1count[3]
#3785
0clk
0rst
0_02_
0_10_
1_03_
1_11_
0_04_
1_05_
0count[0]
1count[1]
0count[2]
1count[3]
#3786
0clk
0rst
1_02_
0_10_
1_03_
1_11_
0_04_
1_05_
1count[0]
1count[1]
0count[2]
1count[3]
#3787
0clk
0rst
0_02_
1_10_
0_03_
1_11_
1_04_
1_05_
0count[0]
0count[1]
1count[2]
1count[3]
#3788
0clk
0rst
1_02_
0_10_
0_03_
1_11_
1_04_
1_05_
1count[0]
0count[1]
1count[2]
1count[3]
#3789
0clk
0rst
0_02_
0_10_
1_03_
1_11_
1_04_
1_05_
0count[0]
1count[1]
1count[2]
1count[3]
#3790
0clk
0rst
1_02_
0_10_
1_03_
1_11_
1_04_
1_05_
1count[0]
1count[1]
1count[2]
1count[3]
#3791
0clk
0rst
0_02_
1_10_
0_03_
0_11_
0_04_
0_05_
0count[0]
0count[1]
0count[2]
0count[3]
#3792
0clk
0rst
1_02_
0_10_
0_03_
1_11_
0_04_
0_05_
1count[0]
0count[1]
0count[2]
0count[3]
#3793
0clk
0rst
0_02_
0_10_
1_03_
1_11_
0_04_
0_05_
0count[0]
1count[1]
0count[2]
0count[3]
#3794
0clk
0rst
1_02_
0_10_
1_03_
1_11_
0_04_
0_05_
1count[0]
1count[1]
0count[2]
0count[3]
#3795
0clk
0rst
0_02_
1_10_
0_03_
1_11_
1_04_
0_05_
0count[0]
0count[1]
1count[2]
0count[3]
#3796
0clk
0rst
1_02_
0_10_
0_03_
1_11_
1_04_
0_05_
1count[0]
0count[1]
1count[2]
0count[3]
#3797
0clk
0rst
0_02_
0_10_
1_03_
1_11_
1_04_
0_05_
0count[0]
1count[1]
1count[2]
0count[3]
#3798
0clk
0rst
1_02_
0_10_
1_03_
1_11_
1_04_
0_05_
1count[0]
1count[1]
1count[2]
0count[3]
#3799
0clk
0rst
0_02_
1_10_
0_03_
0_11_
0_04_
1_05_
0count[0]
0count[1]
0count[2]
1count[3]
#3800
0clk
0rst
1_02_
0_10_
0_03_
1_11_
0_04_
1_05_
1count[0]
0count[1]
0count[2]
1count[3]
#3801
0clk
0rst
0_02_
0_10_
1_03_
1_11_
0_04_
1_05_
0count[0]
1count[1]
0count[2]
1count[3]
#3802
0clk
0rst
1_02_
0_10_
1_03_
1_11_
0_04_
1_05_
1count[0]
1count[1]
0count[2]
1count[3]
#3803
0clk
0rst
0_02_
1_10_
0_03_
1_11_
1_04_
1_05_
0count[0]
0count[1]
1count[2]
1count[3]
#3804
0clk
0rst
1_02_
0_10_
0_03_
1_11_
1_04_
1_05_
1count[0]
0count[1]
1count[2]
1count[3]
#3805
0clk
0rst
0_02_
0_10_
1_03_
1_11_
1_04_
1_05_
0count[0]
1count[1]
1count[2]
1count[3]
#3806
0clk
0rst
1_02_
0_10_
1_03_
1_11_
1_04_
1_05_
1count[0]
1count[1]
1count[2]
1count[3]
#3807
0clk
0rst
0_02_
1_10_
0_03_
0_11_
0_04_
0_05_
0count[0]
0count[1]
0count[2]
0count[3]
#3808
0clk
0rst
1_02_
0_10_
0_03_
1_11_
0_04_
0_05_
1count[0]
0count[1]
0count[2]
0count[3]
#3809
0clk
0rst
0_02_
0_10_
1_03_
1_11_
0_04_
0_05_
0count[0]
1count[1]
0count[2]
0count[3]
#3810
0clk
0rst
1_02_
0_10_
1_03_
1_11_
0_04_
0_05_
1count[0]
1count[1]
0count[2]
0count[3]
#3811
0clk
0rst
0_02_
1_10_
0_03_
1_11_
1_04_
0_05_
0count[0]
0count[1]
1count[2]
0count[3]
#3812
0clk
0rst
1_02_
0_10_
0_03_
1_11_
1_04_
0_05_
1count[0]
0count[1]
1count[2]
0count[3]
#3813
0clk
0rst
0_02_
0_10_
1_03_
1_11_
1_04_
0_05_
0count[0]
1count[1]
1count[2]
0count[3]
#3814
0clk
0rst
1_02_
0_10_
1_03_
1_11_
1_04_
0_05_
1count[0]
1count[1]
1count[2]
0count[3]
#3815
0clk
0rst
0_02_
1_10_
0_03_
0_11_
0_04_
1_05_
0count[0]
0count[1]
0count[2]
1count[3]
#3816
0clk
0rst
1_02_
0_10_
0_03_
1_11_
0_04_
1_05_
1count[0]
0count[1]
0count[2]
1count[3]
#3817
0clk
0rst
0_02_
0_10_
1_03_
1_11_
0_04_
1_05_
0count[0]
1count[1]
0count[2]
1count[3]
#3818
0clk
0rst
1_02_
0_10_
1_03_
1_11_
0_04_
1_05_
1count[0]
1count[1]
0count[2]
1count[3]
#3819
0clk
0rst
0_02_
1_10_
0_03_
1_11_
1_04_
1_05_
0count[0]
0count[1]
1count[2]
1count[3]
#3820
0clk
0rst
1_02_
0_10_
0_03_
1_11_
1_04_
1_05_
1count[0]
0count[1]
1count[2]
1count[3]
#3821
0clk
0rst
0_02_
0_10_
1_03_
1_11_
1_04_
1_05_
0count[0]
1count[1]
1count[2]
1count[3]
#3822
0clk
0rst
1_02_
0_10_
1_03_
1_11_
1_04_
1_05_
1count[0]
1count[1]
1count[2]
1count[3]
#3823
0clk
0rst
0_02_
1_10_
0_03_
0_11_
0_04_
0_05_
0count[0]
0count[1]
0count[2]
0count[3]
#3824
0clk
0rst
1_02_
0_10_
0_03_
1_11_
0_04_
0_05_
1count[0]
0count[1]
0count[2]
0count[3]
#3825
0clk
0rst
0_02_
0_10_
1_03_
1_11_
0_04_
0_05_
0count[0]
1count[1]
0count[2]
0count[3]
#3826
0clk
0rst
1_02_
0_10_
1_03_
1_11_
0_04_
0_05_
1count[0]
1count[1]
0count[2]
0count[3]
#3827
0clk
0rst
0_02_
1_10_
0_03_
1_11_
1_04_
0_05_
0count[0]
0count[1]
1count[2]
0count[3]
#3828
0clk
0rst
1_02_
0_10_
0_03_
1_11_
1_04_
0_05_
1count[0]
0count[1]
1count[2]
0count[3]
#3829
0clk
0rst
0_02_
0_10_
1_03_
1_11_
1_04_
0_05_
0count[0]
1count[1]
1count[2]
0count[3]
#3830
0clk
0rst
1_02_
0_10_
1_03_
1_11_
1_04_
0_05_
1count[0]
1count[1]
1count[2]
0count[3]
#3831
0clk
0rst
0_02_
1_10_
0_03_
0_11_
0_04_
1_05_
0count[0]
0count[1]
0count[2]
1count[3]
#3832
0clk
0rst
1_02_
0_10_
0_03_
1_11_
0_04_
1_05_
1count[0]
0count[1]
0count[2]
1count[3]
#3833
0clk
0rst
0_02_
0_10_
1_03_
1_11_
0_04_
1_05_
0count[0]
1count[1]
0count[2]
1count[3]
#3834
0clk
0rst
1_02_
0_10_
1_03_
1_11_
0_04_
1_05_
1count[0]
1count[1]
0count[2]
1count[3]
#3835
0clk
0rst
0_02_
1_10_
0_03_
1_11_
1_04_
1_05_
0count[0]
0count[1]
1count[2]
1count[3]
#3836
0clk
0rst
1_02_
0_10_
0_03_
1_11_
1_04_
1_05_
1count[0]
0count[1]
1count[2]
1count[3]
#3837
0clk
0rst
0_02_
0_10_
1_03_
1_11_
1_04_
1_05_
0count[0]
1count[1]
1count[2]
1count[3]
#3838
0clk
0rst
1_02_
0_10_
1_03_
1_11_
1_04_
1_05_
1count[0]
1count[1]
1count[2]
1count[3]
#3839
0clk
0rst
0_02_
1_10_
0_03_
0_11_
0_04_
0_05_
0count[0]
0count[1]
0count[2]
0count[3]
#3840
0clk
0rst
1_02_
0_10_
0_03_
1_11_
0_04_
0_05_
1count[0]
0count[1]
0count[2]
0count[3]
#3841
0clk
0rst
0_02_
0_10_
1_03_
1_11_
0_04_
0_05_
0count[0]
1count[1]
0count[2]
0count[3]
#3842
0clk
0rst
1_02_
0_10_
1_03_
1_11_
0_04_
0_05_
1count[0]
1count[1]
0count[2]
0count[3]
#3843
0clk
0rst
0_02_
1_10_
0_03_
1_11_
1_04_
0_05_
0count[0]
0count[1]
1count[2]
0count[3]
#3844
0clk
0rst
1_02_
0_10_
0_03_
1_11_
1_04_
0_05_
1count[0]
0count[1]
1count[2]
0count[3]
#3845
0clk
0rst
0_02_
0_10_
1_03_
1_11_
1_04_
0_05_
0count[0]
1count[1]
1count[2]
0count[3]
#3846
0clk
0rst
1_02_
0_10_
1_03_
1_11_
1_04_
0_05_
1count[0]
1count[1]
1count[2]
0count[3]
#3847
0clk
0rst
0_02_
1_10_
0_03_
0_11_
0_04_
1_05_
0count[0]
0count[1]
0count[2]
1count[3]
#3848
0clk
0rst
1_02_
0_10_
0_03_
1_11_
0_04_
1_05_
1count[0]
0count[1]
0count[2]
1count[3]
#3849
0clk
0rst
0_02_
0_10_
1_03_
1_11_
0_04_
1_05_
0count[0]
1count[1]
0count[2]
1count[3]
#3850
0clk
0rst
1_02_
0_10_
1_03_
1_11_
0_04_
1_05_
1count[0]
1count[1]
0count[2]
1count[3]
#3851
0clk
0rst
0_02_
1_10_
0_03_
1_11_
1_04_
1_05_
0count[0]
0count[1]
1count[2]
1count[3]
#3852
0clk
0rst
1_02_
0_10_
0_03_
1_11_
1_04_
1_05_
1count[0]
0count[1]
1count[2]
1count[3]
#3853
0clk
0rst
0_02_
0_10_
1_03_
1_11_
1_04_
1_05_
0count[0]
1count[1]
1count[2]
1count[3]
#3854
0clk
0rst
1_02_
0_10_
1_03_
1_11_
1_04_
1_05_
1count[0]
1count[1]
1count[2]
1count[3]
#3855
0clk
0rst
0_02_
1_10_
0_03_
0_11_
0_04_
0_05_
0count[0]
0count[1]
0count[2]
0count[3]
#3856
0clk
0rst
1_02_
0_10_
0_03_
1_11_
0_04_
0_05_
1count[0]
0count[1]
0count[2]
0count[3]
#3857
0clk
0rst
0_02_
0_10_
1_03_
1_11_
0_04_
0_05_
0count[0]
1count[1]
0count[2]
0count[3]
#3858
0clk
0rst
1_02_
0_10_
1_03_
1_11_
0_04_
0_05_
1count[0]
1count[1]
0count[2]
0count[3]
#3859
0clk
0rst
0_02_
1_10_
0_03_
1_11_
1_04_
0_05_
0count[0]
0count[1]
1count[2]
0count[3]
#3860
0clk
0rst
1_02_
0_10_
0_03_
1_11_
1_04_
0_05_
1count[0]
0count[1]
1count[2]
0count[3]
#3861
0clk
0rst
0_02_
0_10_
1_03_
1_11_
1_04_
0_05_
0count[0]
1count[1]
1count[2]
0count[3]
#3862
0clk
0rst
1_02_
0_10_
1_03_
1_11_
1_04_
0_05_
1count[0]
1count[1]
1count[2]
0count[3]
#3863
0clk
0rst
0_02_
1_10_
0_03_
0_11_
0_04_
1_05_
0count[0]
0count[1]
0count[2]
1count[3]
#3864
0clk
0rst
1_02_
0_10_
0_03_
1_11_
0_04_
1_05_
1count[0]
0count[1]
0count[2]
1count[3]
#3865
0clk
0rst
0_02_
0_10_
1_03_
1_11_
0_04_
1_05_
0count[0]
1count[1]
0count[2]
1count[3]
#3866
0clk
0rst
1_02_
0_10_
1_03_
1_11_
0_04_
1_05_
1count[0]
1count[1]
0count[2]
1count[3]
#3867
0clk
0rst
0_02_
1_10_
0_03_
1_11_
1_04_
1_05_
0count[0]
0count[1]
1count[2]
1count[3]
#3868
0clk
0rst
1_02_
0_10_
0_03_
1_11_
1_04_
1_05_
1count[0]
0count[1]
1count[2]
1count[3]
#3869
0clk
0rst
0_02_
0_10_
1_03_
1_11_
1_04_
1_05_
0count[0]
1count[1]
1count[2]
1count[3]
#3870
0clk
0rst
1_02_
0_10_
1_03_
1_11_
1_04_
1_05_
1count[0]
1count[1]
1count[2]
1count[3]
#3871
0clk
0rst
0_02_
1_10_
0_03_
0_11_
0_04_
0_05_
0count[0]
0count[1]
0count[2]
0count[3]
#3872
0clk
0rst
1_02_
0_10_
0_03_
1_11_
0_04_
0_05_
1count[0]
0count[1]
0count[2]
0count[3]
#3873
0clk
0rst
0_02_
0_10_
1_03_
1_11_
0_04_
0_05_
0count[0]
1count[1]
0count[2]
0count[3]
#3874
0clk
0rst
1_02_
0_10_
1_03_
1_11_
0_04_
0_05_
1count[0]
1count[1]
0count[2]
0count[3]
#3875
0clk
0rst
0_02_
1_10_
0_03_
1_11_
1_04_
0_05_
0count[0]
0count[1]
1count[2]
0count[3]
#3876
0clk
0rst
1_02_
0_10_
0_03_
1_11_
1_04_
0_05_
1count[0]
0count[1]
1count[2]
0count[3]
#3877
0clk
0rst
0_02_
0_10_
1_03_
1_11_
1_04_
0_05_
0count[0]
1count[1]
1count[2]
0count[3]
#3878
0clk
0rst
1_02_
0_10_
1_03_
1_11_
1_04_
0_05_
1count[0]
1count[1]
1count[2]
0count[3]
#3879
0clk
0rst
0_02_
1_10_
0_03_
0_11_
0_04_
1_05_
0count[0]
0count[1]
0count[2]
1count[3]
#3880
0clk
0rst
1_02_
0_10_
0_03_
1_11_
0_04_
1_05_
1count[0]
0count[1]
0count[2]
1count[3]
#3881
0clk
0rst
0_02_
0_10_
1_03_
1_11_
0_04_
1_05_
0count[0]
1count[1]
0count[2]
1count[3]
#3882
0clk
0rst
1_02_
0_10_
1_03_
1_11_
0_04_
1_05_
1count[0]
1count[1]
0count[2]
1count[3]
#3883
0clk
0rst
0_02_
1_10_
0_03_
1_11_
1_04_
1_05_
0count[0]
0count[1]
1count[2]
1count[3]
#3884
0clk
0rst
1_02_
0_10_
0_03_
1_11_
1_04_
1_05_
1count[0]
0count[1]
1count[2]
1count[3]
#3885
0clk
0rst
0_02_
0_10_
1_03_
1_11_
1_04_
1_05_
0count[0]
1count[1]
1count[2]
1count[3]
#3886
0clk
0rst
1_02_
0_10_
1_03_
1_11_
1_04_
1_05_
1count[0]
1count[1]
1count[2]
1count[3]
#3887
0clk
0rst
0_02_
1_10_
0_03_
0_11_
0_04_
0_05_
0count[0]
0count[1]
0count[2]
0count[3]
#3888
0clk
0rst
1_02_
0_10_
0_03_
1_11_
0_04_
0_05_
1count[0]
0count[1]
0count[2]
0count[3]
#3889
0clk
0rst
0_02_
0_10_
1_03_
1_11_
0_04_
0_05_
0count[0]
1count[1]
0count[2]
0count[3]
#3890
0clk
0rst
1_02_
0_10_
1_03_
1_11_
0_04_
0_05_
1count[0]
1count[1]
0count[2]
0count[3]
#3891
0clk
0rst
0_02_
1_10_
0_03_
1_11_
1_04_
0_05_
0count[0]
0count[1]
1count[2]
0count[3]
#3892
0clk
0rst
1_02_
0_10_
0_03_
1_11_
1_04_
0_05_
1count[0]
0count[1]
1count[2]
0count[3]
#3893
0clk
0rst
0_02_
0_10_
1_03_
1_11_
1_04_
0_05_
0count[0]
1count[1]
1count[2]
0count[3]
#3894
0clk
0rst
1_02_
0_10_
1_03_
1_11_
1_04_
0_05_
1count[0]
1count[1]
1count[2]
0count[3]
#3895
0clk
0rst
0_02_
1_10_
0_03_
0_11_
0_04_
1_05_
0count[0]
0count[1]
0count[2]
1count[3]
#3896
0clk
0rst
1_02_
0_10_
0_03_
1_11_
0_04_
1_05_
1count[0]
0count[1]
0count[2]
1count[3]
#3897
0clk
0rst
0_02_
0_10_
1_03_
1_11_
0_04_
1_05_
0count[0]
1count[1]
0count[2]
1count[3]
#3898
0clk
0rst
1_02_
0_10_
1_03_
1_11_
0_04_
1_05_
1count[0]
1count[1]
0count[2]
1count[3]
#3899
0clk
0rst
0_02_
1_10_
0_03_
1_11_
1_04_
1_05_
0count[0]
0count[1]
1count[2]
1count[3]
#3900
0clk
0rst
1_02_
0_10_
0_03_
1_11_
1_04_
1_05_
1count[0]
0count[1]
1count[2]
1count[3]
#3901
0clk
0rst
0_02_
0_10_
1_03_
1_11_
1_04_
1_05_
0count[0]
1count[1]
1count[2]
1count[3]
#3902
0clk
0rst
1_02_
0_10_
1_03_
1_11_
1_04_
1_05_
1count[0]
1count[1]
1count[2]
1count[3]
#3903
0clk
0rst
0_02_
1_10_
0_03_
0_11_
0_04_
0_05_
0count[0]
0count[1]
0count[2]
0count[3]
#3904
0clk
0rst
1_02_
0_10_
0_03_
1_11_
0_04_
0_05_
1count[0]
0count[1]
0count[2]
0count[3]
#3905
0clk
0rst
0_02_
0_10_
1_03_
1_11_
0_04_
0_05_
0count[0]
1count[1]
0count[2]
0count[3]
#3906
0clk
0rst
1_02_
0_10_
1_03_
1_11_
0_04_
0_05_
1count[0]
1count[1]
0count[2]
0count[3]
#3907
0clk
0rst
0_02_
1_10_
0_03_
1_11_
1_04_
0_05_
0count[0]
0count[1]
1count[2]
0count[3]
#3908
0clk
0rst
1_02_
0_10_
0_03_
1_11_
1_04_
0_05_
1count[0]
0count[1]
1count[2]
0count[3]
#3909
0clk
0rst
0_02_
0_10_
1_03_
1_11_
1_04_
0_05_
0count[0]
1count[1]
1count[2]
0count[3]
#3910
0clk
0rst
1_02_
0_10_
1_03_
1_11_
1_04_
0_05_
1count[0]
1count[1]
1count[2]
0count[3]
#3911
0clk
0rst
0_02_
1_10_
0_03_
0_11_
0_04_
1_05_
0count[0]
0count[1]
0count[2]
1count[3]
#3912
0clk
0rst
1_02_
0_10_
0_03_
1_11_
0_04_
1_05_
1count[0]
0count[1]
0count[2]
1count[3]
#3913
0clk
0rst
0_02_
0_10_
1_03_
1_11_
0_04_
1_05_
0count[0]
1count[1]
0count[2]
1count[3]
#3914
0clk
0rst
1_02_
0_10_
1_03_
1_11_
0_04_
1_05_
1count[0]
1count[1]
0count[2]
1count[3]
#3915
0clk
0rst
0_02_
1_10_
0_03_
1_11_
1_04_
1_05_
0count[0]
0count[1]
1count[2]
1count[3]
#3916
0clk
0rst
1_02_
0_10_
0_03_
1_11_
1_04_
1_05_
1count[0]
0count[1]
1count[2]
1count[3]
#3917
0clk
0rst
0_02_
0_10_
1_03_
1_11_
1_04_
1_05_
0count[0]
1count[1]
1count[2]
1count[3]
#3918
0clk
0rst
1_02_
0_10_
1_03_
1_11_
1_04_
1_05_
1count[0]
1count[1]
1count[2]
1count[3]
#3919
0clk
0rst
0_02_
1_10_
0_03_
0_11_
0_04_
0_05_
0count[0]
0count[1]
0count[2]
0count[3]
#3920
0clk
0rst
1_02_
0_10_
0_03_
1_11_
0_04_
0_05_
1count[0]
0count[1]
0count[2]
0count[3]
#3921
0clk
0rst
0_02_
0_10_
1_03_
1_11_
0_04_
0_05_
0count[0]
1count[1]
0count[2]
0count[3]
#3922
0clk
0rst
1_02_
0_10_
1_03_
1_11_
0_04_
0_05_
1count[0]
1count[1]
0count[2]
0count[3]
#3923
0clk
0rst
0_02_
1_10_
0_03_
1_11_
1_04_
0_05_
0count[0]
0count[1]
1count[2]
0count[3]
#3924
0clk
0rst
1_02_
0_10_
0_03_
1_11_
1_04_
0_05_
1count[0]
0count[1]
1count[2]
0count[3]
#3925
0clk
0rst
0_02_
0_10_
1_03_
1_11_
1_04_
0_05_
0count[0]
1count[1]
1count[2]
0count[3]
#3926
0clk
0rst
1_02_
0_10_
1_03_
1_11_
1_04_
0_05_
1count[0]
1count[1]
1count[2]
0count[3]
#3927
0clk
0rst
0_02_
1_10_
0_03_
0_11_
0_04_
1_05_
0count[0]
0count[1]
0count[2]
1count[3]
#3928
0clk
0rst
1_02_
0_10_
0_03_
1_11_
0_04_
1_05_
1count[0]
0count[1]
0count[2]
1count[3]
#3929
0clk
0rst
0_02_
0_10_
1_03_
1_11_
0_04_
1_05_
0count[0]
1count[1]
0count[2]
1count[3]
#3930
0clk
0rst
1_02_
0_10_
1_03_
1_11_
0_04_
1_05_
1count[0]
1count[1]
0count[2]
1count[3]
#3931
0clk
0rst
0_02_
1_10_
0_03_
1_11_
1_04_
1_05_
0count[0]
0count[1]
1count[2]
1count[3]
#3932
0clk
0rst
1_02_
0_10_
0_03_
1_11_
1_04_
1_05_
1count[0]
0count[1]
1count[2]
1count[3]
#3933
0clk
0rst
0_02_
0_10_
1_03_
1_11_
1_04_
1_05_
0count[0]
1count[1]
1count[2]
1count[3]
#3934
0clk
0rst
1_02_
0_10_
1_03_
1_11_
1_04_
1_05_
1count[0]
1count[1]
1count[2]
1count[3]
#3935
0clk
0rst
0_02_
1_10_
0_03_
0_11_
0_04_
0_05_
0count[0]
0count[1]
0count[2]
0count[3]
#3936
0clk
0rst
1_02_
0_10_
0_03_
1_11_
0_04_
0_05_
1count[0]
0count[1]
0count[2]
0count[3]
#3937
0clk
0rst
0_02_
0_10_
1_03_
1_11_
0_04_
0_05_
0count[0]
1count[1]
0count[2]
0count[3]
#3938
0clk
0rst
1_02_
0_10_
1_03_
1_11_
0_04_
0_05_
1count[0]
1count[1]
0count[2]
0count[3]
#3939
0clk
0rst
0_02_
1_10_
0_03_
1_11_
1_04_
0_05_
0count[0]
0count[1]
1count[2]
0count[3]
#3940
0clk
0rst
1_02_
0_10_
0_03_
1_11_
1_04_
0_05_
1count[0]
0count[1]
1count[2]
0count[3]
#3941
0clk
0rst
0_02_
0_10_
1_03_
1_11_
1_04_
0_05_
0count[0]
1count[1]
1count[2]
0count[3]
#3942
0clk
0rst
1_02_
0_10_
1_03_
1_11_
1_04_
0_05_
1count[0]
1count[1]
1count[2]
0count[3]
#3943
0clk
0rst
0_02_
1_10_
0_03_
0_11_
0_04_
1_05_
0count[0]
0count[1]
0count[2]
1count[3]
#3944
0clk
0rst
1_02_
0_10_
0_03_
1_11_
0_04_
1_05_
1count[0]
0count[1]
0count[2]
1count[3]
#3945
0clk
0rst
0_02_
0_10_
1_03_
1_11_
0_04_
1_05_
0count[0]
1count[1]
0count[2]
1count[3]
#3946
0clk
0rst
1_02_
0_10_
1_03_
1_11_
0_04_
1_05_
1count[0]
1count[1]
0count[2]
1count[3]
#3947
0clk
0rst
0_02_
1_10_
0_03_
1_11_
1_04_
1_05_
0count[0]
0count[1]
1count[2]
1count[3]
#3948
0clk
0rst
1_02_
0_10_
0_03_
1_11_
1_04_
1_05_
1count[0]
0count[1]
1count[2]
1count[3]
#3949
0clk
0rst
0_02_
0_10_
1_03_
1_11_
1_04_
1_05_
0count[0]
1count[1]
1count[2]
1count[3]
#3950
0clk
0rst
1_02_
0_10_
1_03_
1_11_
1_04_
1_05_
1count[0]
1count[1]
1count[2]
1count[3]
#3951
0clk
0rst
0_02_
1_10_
0_03_
0_11_
0_04_
0_05_
0count[0]
0count[1]
0count[2]
0count[3]
#3952
0clk
0rst
1_02_
0_10_
0_03_
1_11_
0_04_
0_05_
1count[0]
0count[1]
0count[2]
0count[3]
#3953
0clk
0rst
0_02_
0_10_
1_03_
1_11_
0_04_
0_05_
0count[0]
1count[1]
0count[2]
0count[3]
#3954
0clk
0rst
1_02_
0_10_
1_03_
1_11_
0_04_
0_05_
1count[0]
1count[1]
0count[2]
0count[3]
#3955
0clk
0rst
0_02_
1_10_
0_03_
1_11_
1_04_
0_05_
0count[0]
0count[1]
1count[2]
0count[3]
#3956
0clk
0rst
1_02_
0_10_
0_03_
1_11_
1_04_
0_05_
1count[0]
0count[1]
1count[2]
0count[3]
#3957
0clk
0rst
0_02_
0_10_
1_03_
1_11_
1_04_
0_05_
0count[0]
1count[1]
1count[2]
0count[3]
#3958
0clk
0rst
1_02_
0_10_
1_03_
1_11_
1_04_
0_05_
1count[0]
1count[1]
1count[2]
0count[3]
#3959
0clk
0rst
0_02_
1_10_
0_03_
0_11_
0_04_
1_05_
0count[0]
0count[1]
0count[2]
1count[3]
#3960
0clk
0rst
1_02_
0_10_
0_03_
1_11_
0_04_
1_05_
1count[0]
0count[1]
0count[2]
1count[3]
#3961
0clk
0rst
0_02_
0_10_
1_03_
1_11_
0_04_
1_05_
0count[0]
1count[1]
0count[2]
1count[3]
#3962
0clk
0rst
1_02_
0_10_
1_03_
1_11_
0_04_
1_05_
1count[0]
1count[1]
0count[2]
1count[3]
#3963
0clk
0rst
0_02_
1_10_
0_03_
1_11_
1_04_
1_05_
0count[0]
0count[1]
1count[2]
1count[3]
#3964
0clk
0rst
1_02_
0_10_
0_03_
1_11_
1_04_
1_05_
1count[0]
0count[1]
1count[2]
1count[3]
#3965
0clk
0rst
0_02_
0_10_
1_03_
1_11_
1_04_
1_05_
0count[0]
1count[1]
1count[2]
1count[3]
#3966
0clk
0rst
1_02_
0_10_
1_03_
1_11_
1_04_
1_05_
1count[0]
1count[1]
1count[2]
1count[3]
#3967
0clk
0rst
0_02_
1_10_
0_03_
0_11_
0_04_
0_05_
0count[0]
0count[1]
0count[2]
0count[3]
#3968
0clk
0rst
1_02_
0_10_
0_03_
1_11_
0_04_
0_05_
1count[0]
0count[1]
0count[2]
0count[3]
#3969
0clk
0rst
0_02_
0_10_
1_03_
1_11_
0_04_
0_05_
0count[0]
1count[1]
0count[2]
0count[3]
#3970
0clk
0rst
1_02_
0_10_
1_03_
1_11_
0_04_
0_05_
1count[0]
1count[1]
0count[2]
0count[3]
#3971
0clk
0rst
0_02_
1_10_
0_03_
1_11_
1_04_
0_05_
0count[0]
0count[1]
1count[2]
0count[3]
#3972
0clk
0rst
1_02_
0_10_
0_03_
1_11_
1_04_
0_05_
1count[0]
0count[1]
1count[2]
0count[3]
#3973
0clk
0rst
0_02_
0_10_
1_03_
1_11_
1_04_
0_05_
0count[0]
1count[1]
1count[2]
0count[3]
#3974
0clk
0rst
1_02_
0_10_
1_03_
1_11_
1_04_
0_05_
1count[0]
1count[1]
1count[2]
0count[3]
#3975
0clk
0rst
0_02_
1_10_
0_03_
0_11_
0_04_
1_05_
0count[0]
0count[1]
0count[2]
1count[3]
#3976
0clk
0rst
1_02_
0_10_
0_03_
1_11_
0_04_
1_05_
1count[0]
0count[1]
0count[2]
1count[3]
#3977
0clk
0rst
0_02_
0_10_
1_03_
1_11_
0_04_
1_05_
0count[0]
1count[1]
0count[2]
1count[3]
#3978
0clk
0rst
1_02_
0_10_
1_03_
1_11_
0_04_
1_05_
1count[0]
1count[1]
0count[2]
1count[3]
#3979
0clk
0rst
0_02_
1_10_
0_03_
1_11_
1_04_
1_05_
0count[0]
0count[1]
1count[2]
1count[3]
#3980
0clk
0rst
1_02_
0_10_
0_03_
1_11_
1_04_
1_05_
1count[0]
0count[1]
1count[2]
1count[3]
#3981
0clk
0rst
0_02_
0_10_
1_03_
1_11_
1_04_
1_05_
0count[0]
1count[1]
1count[2]
1count[3]
#3982
0clk
0rst
1_02_
0_10_
1_03_
1_11_
1_04_
1_05_
1count[0]
1count[1]
1count[2]
1count[3]
#3983
0clk
0rst
0_02_
1_10_
0_03_
0_11_
0_04_
0_05_
0count[0]
0count[1]
0count[2]
0count[3]
#3984
0clk
0rst
1_02_
0_10_
0_03_
1_11_
0_04_
0_05_
1count[0]
0count[1]
0count[2]
0count[3]
#3985
0clk
0rst
0_02_
0_10_
1_03_
1_11_
0_04_
0_05_
0count[0]
1count[1]
0count[2]
0count[3]
#3986
0clk
0rst
1_02_
0_10_
1_03_
1_11_
0_04_
0_05_
1count[0]
1count[1]
0count[2]
0count[3]
#3987
0clk
0rst
0_02_
1_10_
0_03_
1_11_
1_04_
0_05_
0count[0]
0count[1]
1count[2]
0count[3]
#3988
0clk
0rst
1_02_
0_10_
0_03_
1_11_
1_04_
0_05_
1count[0]
0count[1]
1count[2]
0count[3]
#3989
0clk
0rst
0_02_
0_10_
1_03_
1_11_
1_04_
0_05_
0count[0]
1count[1]
1count[2]
0count[3]
#3990
0clk
0rst
1_02_
0_10_
1_03_
1_11_
1_04_
0_05_
1count[0]
1count[1]
1count[2]
0count[3]
#3991
0clk
0rst
0_02_
1_10_
0_03_
0_11_
0_04_
1_05_
0count[0]
0count[1]
0count[2]
1count[3]
#3992
0clk
0rst
1_02_
0_10_
0_03_
1_11_
0_04_
1_05_
1count[0]
0count[1]
0count[2]
1count[3]
#3993
0clk
0rst
0_02_
0_10_
1_03_
1_11_
0_04_
1_05_
0count[0]
1count[1]
0count[2]
1count[3]
#3994
0clk
0rst
1_02_
0_10_
1_03_
1_11_
0_04_
1_05_
1count[0]
1count[1]
0count[2]
1count[3]
#3995
0clk
0rst
0_02_
1_10_
0_03_
1_11_
1_04_
1_05_
0count[0]
0count[1]
1count[2]
1count[3]
#3996
0clk
0rst
1_02_
0_10_
0_03_
1_11_
1_04_
1_05_
1count[0]
0count[1]
1count[2]
1count[3]
#3997
0clk
0rst
0_02_
0_10_
1_03_
1_11_
1_04_
1_05_
0count[0]
1count[1]
1count[2]
1count[3]
#3998
0clk
0rst
1_02_
0_10_
1_03_
1_11_
1_04_
1_05_
1count[0]
1count[1]
1count[2]
1count[3]
#3999
0clk
0rst
0_02_
1_10_
0_03_
0_11_
0_04_
0_05_
0count[0]
0count[1]
0count[2]
0count[3]
#4000
0clk
0rst
1_02_
0_10_
0_03_
1_11_
0_04_
0_05_
1count[0]
0count[1]
0count[2]
0count[3]
#4001
0clk
0rst
0_02_
0_10_
1_03_
1_11_
0_04_
0_05_
0count[0]
1count[1]
0count[2]
0count[3]
#4002
0clk
0rst
1_02_
0_10_
1_03_
1_11_
0_04_
0_05_
1count[0]
1count[1]
0count[2]
0count[3]
#4003
0clk
0rst
0_02_
1_10_
0_03_
1_11_
1_04_
0_05_
0count[0]
0count[1]
1count[2]
0count[3]
#4004
0clk
0rst
1_02_
0_10_
0_03_
1_11_
1_04_
0_05_
1count[0]
0count[1]
1count[2]
0count[3]
#4005
0clk
0rst
0_02_
0_10_
1_03_
1_11_
1_04_
0_05_
0count[0]
1count[1]
1count[2]
0count[3]
#4006
0clk
0rst
1_02_
0_10_
1_03_
1_11_
1_04_
0_05_
1count[0]
1count[1]
1count[2]
0count[3]
#4007
0clk
0rst
0_02_
1_10_
0_03_
0_11_
0_04_
1_05_
0count[0]
0count[1]
0count[2]
1count[3]
#4008
0clk
0rst
1_02_
0_10_
0_03_
1_11_
0_04_
1_05_
1count[0]
0count[1]
0count[2]
1count[3]
#4009
0clk
0rst
0_02_
0_10_
1_03_
1_11_
0_04_
1_05_
0count[0]
1count[1]
0count[2]
1count[3]
#4010
0clk
0rst
1_02_
0_10_
1_03_
1_11_
0_04_
1_05_
1count[0]
1count[1]
0count[2]
1count[3]
#4011
0clk
0rst
0_02_
1_10_
0_03_
1_11_
1_04_
1_05_
0count[0]
0count[1]
1count[2]
1count[3]
#4012
0clk
0rst
1_02_
0_10_
0_03_
1_11_
1_04_
1_05_
1count[0]
0count[1]
1count[2]
1count[3]
#4013
0clk
0rst
0_02_
0_10_
1_03_
1_11_
1_04_
1_05_
0count[0]
1count[1]
1count[2]
1count[3]
#4014
0clk
0rst
1_02_
0_10_
1_03_
1_11_
1_04_
1_05_
1count[0]
1count[1]
1count[2]
1count[3]
#4015
0clk
0rst
0_02_
1_10_
0_03_
0_11_
0_04_
0_05_
0count[0]
0count[1]
0count[2]
0count[3]
#4016
0clk
0rst
1_02_
0_10_
0_03_
1_11_
0_04_
0_05_
1count[0]
0count[1]
0count[2]
0count[3]
#4017
0clk
0rst
0_02_
0_10_
1_03_
1_11_
0_04_
0_05_
0count[0]
1count[1]
0count[2]
0count[3]
#4018
0clk
0rst
1_02_
0_10_
1_03_
1_11_
0_04_
0_05_
1count[0]
1count[1]
0count[2]
0count[3]
#4019
0clk
0rst
0_02_
1_10_
0_03_
1_11_
1_04_
0_05_
0count[0]
0count[1]
1count[2]
0count[3]
#4020
0clk
0rst
1_02_
0_10_
0_03_
1_11_
1_04_
0_05_
1count[0]
0count[1]
1count[2]
0count[3]
#4021
0clk
0rst
0_02_
0_10_
1_03_
1_11_
1_04_
0_05_
0count[0]
1count[1]
1count[2]
0count[3]
#4022
0clk
0rst
1_02_
0_10_
1_03_
1_11_
1_04_
0_05_
1count[0]
1count[1]
1count[2]
0count[3]
#4023
0clk
0rst
0_02_
1_10_
0_03_
0_11_
0_04_
1_05_
0count[0]
0count[1]
0count[2]
1count[3]
#4024
0clk
0rst
1_02_
0_10_
0_03_
1_11_
0_04_
1_05_
1count[0]
0count[1]
0count[2]
1count[3]
#4025
0clk
0rst
0_02_
0_10_
1_03_
1_11_
0_04_
1_05_
0count[0]
1count[1]
0count[2]
1count[3]
#4026
0clk
0rst
1_02_
0_10_
1_03_
1_11_
0_04_
1_05_
1count[0]
1count[1]
0count[2]
1count[3]
#4027
0clk
0rst
0_02_
1_10_
0_03_
1_11_
1_04_
1_05_
0count[0]
0count[1]
1count[2]
1count[3]
#4028
0clk
0rst
1_02_
0_10_
0_03_
1_11_
1_04_
1_05_
1count[0]
0count[1]
1count[2]
1count[3]
#4029
0clk
0rst
0_02_
0_10_
1_03_
1_11_
1_04_
1_05_
0count[0]
1count[1]
1count[2]
1count[3]
#4030
0clk
0rst
1_02_
0_10_
1_03_
1_11_
1_04_
1_05_
1count[0]
1count[1]
1count[2]
1count[3]
#4031
0clk
0rst
0_02_
1_10_
0_03_
0_11_
0_04_
0_05_
0count[0]
0count[1]
0count[2]
0count[3]
#4032
0clk
0rst
1_02_
0_10_
0_03_
1_11_
0_04_
0_05_
1count[0]
0count[1]
0count[2]
0count[3]
#4033
0clk
0rst
0_02_
0_10_
1_03_
1_11_
0_04_
0_05_
0count[0]
1count[1]
0count[2]
0count[3]
#4034
0clk
0rst
1_02_
0_10_
1_03_
1_11_
0_04_
0_05_
1count[0]
1count[1]
0count[2]
0count[3]
#4035
0clk
0rst
0_02_
1_10_
0_03_
1_11_
1_04_
0_05_
0count[0]
0count[1]
1count[2]
0count[3]
#4036
0clk
0rst
1_02_
0_10_
0_03_
1_11_
1_04_
0_05_
1count[0]
0count[1]
1count[2]
0count[3]
#4037
0clk
0rst
0_02_
0_10_
1_03_
1_11_
1_04_
0_05_
0count[0]
1count[1]
1count[2]
0count[3]
#4038
0clk
0rst
1_02_
0_10_
1_03_
1_11_
1_04_
0_05_
1count[0]
1count[1]
1count[2]
0count[3]
#4039
0clk
0rst
0_02_
1_10_
0_03_
0_11_
0_04_
1_05_
0count[0]
0count[1]
0count[2]
1count[3]
#4040
0clk
0rst
1_02_
0_10_
0_03_
1_11_
0_04_
1_05_
1count[0]
0count[1]
0count[2]
1count[3]
#4041
0clk
0rst
0_02_
0_10_
1_03_
1_11_
0_04_
1_05_
0count[0]
1count[1]
0count[2]
1count[3]
#4042
0clk
0rst
1_02_
0_10_
1_03_
1_11_
0_04_
1_05_
1count[0]
1count[1]
0count[2]
1count[3]
#4043
0clk
0rst
0_02_
1_10_
0_03_
1_11_
1_04_
1_05_
0count[0]
0count[1]
1count[2]
1count[3]
#4044
0clk
0rst
1_02_
0_10_
0_03_
1_11_
1_04_
1_05_
1count[0]
0count[1]
1count[2]
1count[3]
#4045
0clk
0rst
0_02_
0_10_
1_03_
1_11_
1_04_
1_05_
0count[0]
1count[1]
1count[2]
1count[3]
#4046
0clk
0rst
1_02_
0_10_
1_03_
1_11_
1_04_
1_05_
1count[0]
1count[1]
1count[2]
1count[3]
#4047
0clk
0rst
0_02_
1_10_
0_03_
0_11_
0_04_
0_05_
0count[0]
0count[1]
0count[2]
0count[3]
#4048
0clk
0rst
1_02_
0_10_
0_03_
1_11_
0_04_
0_05_
1count[0]
0count[1]
0count[2]
0count[3]
#4049
0clk
0rst
0_02_
0_10_
1_03_
1_11_
0_04_
0_05_
0count[0]
1count[1]
0count[2]
0count[3]
#4050
0clk
0rst
1_02_
0_10_
1_03_
1_11_
0_04_
0_05_
1count[0]
1count[1]
0count[2]
0count[3]
#4051
0clk
0rst
0_02_
1_10_
0_03_
1_11_
1_04_
0_05_
0count[0]
0count[1]
1count[2]
0count[3]
#4052
0clk
0rst
1_02_
0_10_
0_03_
1_11_
1_04_
0_05_
1count[0]
0count[1]
1count[2]
0count[3]
#4053
0clk
0rst
0_02_
0_10_
1_03_
1_11_
1_04_
0_05_
0count[0]
1count[1]
1count[2]
0count[3]
#4054
0clk
0rst
1_02_
0_10_
1_03_
1_11_
1_04_
0_05_
1count[0]
1count[1]
1count[2]
0count[3]
#4055
0clk
0rst
0_02_
1_10_
0_03_
0_11_
0_04_
1_05_
0count[0]
0count[1]
0count[2]
1count[3]
#4056
0clk
0rst
1_02_
0_10_
0_03_
1_11_
0_04_
1_05_
1count[0]
0count[1]
0count[2]
1count[3]
#4057
0clk
0rst
0_02_
0_10_
1_03_
1_11_
0_04_
1_05_
0count[0]
1count[1]
0count[2]
1count[3]
#4058
0clk
0rst
1_02_
0_10_
1_03_
1_11_
0_04_
1_05_
1count[0]
1count[1]
0count[2]
1count[3]
#4059
0clk
0rst
0_02_
1_10_
0_03_
1_11_
1_04_
1_05_
0count[0]
0count[1]
1count[2]
1count[3]
#4060
0clk
0rst
1_02_
0_10_
0_03_
1_11_
1_04_
1_05_
1count[0]
0count[1]
1count[2]
1count[3]
#4061
0clk
0rst
0_02_
0_10_
1_03_
1_11_
1_04_
1_05_
0count[0]
1count[1]
1count[2]
1count[3]
#4062
0clk
0rst
1_02_
0_10_
1_03_
1_11_
1_04_
1_05_
1count[0]
1count[1]
1count[2]
1count[3]
#4063
0clk
0rst
0_02_
1_10_
0_03_
0_11_
0_04_
0_05_
0count[0]
0count[1]
0count[2]
0count[3]
#4064
0clk
0rst
1_02_
0_10_
0_03_
1_11_
0_04_
0_05_
1count[0]
0count[1]
0count[2]
0count[3]
#4065
0clk
0rst
0_02_
0_10_
1_03_
1_11_
0_04_
0_05_
0count[0]
1count[1]
0count[2]
0count[3]
#4066
0clk
0rst
1_02_
0_10_
1_03_
1_11_
0_04_
0_05_
1count[0]
1count[1]
0count[2]
0count[3]
#4067
0clk
0rst
0_02_
1_10_
0_03_
1_11_
1_04_
0_05_
0count[0]
0count[1]
1count[2]
0count[3]
#4068
0clk
0rst
1_02_
0_10_
0_03_
1_11_
1_04_
0_05_
1count[0]
0count[1]
1count[2]
0count[3]
#4069
0clk
0rst
0_02_
0_10_
1_03_
1_11_
1_04_
0_05_
0count[0]
1count[1]
1count[2]
0count[3]
#4070
0clk
0rst
1_02_
0_10_
1_03_
1_11_
1_04_
0_05_
1count[0]
1count[1]
1count[2]
0count[3]
#4071
0clk
0rst
0_02_
1_10_
0_03_
0_11_
0_04_
1_05_
0count[0]
0count[1]
0count[2]
1count[3]
#4072
0clk
0rst
1_02_
0_10_
0_03_
1_11_
0_04_
1_05_
1count[0]
0count[1]
0count[2]
1count[3]
#4073
0clk
0rst
0_02_
0_10_
1_03_
1_11_
0_04_
1_05_
0count[0]
1count[1]
0count[2]
1count[3]
#4074
0clk
0rst
1_02_
0_10_
1_03_
1_11_
0_04_
1_05_
1count[0]
1count[1]
0count[2]
1count[3]
#4075
0clk
0rst
0_02_
1_10_
0_03_
1_11_
1_04_
1_05_
0count[0]
0count[1]
1count[2]
1count[3]
#4076
0clk
0rst
1_02_
0_10_
0_03_
1_11_
1_04_
1_05_
1count[0]
0count[1]
1count[2]
1count[3]
#4077
0clk
0rst
0_02_
0_10_
1_03_
1_11_
1_04_
1_05_
0count[0]
1count[1]
1count[2]
1count[3]
#4078
0clk
0rst
1_02_
0_10_
1_03_
1_11_
1_04_
1_05_
1count[0]
1count[1]
1count[2]
1count[3]
#4079
0clk
0rst
0_02_
1_10_
0_03_
0_11_
0_04_
0_05_
0count[0]
0count[1]
0count[2]
0count[3]
#4080
0clk
0rst
1_02_
0_10_
0_03_
1_11_
0_04_
0_05_
1count[0]
0count[1]
0count[2]
0count[3]
#4081
0clk
0rst
0_02_
0_10_
1_03_
1_11_
0_04_
0_05_
0count[0]
1count[1]
0count[2]
0count[3]
#4082
0clk
0rst
1_02_
0_10_
1_03_
1_11_
0_04_
0_05_
1count[0]
1count[1]
0count[2]
0count[3]
#4083
0clk
0rst
0_02_
1_10_
0_03_
1_11_
1_04_
0_05_
0count[0]
0count[1]
1count[2]
0count[3]
#4084
0clk
0rst
1_02_
0_10_
0_03_
1_11_
1_04_
0_05_
1count[0]
0count[1]
1count[2]
0count[3]
#4085
0clk
0rst
0_02_
0_10_
1_03_
1_11_
1_04_
0_05_
0count[0]
1count[1]
1count[2]
0count[3]
#4086
0clk
0rst
1_02_
0_10_
1_03_
1_11_
1_04_
0_05_
1count[0]
1count[1]
1count[2]
0count[3]
#4087
0clk
0rst
0_02_
1_10_
0_03_
0_11_
0_04_
1_05_
0count[0]
0count[1]
0count[2]
1count[3]
#4088
0clk
0rst
1_02_
0_10_
0_03_
1_11_
0_04_
1_05_
1count[0]
0count[1]
0count[2]
1count[3]
#4089
0clk
0rst
0_02_
0_10_
1_03_
1_11_
0_04_
1_05_
0count[0]
1count[1]
0count[2]
1count[3]
#4090
0clk
0rst
1_02_
0_10_
1_03_
1_11_
0_04_
1_05_
1count[0]
1count[1]
0count[2]
1count[3]
#4091
0clk
0rst
0_02_
1_10_
0_03_
1_11_
1_04_
1_05_
0count[0]
0count[1]
1count[2]
1count[3]
#4092
0clk
0rst
1_02_
0_10_
0_03_
1_11_
1_04_
1_05_
1count[0]
0count[1]
1count[2]
1count[3]
#4093
0clk
0rst
0_02_
0_10_
1_03_
1_11_
1_04_
1_05_
0count[0]
1count[1]
1count[2]
1count[3]
#4094
0clk
0rst
1_02_
0_10_
1_03_
1_11_
1_04_
1_05_
1count[0]
1count[1]
1count[2]
1count[3]
#4095
0clk
0rst
0_02_
1_10_
0_03_
0_11_
0_04_
0_05_
0count[0]
0count[1]
0count[2]
0count[3]
#4096
0clk
0rst
1_02_
0_10_
0_03_
1_11_
0_04_
0_05_
1count[0]
0count[1]
0count[2]
0count[3]
#4097
0clk
0rst
0_02_
0_10_
1_03_
1_11_
0_04_
0_05_
0count[0]
1count[1]
0count[2]
0count[3]
#4098
0clk
0rst
1_02_
0_10_
1_03_
1_11_
0_04_
0_05_
1count[0]
1count[1]
0count[2]
0count[3]
#4099
0clk
0rst
0_02_
1_10_
0_03_
1_11_
1_04_
0_05_
0count[0]
0count[1]
1count[2]
0count[3]
#4100
0clk
0rst
1_02_
0_10_
0_03_
1_11_
1_04_
0_05_
1count[0]
0count[1]
1count[2]
0count[3]
#4101
0clk
0rst
0_02_
0_10_
1_03_
1_11_
1_04_
0_05_
0count[0]
1count[1]
1count[2]
0count[3]
#4102
0clk
0rst
1_02_
0_10_
1_03_
1_11_
1_04_
0_05_
1count[0]
1count[1]
1count[2]
0count[3]
#4103
0clk
0rst
0_02_
1_10_
0_03_
0_11_
0_04_
1_05_
0count[0]
0count[1]
0count[2]
1count[3]
#4104
0clk
0rst
1_02_
0_10_
0_03_
1_11_
0_04_
1_05_
1count[0]
0count[1]
0count[2]
1count[3]
#4105
0clk
0rst
0_02_
0_10_
1_03_
1_11_
0_04_
1_05_
0count[0]
1count[1]
0count[2]
1count[3]
#4106
0clk
0rst
1_02_
0_10_
1_03_
1_11_
0_04_
1_05_
1count[0]
1count[1]
0count[2]
1count[3]
#4107
0clk
0rst
0_02_
1_10_
0_03_
1_11_
1_04_
1_05_
0count[0]
0count[1]
1count[2]
1count[3]
#4108
0clk
0rst
1_02_
0_10_
0_03_
1_11_
1_04_
1_05_
1count[0]
0count[1]
1count[2]
1count[3]
#4109
0clk
0rst
0_02_
0_10_
1_03_
1_11_
1_04_
1_05_
0count[0]
1count[1]
1count[2]
1count[3]
#4110
0clk
0rst
1_02_
0_10_
1_03_
1_11_
1_04_
1_05_
1count[0]
1count[1]
1count[2]
1count[3]
#4111
0clk
0rst
0_02_
1_10_
0_03_
0_11_
0_04_
0_05_
0count[0]
0count[1]
0count[2]
0count[3]
#4112
0clk
0rst
1_02_
0_10_
0_03_
1_11_
0_04_
0_05_
1count[0]
0count[1]
0count[2]
0count[3]
#4113
0clk
0rst
0_02_
0_10_
1_03_
1_11_
0_04_
0_05_
0count[0]
1count[1]
0count[2]
0count[3]
#4114
0clk
0rst
1_02_
0_10_
1_03_
1_11_
0_04_
0_05_
1count[0]
1count[1]
0count[2]
0count[3]
#4115
0clk
0rst
0_02_
1_10_
0_03_
1_11_
1_04_
0_05_
0count[0]
0count[1]
1count[2]
0count[3]
#4116
0clk
0rst
1_02_
0_10_
0_03_
1_11_
1_04_
0_05_
1count[0]
0count[1]
1count[2]
0count[3]
#4117
0clk
0rst
0_02_
0_10_
1_03_
1_11_
1_04_
0_05_
0count[0]
1count[1]
1count[2]
0count[3]
#4118
0clk
0rst
1_02_
0_10_
1_03_
1_11_
1_04_
0_05_
1count[0]
1count[1]
1count[2]
0count[3]
#4119
0clk
0rst
0_02_
1_10_
0_03_
0_11_
0_04_
1_05_
0count[0]
0count[1]
0count[2]
1count[3]
#4120
0clk
0rst
1_02_
0_10_
0_03_
1_11_
0_04_
1_05_
1count[0]
0count[1]
0count[2]
1count[3]
#4121
0clk
0rst
0_02_
0_10_
1_03_
1_11_
0_04_
1_05_
0count[0]
1count[1]
0count[2]
1count[3]
#4122
0clk
0rst
1_02_
0_10_
1_03_
1_11_
0_04_
1_05_
1count[0]
1count[1]
0count[2]
1count[3]
#4123
0clk
0rst
0_02_
1_10_
0_03_
1_11_
1_04_
1_05_
0count[0]
0count[1]
1count[2]
1count[3]
#4124
0clk
0rst
1_02_
0_10_
0_03_
1_11_
1_04_
1_05_
1count[0]
0count[1]
1count[2]
1count[3]
#4125
0clk
0rst
0_02_
0_10_
1_03_
1_11_
1_04_
1_05_
0count[0]
1count[1]
1count[2]
1count[3]
#4126
0clk
0rst
1_02_
0_10_
1_03_
1_11_
1_04_
1_05_
1count[0]
1count[1]
1count[2]
1count[3]
#4127
0clk
0rst
0_02_
1_10_
0_03_
0_11_
0_04_
0_05_
0count[0]
0count[1]
0count[2]
0count[3]
#4128
0clk
0rst
1_02_
0_10_
0_03_
1_11_
0_04_
0_05_
1count[0]
0count[1]
0count[2]
0count[3]
#4129
0clk
0rst
0_02_
0_10_
1_03_
1_11_
0_04_
0_05_
0count[0]
1count[1]
0count[2]
0count[3]
#4130
0clk
0rst
1_02_
0_10_
1_03_
1_11_
0_04_
0_05_
1count[0]
1count[1]
0count[2]
0count[3]
#4131
0clk
0rst
0_02_
1_10_
0_03_
1_11_
1_04_
0_05_
0count[0]
0count[1]
1count[2]
0count[3]
#4132
0clk
0rst
1_02_
0_10_
0_03_
1_11_
1_04_
0_05_
1count[0]
0count[1]
1count[2]
0count[3]
#4133
0clk
0rst
0_02_
0_10_
1_03_
1_11_
1_04_
0_05_
0count[0]
1count[1]
1count[2]
0count[3]
#4134
0clk
0rst
1_02_
0_10_
1_03_
1_11_
1_04_
0_05_
1count[0]
1count[1]
1count[2]
0count[3]
#4135
0clk
0rst
0_02_
1_10_
0_03_
0_11_
0_04_
1_05_
0count[0]
0count[1]
0count[2]
1count[3]
#4136
0clk
0rst
1_02_
0_10_
0_03_
1_11_
0_04_
1_05_
1count[0]
0count[1]
0count[2]
1count[3]
#4137
0clk
0rst
0_02_
0_10_
1_03_
1_11_
0_04_
1_05_
0count[0]
1count[1]
0count[2]
1count[3]
#4138
0clk
0rst
1_02_
0_10_
1_03_
1_11_
0_04_
1_05_
1count[0]
1count[1]
0count[2]
1count[3]
#4139
0clk
0rst
0_02_
1_10_
0_03_
1_11_
1_04_
1_05_
0count[0]
0count[1]
1count[2]
1count[3]
#4140
0clk
0rst
1_02_
0_10_
0_03_
1_11_
1_04_
1_05_
1count[0]
0count[1]
1count[2]
1count[3]
#4141
0clk
0rst
0_02_
0_10_
1_03_
1_11_
1_04_
1_05_
0count[0]
1count[1]
1count[2]
1count[3]
#4142
0clk
0rst
1_02_
0_10_
1_03_
1_11_
1_04_
1_05_
1count[0]
1count[1]
1count[2]
1count[3]
#4143
0clk
0rst
0_02_
1_10_
0_03_
0_11_
0_04_
0_05_
0count[0]
0count[1]
0count[2]
0count[3]
#4144
0clk
0rst
1_02_
0_10_
0_03_
1_11_
0_04_
0_05_
1count[0]
0count[1]
0count[2]
0count[3]
#4145
0clk
0rst
0_02_
0_10_
1_03_
1_11_
0_04_
0_05_
0count[0]
1count[1]
0count[2]
0count[3]
#4146
0clk
0rst
1_02_
0_10_
1_03_
1_11_
0_04_
0_05_
1count[0]
1count[1]
0count[2]
0count[3]
#4147
0clk
0rst
0_02_
1_10_
0_03_
1_11_
1_04_
0_05_
0count[0]
0count[1]
1count[2]
0count[3]
#4148
0clk
0rst
1_02_
0_10_
0_03_
1_11_
1_04_
0_05_
1count[0]
0count[1]
1count[2]
0count[3]
#4149
0clk
0rst
0_02_
0_10_
1_03_
1_11_
1_04_
0_05_
0count[0]
1count[1]
1count[2]
0count[3]
#4150
0clk
0rst
1_02_
0_10_
1_03_
1_11_
1_04_
0_05_
1count[0]
1count[1]
1count[2]
0count[3]
#4151
0clk
0rst
0_02_
1_10_
0_03_
0_11_
0_04_
1_05_
0count[0]
0count[1]
0count[2]
1count[3]
#4152
0clk
0rst
1_02_
0_10_
0_03_
1_11_
0_04_
1_05_
1count[0]
0count[1]
0count[2]
1count[3]
#4153
0clk
0rst
0_02_
0_10_
1_03_
1_11_
0_04_
1_05_
0count[0]
1count[1]
0count[2]
1count[3]
#4154
0clk
0rst
1_02_
0_10_
1_03_
1_11_
0_04_
1_05_
1count[0]
1count[1]
0count[2]
1count[3]
#4155
0clk
0rst
0_02_
1_10_
0_03_
1_11_
1_04_
1_05_
0count[0]
0count[1]
1count[2]
1count[3]
#4156
0clk
0rst
1_02_
0_10_
0_03_
1_11_
1_04_
1_05_
1count[0]
0count[1]
1count[2]
1count[3]
#4157
0clk
0rst
0_02_
0_10_
1_03_
1_11_
1_04_
1_05_
0count[0]
1count[1]
1count[2]
1count[3]
#4158
0clk
0rst
1_02_
0_10_
1_03_
1_11_
1_04_
1_05_
1count[0]
1count[1]
1count[2]
1count[3]
#4159
0clk
0rst
0_02_
1_10_
0_03_
0_11_
0_04_
0_05_
0count[0]
0count[1]
0count[2]
0count[3]
#4160
0clk
0rst
1_02_
0_10_
0_03_
1_11_
0_04_
0_05_
1count[0]
0count[1]
0count[2]
0count[3]
#4161
0clk
0rst
0_02_
0_10_
1_03_
1_11_
0_04_
0_05_
0count[0]
1count[1]
0count[2]
0count[3]
#4162
0clk
0rst
1_02_
0_10_
1_03_
1_11_
0_04_
0_05_
1count[0]
1count[1]
0count[2]
0count[3]
#4163
0clk
0rst
0_02_
1_10_
0_03_
1_11_
1_04_
0_05_
0count[0]
0count[1]
1count[2]
0count[3]
#4164
0clk
0rst
1_02_
0_10_
0_03_
1_11_
1_04_
0_05_
1count[0]
0count[1]
1count[2]
0count[3]
#4165
0clk
0rst
0_02_
0_10_
1_03_
1_11_
1_04_
0_05_
0count[0]
1count[1]
1count[2]
0count[3]
#4166
0clk
0rst
1_02_
0_10_
1_03_
1_11_
1_04_
0_05_
1count[0]
1count[1]
1count[2]
0count[3]
#4167
0clk
0rst
0_02_
1_10_
0_03_
0_11_
0_04_
1_05_
0count[0]
0count[1]
0count[2]
1count[3]
#4168
0clk
0rst
1_02_
0_10_
0_03_
1_11_
0_04_
1_05_
1count[0]
0count[1]
0count[2]
1count[3]
#4169
0clk
0rst
0_02_
0_10_
1_03_
1_11_
0_04_
1_05_
0count[0]
1count[1]
0count[2]
1count[3]
#4170
0clk
0rst
1_02_
0_10_
1_03_
1_11_
0_04_
1_05_
1count[0]
1count[1]
0count[2]
1count[3]
#4171
0clk
0rst
0_02_
1_10_
0_03_
1_11_
1_04_
1_05_
0count[0]
0count[1]
1count[2]
1count[3]
#4172
0clk
0rst
1_02_
0_10_
0_03_
1_11_
1_04_
1_05_
1count[0]
0count[1]
1count[2]
1count[3]
#4173
0clk
0rst
0_02_
0_10_
1_03_
1_11_
1_04_
1_05_
0count[0]
1count[1]
1count[2]
1count[3]
#4174
0clk
0rst
1_02_
0_10_
1_03_
1_11_
1_04_
1_05_
1count[0]
1count[1]
1count[2]
1count[3]
#4175
0clk
0rst
0_02_
1_10_
0_03_
0_11_
0_04_
0_05_
0count[0]
0count[1]
0count[2]
0count[3]
#4176
0clk
0rst
1_02_
0_10_
0_03_
1_11_
0_04_
0_05_
1count[0]
0count[1]
0count[2]
0count[3]
#4177
0clk
0rst
0_02_
0_10_
1_03_
1_11_
0_04_
0_05_
0count[0]
1count[1]
0count[2]
0count[3]
#4178
0clk
0rst
1_02_
0_10_
1_03_
1_11_
0_04_
0_05_
1count[0]
1count[1]
0count[2]
0count[3]
#4179
0clk
0rst
0_02_
1_10_
0_03_
1_11_
1_04_
0_05_
0count[0]
0count[1]
1count[2]
0count[3]
#4180
0clk
0rst
1_02_
0_10_
0_03_
1_11_
1_04_
0_05_
1count[0]
0count[1]
1count[2]
0count[3]
#4181
0clk
0rst
0_02_
0_10_
1_03_
1_11_
1_04_
0_05_
0count[0]
1count[1]
1count[2]
0count[3]
#4182
0clk
0rst
1_02_
0_10_
1_03_
1_11_
1_04_
0_05_
1count[0]
1count[1]
1count[2]
0count[3]
#4183
0clk
0rst
0_02_
1_10_
0_03_
0_11_
0_04_
1_05_
0count[0]
0count[1]
0count[2]
1count[3]
#4184
0clk
0rst
1_02_
0_10_
0_03_
1_11_
0_04_
1_05_
1count[0]
0count[1]
0count[2]
1count[3]
#4185
0clk
0rst
0_02_
0_10_
1_03_
1_11_
0_04_
1_05_
0count[0]
1count[1]
0count[2]
1count[3]
#4186
0clk
0rst
1_02_
0_10_
1_03_
1_11_
0_04_
1_05_
1count[0]
1count[1]
0count[2]
1count[3]
#4187
0clk
0rst
0_02_
1_10_
0_03_
1_11_
1_04_
1_05_
0count[0]
0count[1]
1count[2]
1count[3]
#4188
0clk
0rst
1_02_
0_10_
0_03_
1_11_
1_04_
1_05_
1count[0]
0count[1]
1count[2]
1count[3]
#4189
0clk
0rst
0_02_
0_10_
1_03_
1_11_
1_04_
1_05_
0count[0]
1count[1]
1count[2]
1count[3]
#4190
0clk
0rst
1_02_
0_10_
1_03_
1_11_
1_04_
1_05_
1count[0]
1count[1]
1count[2]
1count[3]
#4191
0clk
0rst
0_02_
1_10_
0_03_
0_11_
0_04_
0_05_
0count[0]
0count[1]
0count[2]
0count[3]
#4192
0clk
0rst
1_02_
0_10_
0_03_
1_11_
0_04_
0_05_
1count[0]
0count[1]
0count[2]
0count[3]
#4193
0clk
0rst
0_02_
0_10_
1_03_
1_11_
0_04_
0_05_
0count[0]
1count[1]
0count[2]
0count[3]
#4194
0clk
0rst
1_02_
0_10_
1_03_
1_11_
0_04_
0_05_
1count[0]
1count[1]
0count[2]
0count[3]
#4195
0clk
0rst
0_02_
1_10_
0_03_
1_11_
1_04_
0_05_
0count[0]
0count[1]
1count[2]
0count[3]
#4196
0clk
0rst
1_02_
0_10_
0_03_
1_11_
1_04_
0_05_
1count[0]
0count[1]
1count[2]
0count[3]
#4197
0clk
0rst
0_02_
0_10_
1_03_
1_11_
1_04_
0_05_
0count[0]
1count[1]
1count[2]
0count[3]
#4198
0clk
0rst
1_02_
0_10_
1_03_
1_11_
1_04_
0_05_
1count[0]
1count[1]
1count[2]
0count[3]
#4199
0clk
0rst
0_02_
1_10_
0_03_
0_11_
0_04_
1_05_
0count[0]
0count[1]
0count[2]
1count[3]
#4200
0clk
0rst
1_02_
0_10_
0_03_
1_11_
0_04_
1_05_
1count[0]
0count[1]
0count[2]
1count[3]
#4201
0clk
0rst
0_02_
0_10_
1_03_
1_11_
0_04_
1_05_
0count[0]
1count[1]
0count[2]
1count[3]
#4202
0clk
0rst
1_02_
0_10_
1_03_
1_11_
0_04_
1_05_
1count[0]
1count[1]
0count[2]
1count[3]
#4203
0clk
0rst
0_02_
1_10_
0_03_
1_11_
1_04_
1_05_
0count[0]
0count[1]
1count[2]
1count[3]
#4204
0clk
0rst
1_02_
0_10_
0_03_
1_11_
1_04_
1_05_
1count[0]
0count[1]
1count[2]
1count[3]
#4205
0clk
0rst
0_02_
0_10_
1_03_
1_11_
1_04_
1_05_
0count[0]
1count[1]
1count[2]
1count[3]
#4206
0clk
0rst
1_02_
0_10_
1_03_
1_11_
1_04_
1_05_
1count[0]
1count[1]
1count[2]
1count[3]
#4207
0clk
0rst
0_02_
1_10_
0_03_
0_11_
0_04_
0_05_
0count[0]
0count[1]
0count[2]
0count[3]
#4208
0clk
0rst
1_02_
0_10_
0_03_
1_11_
0_04_
0_05_
1count[0]
0count[1]
0count[2]
0count[3]
#4209
0clk
0rst
0_02_
0_10_
1_03_
1_11_
0_04_
0_05_
0count[0]
1count[1]
0count[2]
0count[3]
#4210
0clk
0rst
1_02_
0_10_
1_03_
1_11_
0_04_
0_05_
1count[0]
1count[1]
0count[2]
0count[3]
#4211
0clk
0rst
0_02_
1_10_
0_03_
1_11_
1_04_
0_05_
0count[0]
0count[1]
1count[2]
0count[3]
#4212
0clk
0rst
1_02_
0_10_
0_03_
1_11_
1_04_
0_05_
1count[0]
0count[1]
1count[2]
0count[3]
#4213
0clk
0rst
0_02_
0_10_
1_03_
1_11_
1_04_
0_05_
0count[0]
1count[1]
1count[2]
0count[3]
#4214
0clk
0rst
1_02_
0_10_
1_03_
1_11_
1_04_
0_05_
1count[0]
1count[1]
1count[2]
0count[3]
#4215
0clk
0rst
0_02_
1_10_
0_03_
0_11_
0_04_
1_05_
0count[0]
0count[1]
0count[2]
1count[3]
#4216
0clk
0rst
1_02_
0_10_
0_03_
1_11_
0_04_
1_05_
1count[0]
0count[1]
0count[2]
1count[3]
#4217
0clk
0rst
0_02_
0_10_
1_03_
1_11_
0_04_
1_05_
0count[0]
1count[1]
0count[2]
1count[3]
#4218
0clk
0rst
1_02_
0_10_
1_03_
1_11_
0_04_
1_05_
1count[0]
1count[1]
0count[2]
1count[3]
#4219
0clk
0rst
0_02_
1_10_
0_03_
1_11_
1_04_
1_05_
0count[0]
0count[1]
1count[2]
1count[3]
#4220
0clk
0rst
1_02_
0_10_
0_03_
1_11_
1_04_
1_05_
1count[0]
0count[1]
1count[2]
1count[3]
#4221
0clk
0rst
0_02_
0_10_
1_03_
1_11_
1_04_
1_05_
0count[0]
1count[1]
1count[2]
1count[3]
#4222
0clk
0rst
1_02_
0_10_
1_03_
1_11_
1_04_
1_05_
1count[0]
1count[1]
1count[2]
1count[3]
#4223
0clk
0rst
0_02_
1_10_
0_03_
0_11_
0_04_
0_05_
0count[0]
0count[1]
0count[2]
0count[3]
#4224
0clk
0rst
1_02_
0_10_
0_03_
1_11_
0_04_
0_05_
1count[0]
0count[1]
0count[2]
0count[3]
#4225
0clk
0rst
0_02_
0_10_
1_03_
1_11_
0_04_
0_05_
0count[0]
1count[1]
0count[2]
0count[3]
#4226
0clk
0rst
1_02_
0_10_
1_03_
1_11_
0_04_
0_05_
1count[0]
1count[1]
0count[2]
0count[3]
#4227
0clk
0rst
0_02_
1_10_
0_03_
1_11_
1_04_
0_05_
0count[0]
0count[1]
1count[2]
0count[3]
#4228
0clk
0rst
1_02_
0_10_
0_03_
1_11_
1_04_
0_05_
1count[0]
0count[1]
1count[2]
0count[3]
#4229
0clk
0rst
0_02_
0_10_
1_03_
1_11_
1_04_
0_05_
0count[0]
1count[1]
1count[2]
0count[3]
#4230
0clk
0rst
1_02_
0_10_
1_03_
1_11_
1_04_
0_05_
1count[0]
1count[1]
1count[2]
0count[3]
#4231
0clk
0rst
0_02_
1_10_
0_03_
0_11_
0_04_
1_05_
0count[0]
0count[1]
0count[2]
1count[3]
#4232
0clk
0rst
1_02_
0_10_
0_03_
1_11_
0_04_
1_05_
1count[0]
0count[1]
0count[2]
1count[3]
#4233
0clk
0rst
0_02_
0_10_
1_03_
1_11_
0_04_
1_05_
0count[0]
1count[1]
0count[2]
1count[3]
#4234
0clk
0rst
1_02_
0_10_
1_03_
1_11_
0_04_
1_05_
1count[0]
1count[1]
0count[2]
1count[3]
#4235
0clk
0rst
0_02_
1_10_
0_03_
1_11_
1_04_
1_05_
0count[0]
0count[1]
1count[2]
1count[3]
#4236
0clk
0rst
1_02_
0_10_
0_03_
1_11_
1_04_
1_05_
1count[0]
0count[1]
1count[2]
1count[3]
#4237
0clk
0rst
0_02_
0_10_
1_03_
1_11_
1_04_
1_05_
0count[0]
1count[1]
1count[2]
1count[3]
#4238
0clk
0rst
1_02_
0_10_
1_03_
1_11_
1_04_
1_05_
1count[0]
1count[1]
1count[2]
1count[3]
#4239
0clk
0rst
0_02_
1_10_
0_03_
0_11_
0_04_
0_05_
0count[0]
0count[1]
0count[2]
0count[3]
#4240
0clk
0rst
1_02_
0_10_
0_03_
1_11_
0_04_
0_05_
1count[0]
0count[1]
0count[2]
0count[3]
#4241
0clk
0rst
0_02_
0_10_
1_03_
1_11_
0_04_
0_05_
0count[0]
1count[1]
0count[2]
0count[3]
#4242
0clk
0rst
1_02_
0_10_
1_03_
1_11_
0_04_
0_05_
1count[0]
1count[1]
0count[2]
0count[3]
#4243
0clk
0rst
0_02_
1_10_
0_03_
1_11_
1_04_
0_05_
0count[0]
0count[1]
1count[2]
0count[3]
#4244
0clk
0rst
1_02_
0_10_
0_03_
1_11_
1_04_
0_05_
1count[0]
0count[1]
1count[2]
0count[3]
#4245
0clk
0rst
0_02_
0_10_
1_03_
1_11_
1_04_
0_05_
0count[0]
1count[1]
1count[2]
0count[3]
#4246
0clk
0rst
1_02_
0_10_
1_03_
1_11_
1_04_
0_05_
1count[0]
1count[1]
1count[2]
0count[3]
#4247
0clk
0rst
0_02_
1_10_
0_03_
0_11_
0_04_
1_05_
0count[0]
0count[1]
0count[2]
1count[3]
#4248
0clk
0rst
1_02_
0_10_
0_03_
1_11_
0_04_
1_05_
1count[0]
0count[1]
0count[2]
1count[3]
#4249
0clk
0rst
0_02_
0_10_
1_03_
1_11_
0_04_
1_05_
0count[0]
1count[1]
0count[2]
1count[3]
#4250
0clk
0rst
1_02_
0_10_
1_03_
1_11_
0_04_
1_05_
1count[0]
1count[1]
0count[2]
1count[3]
#4251
0clk
0rst
0_02_
1_10_
0_03_
1_11_
1_04_
1_05_
0count[0]
0count[1]
1count[2]
1count[3]
#4252
0clk
0rst
1_02_
0_10_
0_03_
1_11_
1_04_
1_05_
1count[0]
0count[1]
1count[2]
1count[3]
#4253
0clk
0rst
0_02_
0_10_
1_03_
1_11_
1_04_
1_05_
0count[0]
1count[1]
1count[2]
1count[3]
#4254
0clk
0rst
1_02_
0_10_
1_03_
1_11_
1_04_
1_05_
1count[0]
1count[1]
1count[2]
1count[3]
#4255
0clk
0rst
0_02_
1_10_
0_03_
0_11_
0_04_
0_05_
0count[0]
0count[1]
0count[2]
0count[3]
#4256
0clk
0rst
1_02_
0_10_
0_03_
1_11_
0_04_
0_05_
1count[0]
0count[1]
0count[2]
0count[3]
#4257
0clk
0rst
0_02_
0_10_
1_03_
1_11_
0_04_
0_05_
0count[0]
1count[1]
0count[2]
0count[3]
#4258
0clk
0rst
1_02_
0_10_
1_03_
1_11_
0_04_
0_05_
1count[0]
1count[1]
0count[2]
0count[3]
#4259
0clk
0rst
0_02_
1_10_
0_03_
1_11_
1_04_
0_05_
0count[0]
0count[1]
1count[2]
0count[3]
#4260
0clk
0rst
1_02_
0_10_
0_03_
1_11_
1_04_
0_05_
1count[0]
0count[1]
1count[2]
0count[3]
#4261
0clk
0rst
0_02_
0_10_
1_03_
1_11_
1_04_
0_05_
0count[0]
1count[1]
1count[2]
0count[3]
#4262
0clk
0rst
1_02_
0_10_
1_03_
1_11_
1_04_
0_05_
1count[0]
1count[1]
1count[2]
0count[3]
#4263
0clk
0rst
0_02_
1_10_
0_03_
0_11_
0_04_
1_05_
0count[0]
0count[1]
0count[2]
1count[3]
#4264
0clk
0rst
1_02_
0_10_
0_03_
1_11_
0_04_
1_05_
1count[0]
0count[1]
0count[2]
1count[3]
#4265
0clk
0rst
0_02_
0_10_
1_03_
1_11_
0_04_
1_05_
0count[0]
1count[1]
0count[2]
1count[3]
#4266
0clk
0rst
1_02_
0_10_
1_03_
1_11_
0_04_
1_05_
1count[0]
1count[1]
0count[2]
1count[3]
#4267
0clk
0rst
0_02_
1_10_
0_03_
1_11_
1_04_
1_05_
0count[0]
0count[1]
1count[2]
1count[3]
#4268
0clk
0rst
1_02_
0_10_
0_03_
1_11_
1_04_
1_05_
1count[0]
0count[1]
1count[2]
1count[3]
#4269
0clk
0rst
0_02_
0_10_
1_03_
1_11_
1_04_
1_05_
0count[0]
1count[1]
1count[2]
1count[3]
#4270
0clk
0rst
1_02_
0_10_
1_03_
1_11_
1_04_
1_05_
1count[0]
1count[1]
1count[2]
1count[3]
#4271
0clk
0rst
0_02_
1_10_
0_03_
0_11_
0_04_
0_05_
0count[0]
0count[1]
0count[2]
0count[3]
#4272
0clk
0rst
1_02_
0_10_
0_03_
1_11_
0_04_
0_05_
1count[0]
0count[1]
0count[2]
0count[3]
#4273
0clk
0rst
0_02_
0_10_
1_03_
1_11_
0_04_
0_05_
0count[0]
1count[1]
0count[2]
0count[3]
#4274
0clk
0rst
1_02_
0_10_
1_03_
1_11_
0_04_
0_05_
1count[0]
1count[1]
0count[2]
0count[3]
#4275
0clk
0rst
0_02_
1_10_
0_03_
1_11_
1_04_
0_05_
0count[0]
0count[1]
1count[2]
0count[3]
#4276
0clk
0rst
1_02_
0_10_
0_03_
1_11_
1_04_
0_05_
1count[0]
0count[1]
1count[2]
0count[3]
#4277
0clk
0rst
0_02_
0_10_
1_03_
1_11_
1_04_
0_05_
0count[0]
1count[1]
1count[2]
0count[3]
#4278
0clk
0rst
1_02_
0_10_
1_03_
1_11_
1_04_
0_05_
1count[0]
1count[1]
1count[2]
0count[3]
#4279
0clk
0rst
0_02_
1_10_
0_03_
0_11_
0_04_
1_05_
0count[0]
0count[1]
0count[2]
1count[3]
#4280
0clk
0rst
1_02_
0_10_
0_03_
1_11_
0_04_
1_05_
1count[0]
0count[1]
0count[2]
1count[3]
#4281
0clk
0rst
0_02_
0_10_
1_03_
1_11_
0_04_
1_05_
0count[0]
1count[1]
0count[2]
1count[3]
#4282
0clk
0rst
1_02_
0_10_
1_03_
1_11_
0_04_
1_05_
1count[0]
1count[1]
0count[2]
1count[3]
#4283
0clk
0rst
0_02_
1_10_
0_03_
1_11_
1_04_
1_05_
0count[0]
0count[1]
1count[2]
1count[3]
#4284
0clk
0rst
1_02_
0_10_
0_03_
1_11_
1_04_
1_05_
1count[0]
0count[1]
1count[2]
1count[3]
#4285
0clk
0rst
0_02_
0_10_
1_03_
1_11_
1_04_
1_05_
0count[0]
1count[1]
1count[2]
1count[3]
#4286
0clk
0rst
1_02_
0_10_
1_03_
1_11_
1_04_
1_05_
1count[0]
1count[1]
1count[2]
1count[3]
#4287
0clk
0rst
0_02_
1_10_
0_03_
0_11_
0_04_
0_05_
0count[0]
0count[1]
0count[2]
0count[3]
#4288
0clk
0rst
1_02_
0_10_
0_03_
1_11_
0_04_
0_05_
1count[0]
0count[1]
0count[2]
0count[3]
#4289
0clk
0rst
0_02_
0_10_
1_03_
1_11_
0_04_
0_05_
0count[0]
1count[1]
0count[2]
0count[3]
#4290
0clk
0rst
1_02_
0_10_
1_03_
1_11_
0_04_
0_05_
1count[0]
1count[1]
0count[2]
0count[3]
#4291
0clk
0rst
0_02_
1_10_
0_03_
1_11_
1_04_
0_05_
0count[0]
0count[1]
1count[2]
0count[3]
#4292
0clk
0rst
1_02_
0_10_
0_03_
1_11_
1_04_
0_05_
1count[0]
0count[1]
1count[2]
0count[3]
#4293
0clk
0rst
0_02_
0_10_
1_03_
1_11_
1_04_
0_05_
0count[0]
1count[1]
1count[2]
0count[3]
#4294
0clk
0rst
1_02_
0_10_
1_03_
1_11_
1_04_
0_05_
1count[0]
1count[1]
1count[2]
0count[3]
#4295
0clk
0rst
0_02_
1_10_
0_03_
0_11_
0_04_
1_05_
0count[0]
0count[1]
0count[2]
1count[3]
#4296
0clk
0rst
1_02_
0_10_
0_03_
1_11_
0_04_
1_05_
1count[0]
0count[1]
0count[2]
1count[3]
#4297
0clk
0rst
0_02_
0_10_
1_03_
1_11_
0_04_
1_05_
0count[0]
1count[1]
0count[2]
1count[3]
#4298
0clk
0rst
1_02_
0_10_
1_03_
1_11_
0_04_
1_05_
1count[0]
1count[1]
0count[2]
1count[3]
#4299
0clk
0rst
0_02_
1_10_
0_03_
1_11_
1_04_
1_05_
0count[0]
0count[1]
1count[2]
1count[3]
#4300
0clk
0rst
1_02_
0_10_
0_03_
1_11_
1_04_
1_05_
1count[0]
0count[1]
1count[2]
1count[3]
#4301
0clk
0rst
0_02_
0_10_
1_03_
1_11_
1_04_
1_05_
0count[0]
1count[1]
1count[2]
1count[3]
#4302
0clk
0rst
1_02_
0_10_
1_03_
1_11_
1_04_
1_05_
1count[0]
1count[1]
1count[2]
1count[3]
#4303
0clk
0rst
0_02_
1_10_
0_03_
0_11_
0_04_
0_05_
0count[0]
0count[1]
0count[2]
0count[3]
#4304
0clk
0rst
1_02_
0_10_
0_03_
1_11_
0_04_
0_05_
1count[0]
0count[1]
0count[2]
0count[3]
#4305
0clk
0rst
0_02_
0_10_
1_03_
1_11_
0_04_
0_05_
0count[0]
1count[1]
0count[2]
0count[3]
#4306
0clk
0rst
1_02_
0_10_
1_03_
1_11_
0_04_
0_05_
1count[0]
1count[1]
0count[2]
0count[3]
#4307
0clk
0rst
0_02_
1_10_
0_03_
1_11_
1_04_
0_05_
0count[0]
0count[1]
1count[2]
0count[3]
#4308
0clk
0rst
1_02_
0_10_
0_03_
1_11_
1_04_
0_05_
1count[0]
0count[1]
1count[2]
0count[3]
#4309
0clk
0rst
0_02_
0_10_
1_03_
1_11_
1_04_
0_05_
0count[0]
1count[1]
1count[2]
0count[3]
#4310
0clk
0rst
1_02_
0_10_
1_03_
1_11_
1_04_
0_05_
1count[0]
1count[1]
1count[2]
0count[3]
#4311
0clk
0rst
0_02_
1_10_
0_03_
0_11_
0_04_
1_05_
0count[0]
0count[1]
0count[2]
1count[3]
#4312
0clk
0rst
1_02_
0_10_
0_03_
1_11_
0_04_
1_05_
1count[0]
0count[1]
0count[2]
1count[3]
#4313
0clk
0rst
0_02_
0_10_
1_03_
1_11_
0_04_
1_05_
0count[0]
1count[1]
0count[2]
1count[3]
#4314
0clk
0rst
1_02_
0_10_
1_03_
1_11_
0_04_
1_05_
1count[0]
1count[1]
0count[2]
1count[3]
#4315
0clk
0rst
0_02_
1_10_
0_03_
1_11_
1_04_
1_05_
0count[0]
0count[1]
1count[2]
1count[3]
#4316
0clk
0rst
1_02_
0_10_
0_03_
1_11_
1_04_
1_05_
1count[0]
0count[1]
1count[2]
1count[3]
#4317
0clk
0rst
0_02_
0_10_
1_03_
1_11_
1_04_
1_05_
0count[0]
1count[1]
1count[2]
1count[3]
#4318
0clk
0rst
1_02_
0_10_
1_03_
1_11_
1_04_
1_05_
1count[0]
1count[1]
1count[2]
1count[3]
#4319
0clk
0rst
0_02_
1_10_
0_03_
0_11_
0_04_
0_05_
0count[0]
0count[1]
0count[2]
0count[3]
#4320
0clk
0rst
1_02_
0_10_
0_03_
1_11_
0_04_
0_05_
1count[0]
0count[1]
0count[2]
0count[3]
#4321
0clk
0rst
0_02_
0_10_
1_03_
1_11_
0_04_
0_05_
0count[0]
1count[1]
0count[2]
0count[3]
#4322
0clk
0rst
1_02_
0_10_
1_03_
1_11_
0_04_
0_05_
1count[0]
1count[1]
0count[2]
0count[3]
#4323
0clk
0rst
0_02_
1_10_
0_03_
1_11_
1_04_
0_05_
0count[0]
0count[1]
1count[2]
0count[3]
#4324
0clk
0rst
1_02_
0_10_
0_03_
1_11_
1_04_
0_05_
1count[0]
0count[1]
1count[2]
0count[3]
#4325
0clk
0rst
0_02_
0_10_
1_03_
1_11_
1_04_
0_05_
0count[0]
1count[1]
1count[2]
0count[3]
#4326
0clk
0rst
1_02_
0_10_
1_03_
1_11_
1_04_
0_05_
1count[0]
1count[1]
1count[2]
0count[3]
#4327
0clk
0rst
0_02_
1_10_
0_03_
0_11_
0_04_
1_05_
0count[0]
0count[1]
0count[2]
1count[3]
#4328
0clk
0rst
1_02_
0_10_
0_03_
1_11_
0_04_
1_05_
1count[0]
0count[1]
0count[2]
1count[3]
#4329
0clk
0rst
0_02_
0_10_
1_03_
1_11_
0_04_
1_05_
0count[0]
1count[1]
0count[2]
1count[3]
#4330
0clk
0rst
1_02_
0_10_
1_03_
1_11_
0_04_
1_05_
1count[0]
1count[1]
0count[2]
1count[3]
#4331
0clk
0rst
0_02_
1_10_
0_03_
1_11_
1_04_
1_05_
0count[0]
0count[1]
1count[2]
1count[3]
#4332
0clk
0rst
1_02_
0_10_
0_03_
1_11_
1_04_
1_05_
1count[0]
0count[1]
1count[2]
1count[3]
#4333
0clk
0rst
0_02_
0_10_
1_03_
1_11_
1_04_
1_05_
0count[0]
1count[1]
1count[2]
1count[3]
#4334
0clk
0rst
1_02_
0_10_
1_03_
1_11_
1_04_
1_05_
1count[0]
1count[1]
1count[2]
1count[3]
#4335
0clk
0rst
0_02_
1_10_
0_03_
0_11_
0_04_
0_05_
0count[0]
0count[1]
0count[2]
0count[3]
#4336
0clk
0rst
1_02_
0_10_
0_03_
1_11_
0_04_
0_05_
1count[0]
0count[1]
0count[2]
0count[3]
#4337
0clk
0rst
0_02_
0_10_
1_03_
1_11_
0_04_
0_05_
0count[0]
1count[1]
0count[2]
0count[3]
#4338
0clk
0rst
1_02_
0_10_
1_03_
1_11_
0_04_
0_05_
1count[0]
1count[1]
0count[2]
0count[3]
#4339
0clk
0rst
0_02_
1_10_
0_03_
1_11_
1_04_
0_05_
0count[0]
0count[1]
1count[2]
0count[3]
#4340
0clk
0rst
1_02_
0_10_
0_03_
1_11_
1_04_
0_05_
1count[0]
0count[1]
1count[2]
0count[3]
#4341
0clk
0rst
0_02_
0_10_
1_03_
1_11_
1_04_
0_05_
0count[0]
1count[1]
1count[2]
0count[3]
#4342
0clk
0rst
1_02_
0_10_
1_03_
1_11_
1_04_
0_05_
1count[0]
1count[1]
1count[2]
0count[3]
#4343
0clk
0rst
0_02_
1_10_
0_03_
0_11_
0_04_
1_05_
0count[0]
0count[1]
0count[2]
1count[3]
#4344
0clk
0rst
1_02_
0_10_
0_03_
1_11_
0_04_
1_05_
1count[0]
0count[1]
0count[2]
1count[3]
#4345
0clk
0rst
0_02_
0_10_
1_03_
1_11_
0_04_
1_05_
0count[0]
1count[1]
0count[2]
1count[3]
#4346
0clk
0rst
1_02_
0_10_
1_03_
1_11_
0_04_
1_05_
1count[0]
1count[1]
0count[2]
1count[3]
#4347
0clk
0rst
0_02_
1_10_
0_03_
1_11_
1_04_
1_05_
0count[0]
0count[1]
1count[2]
1count[3]
#4348
0clk
0rst
1_02_
0_10_
0_03_
1_11_
1_04_
1_05_
1count[0]
0count[1]
1count[2]
1count[3]
#4349
0clk
0rst
0_02_
0_10_
1_03_
1_11_
1_04_
1_05_
0count[0]
1count[1]
1count[2]
1count[3]
#4350
0clk
0rst
1_02_
0_10_
1_03_
1_11_
1_04_
1_05_
1count[0]
1count[1]
1count[2]
1count[3]
#4351
0clk
0rst
0_02_
1_10_
0_03_
0_11_
0_04_
0_05_
0count[0]
0count[1]
0count[2]
0count[3]
#4352
0clk
0rst
1_02_
0_10_
0_03_
1_11_
0_04_
0_05_
1count[0]
0count[1]
0count[2]
0count[3]
#4353
0clk
0rst
0_02_
0_10_
1_03_
1_11_
0_04_
0_05_
0count[0]
1count[1]
0count[2]
0count[3]
#4354
0clk
0rst
1_02_
0_10_
1_03_
1_11_
0_04_
0_05_
1count[0]
1count[1]
0count[2]
0count[3]
#4355
0clk
0rst
0_02_
1_10_
0_03_
1_11_
1_04_
0_05_
0count[0]
0count[1]
1count[2]
0count[3]
#4356
0clk
0rst
1_02_
0_10_
0_03_
1_11_
1_04_
0_05_
1count[0]
0count[1]
1count[2]
0count[3]
#4357
0clk
0rst
0_02_
0_10_
1_03_
1_11_
1_04_
0_05_
0count[0]
1count[1]
1count[2]
0count[3]
#4358
0clk
0rst
1_02_
0_10_
1_03_
1_11_
1_04_
0_05_
1count[0]
1count[1]
1count[2]
0count[3]
#4359
0clk
0rst
0_02_
1_10_
0_03_
0_11_
0_04_
1_05_
0count[0]
0count[1]
0count[2]
1count[3]
#4360
0clk
0rst
1_02_
0_10_
0_03_
1_11_
0_04_
1_05_
1count[0]
0count[1]
0count[2]
1count[3]
#4361
0clk
0rst
0_02_
0_10_
1_03_
1_11_
0_04_
1_05_
0count[0]
1count[1]
0count[2]
1count[3]
#4362
0clk
0rst
1_02_
0_10_
1_03_
1_11_
0_04_
1_05_
1count[0]
1count[1]
0count[2]
1count[3]
#4363
0clk
0rst
0_02_
1_10_
0_03_
1_11_
1_04_
1_05_
0count[0]
0count[1]
1count[2]
1count[3]
#4364
0clk
0rst
1_02_
0_10_
0_03_
1_11_
1_04_
1_05_
1count[0]
0count[1]
1count[2]
1count[3]
#4365
0clk
0rst
0_02_
0_10_
1_03_
1_11_
1_04_
1_05_
0count[0]
1count[1]
1count[2]
1count[3]
#4366
0clk
0rst
1_02_
0_10_
1_03_
1_11_
1_04_
1_05_
1count[0]
1count[1]
1count[2]
1count[3]
#4367
0clk
0rst
0_02_
1_10_
0_03_
0_11_
0_04_
0_05_
0count[0]
0count[1]
0count[2]
0count[3]
#4368
0clk
0rst
1_02_
0_10_
0_03_
1_11_
0_04_
0_05_
1count[0]
0count[1]
0count[2]
0count[3]
#4369
0clk
0rst
0_02_
0_10_
1_03_
1_11_
0_04_
0_05_
0count[0]
1count[1]
0count[2]
0count[3]
#4370
0clk
0rst
1_02_
0_10_
1_03_
1_11_
0_04_
0_05_
1count[0]
1count[1]
0count[2]
0count[3]
#4371
0clk
0rst
0_02_
1_10_
0_03_
1_11_
1_04_
0_05_
0count[0]
0count[1]
1count[2]
0count[3]
#4372
0clk
0rst
1_02_
0_10_
0_03_
1_11_
1_04_
0_05_
1count[0]
0count[1]
1count[2]
0count[3]
#4373
0clk
0rst
0_02_
0_10_
1_03_
1_11_
1_04_
0_05_
0count[0]
1count[1]
1count[2]
0count[3]
#4374
0clk
0rst
1_02_
0_10_
1_03_
1_11_
1_04_
0_05_
1count[0]
1count[1]
1count[2]
0count[3]
#4375
0clk
0rst
0_02_
1_10_
0_03_
0_11_
0_04_
1_05_
0count[0]
0count[1]
0count[2]
1count[3]
#4376
0clk
0rst
1_02_
0_10_
0_03_
1_11_
0_04_
1_05_
1count[0]
0count[1]
0count[2]
1count[3]
#4377
0clk
0rst
0_02_
0_10_
1_03_
1_11_
0_04_
1_05_
0count[0]
1count[1]
0count[2]
1count[3]
#4378
0clk
0rst
1_02_
0_10_
1_03_
1_11_
0_04_
1_05_
1count[0]
1count[1]
0count[2]
1count[3]
#4379
0clk
0rst
0_02_
1_10_
0_03_
1_11_
1_04_
1_05_
0count[0]
0count[1]
1count[2]
1count[3]
#4380
0clk
0rst
1_02_
0_10_
0_03_
1_11_
1_04_
1_05_
1count[0]
0count[1]
1count[2]
1count[3]
#4381
0clk
0rst
0_02_
0_10_
1_03_
1_11_
1_04_
1_05_
0count[0]
1count[1]
1count[2]
1count[3]
#4382
0clk
0rst
1_02_
0_10_
1_03_
1_11_
1_04_
1_05_
1count[0]
1count[1]
1count[2]
1count[3]
#4383
0clk
0rst
0_02_
1_10_
0_03_
0_11_
0_04_
0_05_
0count[0]
0count[1]
0count[2]
0count[3]
#4384
0clk
0rst
1_02_
0_10_
0_03_
1_11_
0_04_
0_05_
1count[0]
0count[1]
0count[2]
0count[3]
#4385
0clk
0rst
0_02_
0_10_
1_03_
1_11_
0_04_
0_05_
0count[0]
1count[1]
0count[2]
0count[3]
#4386
0clk
0rst
1_02_
0_10_
1_03_
1_11_
0_04_
0_05_
1count[0]
1count[1]
0count[2]
0count[3]
#4387
0clk
0rst
0_02_
1_10_
0_03_
1_11_
1_04_
0_05_
0count[0]
0count[1]
1count[2]
0count[3]
#4388
0clk
0rst
1_02_
0_10_
0_03_
1_11_
1_04_
0_05_
1count[0]
0count[1]
1count[2]
0count[3]
#4389
0clk
0rst
0_02_
0_10_
1_03_
1_11_
1_04_
0_05_
0count[0]
1count[1]
1count[2]
0count[3]
#4390
0clk
0rst
1_02_
0_10_
1_03_
1_11_
1_04_
0_05_
1count[0]
1count[1]
1count[2]
0count[3]
#4391
0clk
0rst
0_02_
1_10_
0_03_
0_11_
0_04_
1_05_
0count[0]
0count[1]
0count[2]
1count[3]
#4392
0clk
0rst
1_02_
0_10_
0_03_
1_11_
0_04_
1_05_
1count[0]
0count[1]
0count[2]
1count[3]
#4393
0clk
0rst
0_02_
0_10_
1_03_
1_11_
0_04_
1_05_
0count[0]
1count[1]
0count[2]
1count[3]
#4394
0clk
0rst
1_02_
0_10_
1_03_
1_11_
0_04_
1_05_
1count[0]
1count[1]
0count[2]
1count[3]
#4395
0clk
0rst
0_02_
1_10_
0_03_
1_11_
1_04_
1_05_
0count[0]
0count[1]
1count[2]
1count[3]
#4396
0clk
0rst
1_02_
0_10_
0_03_
1_11_
1_04_
1_05_
1count[0]
0count[1]
1count[2]
1count[3]
#4397
0clk
0rst
0_02_
0_10_
1_03_
1_11_
1_04_
1_05_
0count[0]
1count[1]
1count[2]
1count[3]
#4398
0clk
0rst
1_02_
0_10_
1_03_
1_11_
1_04_
1_05_
1count[0]
1count[1]
1count[2]
1count[3]
#4399
0clk
0rst
0_02_
1_10_
0_03_
0_11_
0_04_
0_05_
0count[0]
0count[1]
0count[2]
0count[3]
#4400
0clk
0rst
1_02_
0_10_
0_03_
1_11_
0_04_
0_05_
1count[0]
0count[1]
0count[2]
0count[3]
#4401
0clk
0rst
0_02_
0_10_
1_03_
1_11_
0_04_
0_05_
0count[0]
1count[1]
0count[2]
0count[3]
#4402
0clk
0rst
1_02_
0_10_
1_03_
1_11_
0_04_
0_05_
1count[0]
1count[1]
0count[2]
0count[3]
#4403
0clk
0rst
0_02_
1_10_
0_03_
1_11_
1_04_
0_05_
0count[0]
0count[1]
1count[2]
0count[3]
#4404
0clk
0rst
1_02_
0_10_
0_03_
1_11_
1_04_
0_05_
1count[0]
0count[1]
1count[2]
0count[3]
#4405
0clk
0rst
0_02_
0_10_
1_03_
1_11_
1_04_
0_05_
0count[0]
1count[1]
1count[2]
0count[3]
#4406
0clk
0rst
1_02_
0_10_
1_03_
1_11_
1_04_
0_05_
1count[0]
1count[1]
1count[2]
0count[3]
#4407
0clk
0rst
0_02_
1_10_
0_03_
0_11_
0_04_
1_05_
0count[0]
0count[1]
0count[2]
1count[3]
#4408
0clk
0rst
1_02_
0_10_
0_03_
1_11_
0_04_
1_05_
1count[0]
0count[1]
0count[2]
1count[3]
#4409
0clk
0rst
0_02_
0_10_
1_03_
1_11_
0_04_
1_05_
0count[0]
1count[1]
0count[2]
1count[3]
#4410
0clk
0rst
1_02_
0_10_
1_03_
1_11_
0_04_
1_05_
1count[0]
1count[1]
0count[2]
1count[3]
#4411
0clk
0rst
0_02_
1_10_
0_03_
1_11_
1_04_
1_05_
0count[0]
0count[1]
1count[2]
1count[3]
#4412
0clk
0rst
1_02_
0_10_
0_03_
1_11_
1_04_
1_05_
1count[0]
0count[1]
1count[2]
1count[3]
#4413
0clk
0rst
0_02_
0_10_
1_03_
1_11_
1_04_
1_05_
0count[0]
1count[1]
1count[2]
1count[3]
#4414
0clk
0rst
1_02_
0_10_
1_03_
1_11_
1_04_
1_05_
1count[0]
1count[1]
1count[2]
1count[3]
#4415
0clk
0rst
0_02_
1_10_
0_03_
0_11_
0_04_
0_05_
0count[0]
0count[1]
0count[2]
0count[3]
#4416
0clk
0rst
1_02_
0_10_
0_03_
1_11_
0_04_
0_05_
1count[0]
0count[1]
0count[2]
0count[3]
#4417
0clk
0rst
0_02_
0_10_
1_03_
1_11_
0_04_
0_05_
0count[0]
1count[1]
0count[2]
0count[3]
#4418
0clk
0rst
1_02_
0_10_
1_03_
1_11_
0_04_
0_05_
1count[0]
1count[1]
0count[2]
0count[3]
#4419
0clk
0rst
0_02_
1_10_
0_03_
1_11_
1_04_
0_05_
0count[0]
0count[1]
1count[2]
0count[3]
#4420
0clk
0rst
1_02_
0_10_
0_03_
1_11_
1_04_
0_05_
1count[0]
0count[1]
1count[2]
0count[3]
#4421
0clk
0rst
0_02_
0_10_
1_03_
1_11_
1_04_
0_05_
0count[0]
1count[1]
1count[2]
0count[3]
#4422
0clk
0rst
1_02_
0_10_
1_03_
1_11_
1_04_
0_05_
1count[0]
1count[1]
1count[2]
0count[3]
#4423
0clk
0rst
0_02_
1_10_
0_03_
0_11_
0_04_
1_05_
0count[0]
0count[1]
0count[2]
1count[3]
#4424
0clk
0rst
1_02_
0_10_
0_03_
1_11_
0_04_
1_05_
1count[0]
0count[1]
0count[2]
1count[3]
#4425
0clk
0rst
0_02_
0_10_
1_03_
1_11_
0_04_
1_05_
0count[0]
1count[1]
0count[2]
1count[3]
#4426
0clk
0rst
1_02_
0_10_
1_03_
1_11_
0_04_
1_05_
1count[0]
1count[1]
0count[2]
1count[3]
#4427
0clk
0rst
0_02_
1_10_
0_03_
1_11_
1_04_
1_05_
0count[0]
0count[1]
1count[2]
1count[3]
#4428
0clk
0rst
1_02_
0_10_
0_03_
1_11_
1_04_
1_05_
1count[0]
0count[1]
1count[2]
1count[3]
#4429
0clk
0rst
0_02_
0_10_
1_03_
1_11_
1_04_
1_05_
0count[0]
1count[1]
1count[2]
1count[3]
#4430
0clk
0rst
1_02_
0_10_
1_03_
1_11_
1_04_
1_05_
1count[0]
1count[1]
1count[2]
1count[3]
#4431
0clk
0rst
0_02_
1_10_
0_03_
0_11_
0_04_
0_05_
0count[0]
0count[1]
0count[2]
0count[3]
#4432
0clk
0rst
1_02_
0_10_
0_03_
1_11_
0_04_
0_05_
1count[0]
0count[1]
0count[2]
0count[3]
#4433
0clk
0rst
0_02_
0_10_
1_03_
1_11_
0_04_
0_05_
0count[0]
1count[1]
0count[2]
0count[3]
#4434
0clk
0rst
1_02_
0_10_
1_03_
1_11_
0_04_
0_05_
1count[0]
1count[1]
0count[2]
0count[3]
#4435
0clk
0rst
0_02_
1_10_
0_03_
1_11_
1_04_
0_05_
0count[0]
0count[1]
1count[2]
0count[3]
#4436
0clk
0rst
1_02_
0_10_
0_03_
1_11_
1_04_
0_05_
1count[0]
0count[1]
1count[2]
0count[3]
#4437
0clk
0rst
0_02_
0_10_
1_03_
1_11_
1_04_
0_05_
0count[0]
1count[1]
1count[2]
0count[3]
#4438
0clk
0rst
1_02_
0_10_
1_03_
1_11_
1_04_
0_05_
1count[0]
1count[1]
1count[2]
0count[3]
#4439
0clk
0rst
0_02_
1_10_
0_03_
0_11_
0_04_
1_05_
0count[0]
0count[1]
0count[2]
1count[3]
#4440
0clk
0rst
1_02_
0_10_
0_03_
1_11_
0_04_
1_05_
1count[0]
0count[1]
0count[2]
1count[3]
#4441
0clk
0rst
0_02_
0_10_
1_03_
1_11_
0_04_
1_05_
0count[0]
1count[1]
0count[2]
1count[3]
#4442
0clk
0rst
1_02_
0_10_
1_03_
1_11_
0_04_
1_05_
1count[0]
1count[1]
0count[2]
1count[3]
#4443
0clk
0rst
0_02_
1_10_
0_03_
1_11_
1_04_
1_05_
0count[0]
0count[1]
1count[2]
1count[3]
#4444
0clk
0rst
1_02_
0_10_
0_03_
1_11_
1_04_
1_05_
1count[0]
0count[1]
1count[2]
1count[3]
#4445
0clk
0rst
0_02_
0_10_
1_03_
1_11_
1_04_
1_05_
0count[0]
1count[1]
1count[2]
1count[3]
#4446
0clk
0rst
1_02_
0_10_
1_03_
1_11_
1_04_
1_05_
1count[0]
1count[1]
1count[2]
1count[3]
#4447
0clk
0rst
0_02_
1_10_
0_03_
0_11_
0_04_
0_05_
0count[0]
0count[1]
0count[2]
0count[3]
#4448
0clk
0rst
1_02_
0_10_
0_03_
1_11_
0_04_
0_05_
1count[0]
0count[1]
0count[2]
0count[3]
#4449
0clk
0rst
0_02_
0_10_
1_03_
1_11_
0_04_
0_05_
0count[0]
1count[1]
0count[2]
0count[3]
#4450
0clk
0rst
1_02_
0_10_
1_03_
1_11_
0_04_
0_05_
1count[0]
1count[1]
0count[2]
0count[3]
#4451
0clk
0rst
0_02_
1_10_
0_03_
1_11_
1_04_
0_05_
0count[0]
0count[1]
1count[2]
0count[3]
#4452
0clk
0rst
1_02_
0_10_
0_03_
1_11_
1_04_
0_05_
1count[0]
0count[1]
1count[2]
0count[3]
#4453
0clk
0rst
0_02_
0_10_
1_03_
1_11_
1_04_
0_05_
0count[0]
1count[1]
1count[2]
0count[3]
#4454
0clk
0rst
1_02_
0_10_
1_03_
1_11_
1_04_
0_05_
1count[0]
1count[1]
1count[2]
0count[3]
#4455
0clk
0rst
0_02_
1_10_
0_03_
0_11_
0_04_
1_05_
0count[0]
0count[1]
0count[2]
1count[3]
#4456
0clk
0rst
1_02_
0_10_
0_03_
1_11_
0_04_
1_05_
1count[0]
0count[1]
0count[2]
1count[3]
#4457
0clk
0rst
0_02_
0_10_
1_03_
1_11_
0_04_
1_05_
0count[0]
1count[1]
0count[2]
1count[3]
#4458
0clk
0rst
1_02_
0_10_
1_03_
1_11_
0_04_
1_05_
1count[0]
1count[1]
0count[2]
1count[3]
#4459
0clk
0rst
0_02_
1_10_
0_03_
1_11_
1_04_
1_05_
0count[0]
0count[1]
1count[2]
1count[3]
#4460
0clk
0rst
1_02_
0_10_
0_03_
1_11_
1_04_
1_05_
1count[0]
0count[1]
1count[2]
1count[3]
#4461
0clk
0rst
0_02_
0_10_
1_03_
1_11_
1_04_
1_05_
0count[0]
1count[1]
1count[2]
1count[3]
#4462
0clk
0rst
1_02_
0_10_
1_03_
1_11_
1_04_
1_05_
1count[0]
1count[1]
1count[2]
1count[3]
#4463
0clk
0rst
0_02_
1_10_
0_03_
0_11_
0_04_
0_05_
0count[0]
0count[1]
0count[2]
0count[3]
#4464
0clk
0rst
1_02_
0_10_
0_03_
1_11_
0_04_
0_05_
1count[0]
0count[1]
0count[2]
0count[3]
#4465
0clk
0rst
0_02_
0_10_
1_03_
1_11_
0_04_
0_05_
0count[0]
1count[1]
0count[2]
0count[3]
#4466
0clk
0rst
1_02_
0_10_
1_03_
1_11_
0_04_
0_05_
1count[0]
1count[1]
0count[2]
0count[3]
#4467
0clk
0rst
0_02_
1_10_
0_03_
1_11_
1_04_
0_05_
0count[0]
0count[1]
1count[2]
0count[3]
#4468
0clk
0rst
1_02_
0_10_
0_03_
1_11_
1_04_
0_05_
1count[0]
0count[1]
1count[2]
0count[3]
#4469
0clk
0rst
0_02_
0_10_
1_03_
1_11_
1_04_
0_05_
0count[0]
1count[1]
1count[2]
0count[3]
#4470
0clk
0rst
1_02_
0_10_
1_03_
1_11_
1_04_
0_05_
1count[0]
1count[1]
1count[2]
0count[3]
#4471
0clk
0rst
0_02_
1_10_
0_03_
0_11_
0_04_
1_05_
0count[0]
0count[1]
0count[2]
1count[3]
#4472
0clk
0rst
1_02_
0_10_
0_03_
1_11_
0_04_
1_05_
1count[0]
0count[1]
0count[2]
1count[3]
#4473
0clk
0rst
0_02_
0_10_
1_03_
1_11_
0_04_
1_05_
0count[0]
1count[1]
0count[2]
1count[3]
#4474
0clk
0rst
1_02_
0_10_
1_03_
1_11_
0_04_
1_05_
1count[0]
1count[1]
0count[2]
1count[3]
#4475
0clk
0rst
0_02_
1_10_
0_03_
1_11_
1_04_
1_05_
0count[0]
0count[1]
1count[2]
1count[3]
#4476
0clk
0rst
1_02_
0_10_
0_03_
1_11_
1_04_
1_05_
1count[0]
0count[1]
1count[2]
1count[3]
#4477
0clk
0rst
0_02_
0_10_
1_03_
1_11_
1_04_
1_05_
0count[0]
1count[1]
1count[2]
1count[3]
#4478
0clk
0rst
1_02_
0_10_
1_03_
1_11_
1_04_
1_05_
1count[0]
1count[1]
1count[2]
1count[3]
#4479
0clk
0rst
0_02_
1_10_
0_03_
0_11_
0_04_
0_05_
0count[0]
0count[1]
0count[2]
0count[3]
#4480
0clk
0rst
1_02_
0_10_
0_03_
1_11_
0_04_
0_05_
1count[0]
0count[1]
0count[2]
0count[3]
#4481
0clk
0rst
0_02_
0_10_
1_03_
1_11_
0_04_
0_05_
0count[0]
1count[1]
0count[2]
0count[3]
#4482
0clk
0rst
1_02_
0_10_
1_03_
1_11_
0_04_
0_05_
1count[0]
1count[1]
0count[2]
0count[3]
#4483
0clk
0rst
0_02_
1_10_
0_03_
1_11_
1_04_
0_05_
0count[0]
0count[1]
1count[2]
0count[3]
#4484
0clk
0rst
1_02_
0_10_
0_03_
1_11_
1_04_
0_05_
1count[0]
0count[1]
1count[2]
0count[3]
#4485
0clk
0rst
0_02_
0_10_
1_03_
1_11_
1_04_
0_05_
0count[0]
1count[1]
1count[2]
0count[3]
#4486
0clk
0rst
1_02_
0_10_
1_03_
1_11_
1_04_
0_05_
1count[0]
1count[1]
1count[2]
0count[3]
#4487
0clk
0rst
0_02_
1_10_
0_03_
0_11_
0_04_
1_05_
0count[0]
0count[1]
0count[2]
1count[3]
#4488
0clk
0rst
1_02_
0_10_
0_03_
1_11_
0_04_
1_05_
1count[0]
0count[1]
0count[2]
1count[3]
#4489
0clk
0rst
0_02_
0_10_
1_03_
1_11_
0_04_
1_05_
0count[0]
1count[1]
0count[2]
1count[3]
#4490
0clk
0rst
1_02_
0_10_
1_03_
1_11_
0_04_
1_05_
1count[0]
1count[1]
0count[2]
1count[3]
#4491
0clk
0rst
0_02_
1_10_
0_03_
1_11_
1_04_
1_05_
0count[0]
0count[1]
1count[2]
1count[3]
#4492
0clk
0rst
1_02_
0_10_
0_03_
1_11_
1_04_
1_05_
1count[0]
0count[1]
1count[2]
1count[3]
#4493
0clk
0rst
0_02_
0_10_
1_03_
1_11_
1_04_
1_05_
0count[0]
1count[1]
1count[2]
1count[3]
#4494
0clk
0rst
1_02_
0_10_
1_03_
1_11_
1_04_
1_05_
1count[0]
1count[1]
1count[2]
1count[3]
#4495
0clk
0rst
0_02_
1_10_
0_03_
0_11_
0_04_
0_05_
0count[0]
0count[1]
0count[2]
0count[3]
#4496
0clk
0rst
1_02_
0_10_
0_03_
1_11_
0_04_
0_05_
1count[0]
0count[1]
0count[2]
0count[3]
#4497
0clk
0rst
0_02_
0_10_
1_03_
1_11_
0_04_
0_05_
0count[0]
1count[1]
0count[2]
0count[3]
#4498
0clk
0rst
1_02_
0_10_
1_03_
1_11_
0_04_
0_05_
1count[0]
1count[1]
0count[2]
0count[3]
#4499
0clk
0rst
0_02_
1_10_
0_03_
1_11_
1_04_
0_05_
0count[0]
0count[1]
1count[2]
0count[3]
#4500
0clk
0rst
1_02_
0_10_
0_03_
1_11_
1_04_
0_05_
1count[0]
0count[1]
1count[2]
0count[3]
#4501
0clk
0rst
0_02_
0_10_
1_03_
1_11_
1_04_
0_05_
0count[0]
1count[1]
1count[2]
0count[3]
#4502
0clk
0rst
1_02_
0_10_
1_03_
1_11_
1_04_
0_05_
1count[0]
1count[1]
1count[2]
0count[3]
#4503
0clk
0rst
0_02_
1_10_
0_03_
0_11_
0_04_
1_05_
0count[0]
0count[1]
0count[2]
1count[3]
#4504
0clk
0rst
1_02_
0_10_
0_03_
1_11_
0_04_
1_05_
1count[0]
0count[1]
0count[2]
1count[3]
#4505
0clk
0rst
0_02_
0_10_
1_03_
1_11_
0_04_
1_05_
0count[0]
1count[1]
0count[2]
1count[3]
#4506
0clk
0rst
1_02_
0_10_
1_03_
1_11_
0_04_
1_05_
1count[0]
1count[1]
0count[2]
1count[3]
#4507
0clk
0rst
0_02_
1_10_
0_03_
1_11_
1_04_
1_05_
0count[0]
0count[1]
1count[2]
1count[3]
#4508
0clk
0rst
1_02_
0_10_
0_03_
1_11_
1_04_
1_05_
1count[0]
0count[1]
1count[2]
1count[3]
#4509
0clk
0rst
0_02_
0_10_
1_03_
1_11_
1_04_
1_05_
0count[0]
1count[1]
1count[2]
1count[3]
#4510
0clk
0rst
1_02_
0_10_
1_03_
1_11_
1_04_
1_05_
1count[0]
1count[1]
1count[2]
1count[3]
#4511
0clk
0rst
0_02_
1_10_
0_03_
0_11_
0_04_
0_05_
0count[0]
0count[1]
0count[2]
0count[3]
#4512
0clk
0rst
1_02_
0_10_
0_03_
1_11_
0_04_
0_05_
1count[0]
0count[1]
0count[2]
0count[3]
#4513
0clk
0rst
0_02_
0_10_
1_03_
1_11_
0_04_
0_05_
0count[0]
1count[1]
0count[2]
0count[3]
#4514
0clk
0rst
1_02_
0_10_
1_03_
1_11_
0_04_
0_05_
1count[0]
1count[1]
0count[2]
0count[3]
#4515
0clk
0rst
0_02_
1_10_
0_03_
1_11_
1_04_
0_05_
0count[0]
0count[1]
1count[2]
0count[3]
#4516
0clk
0rst
1_02_
0_10_
0_03_
1_11_
1_04_
0_05_
1count[0]
0count[1]
1count[2]
0count[3]
#4517
0clk
0rst
0_02_
0_10_
1_03_
1_11_
1_04_
0_05_
0count[0]
1count[1]
1count[2]
0count[3]
#4518
0clk
0rst
1_02_
0_10_
1_03_
1_11_
1_04_
0_05_
1count[0]
1count[1]
1count[2]
0count[3]
#4519
0clk
0rst
0_02_
1_10_
0_03_
0_11_
0_04_
1_05_
0count[0]
0count[1]
0count[2]
1count[3]
#4520
0clk
0rst
1_02_
0_10_
0_03_
1_11_
0_04_
1_05_
1count[0]
0count[1]
0count[2]
1count[3]
#4521
0clk
0rst
0_02_
0_10_
1_03_
1_11_
0_04_
1_05_
0count[0]
1count[1]
0count[2]
1count[3]
#4522
0clk
0rst
1_02_
0_10_
1_03_
1_11_
0_04_
1_05_
1count[0]
1count[1]
0count[2]
1count[3]
#4523
0clk
0rst
0_02_
1_10_
0_03_
1_11_
1_04_
1_05_
0count[0]
0count[1]
1count[2]
1count[3]
#4524
0clk
0rst
1_02_
0_10_
0_03_
1_11_
1_04_
1_05_
1count[0]
0count[1]
1count[2]
1count[3]
#4525
0clk
0rst
0_02_
0_10_
1_03_
1_11_
1_04_
1_05_
0count[0]
1count[1]
1count[2]
1count[3]
#4526
0clk
0rst
1_02_
0_10_
1_03_
1_11_
1_04_
1_05_
1count[0]
1count[1]
1count[2]
1count[3]
#4527
0clk
0rst
0_02_
1_10_
0_03_
0_11_
0_04_
0_05_
0count[0]
0count[1]
0count[2]
0count[3]
#4528
0clk
0rst
1_02_
0_10_
0_03_
1_11_
0_04_
0_05_
1count[0]
0count[1]
0count[2]
0count[3]
#4529
0clk
0rst
0_02_
0_10_
1_03_
1_11_
0_04_
0_05_
0count[0]
1count[1]
0count[2]
0count[3]
#4530
0clk
0rst
1_02_
0_10_
1_03_
1_11_
0_04_
0_05_
1count[0]
1count[1]
0count[2]
0count[3]
#4531
0clk
0rst
0_02_
1_10_
0_03_
1_11_
1_04_
0_05_
0count[0]
0count[1]
1count[2]
0count[3]
#4532
0clk
0rst
1_02_
0_10_
0_03_
1_11_
1_04_
0_05_
1count[0]
0count[1]
1count[2]
0count[3]
#4533
0clk
0rst
0_02_
0_10_
1_03_
1_11_
1_04_
0_05_
0count[0]
1count[1]
1count[2]
0count[3]
#4534
0clk
0rst
1_02_
0_10_
1_03_
1_11_
1_04_
0_05_
1count[0]
1count[1]
1count[2]
0count[3]
#4535
0clk
0rst
0_02_
1_10_
0_03_
0_11_
0_04_
1_05_
0count[0]
0count[1]
0count[2]
1count[3]
#4536
0clk
0rst
1_02_
0_10_
0_03_
1_11_
0_04_
1_05_
1count[0]
0count[1]
0count[2]
1count[3]
#4537
0clk
0rst
0_02_
0_10_
1_03_
1_11_
0_04_
1_05_
0count[0]
1count[1]
0count[2]
1count[3]
#4538
0clk
0rst
1_02_
0_10_
1_03_
1_11_
0_04_
1_05_
1count[0]
1count[1]
0count[2]
1count[3]
#4539
0clk
0rst
0_02_
1_10_
0_03_
1_11_
1_04_
1_05_
0count[0]
0count[1]
1count[2]
1count[3]
#4540
0clk
0rst
1_02_
0_10_
0_03_
1_11_
1_04_
1_05_
1count[0]
0count[1]
1count[2]
1count[3]
#4541
0clk
0rst
0_02_
0_10_
1_03_
1_11_
1_04_
1_05_
0count[0]
1count[1]
1count[2]
1count[3]
#4542
0clk
0rst
1_02_
0_10_
1_03_
1_11_
1_04_
1_05_
1count[0]
1count[1]
1count[2]
1count[3]
#4543
0clk
0rst
0_02_
1_10_
0_03_
0_11_
0_04_
0_05_
0count[0]
0count[1]
0count[2]
0count[3]
#4544
0clk
0rst
1_02_
0_10_
0_03_
1_11_
0_04_
0_05_
1count[0]
0count[1]
0count[2]
0count[3]
#4545
0clk
0rst
0_02_
0_10_
1_03_
1_11_
0_04_
0_05_
0count[0]
1count[1]
0count[2]
0count[3]
#4546
0clk
0rst
1_02_
0_10_
1_03_
1_11_
0_04_
0_05_
1count[0]
1count[1]
0count[2]
0count[3]
#4547
0clk
0rst
0_02_
1_10_
0_03_
1_11_
1_04_
0_05_
0count[0]
0count[1]
1count[2]
0count[3]
#4548
0clk
0rst
1_02_
0_10_
0_03_
1_11_
1_04_
0_05_
1count[0]
0count[1]
1count[2]
0count[3]
#4549
0clk
0rst
0_02_
0_10_
1_03_
1_11_
1_04_
0_05_
0count[0]
1count[1]
1count[2]
0count[3]
#4550
0clk
0rst
1_02_
0_10_
1_03_
1_11_
1_04_
0_05_
1count[0]
1count[1]
1count[2]
0count[3]
#4551
0clk
0rst
0_02_
1_10_
0_03_
0_11_
0_04_
1_05_
0count[0]
0count[1]
0count[2]
1count[3]
#4552
0clk
0rst
1_02_
0_10_
0_03_
1_11_
0_04_
1_05_
1count[0]
0count[1]
0count[2]
1count[3]
#4553
0clk
0rst
0_02_
0_10_
1_03_
1_11_
0_04_
1_05_
0count[0]
1count[1]
0count[2]
1count[3]
#4554
0clk
0rst
1_02_
0_10_
1_03_
1_11_
0_04_
1_05_
1count[0]
1count[1]
0count[2]
1count[3]
#4555
0clk
0rst
0_02_
1_10_
0_03_
1_11_
1_04_
1_05_
0count[0]
0count[1]
1count[2]
1count[3]
#4556
0clk
0rst
1_02_
0_10_
0_03_
1_11_
1_04_
1_05_
1count[0]
0count[1]
1count[2]
1count[3]
#4557
0clk
0rst
0_02_
0_10_
1_03_
1_11_
1_04_
1_05_
0count[0]
1count[1]
1count[2]
1count[3]
#4558
0clk
0rst
1_02_
0_10_
1_03_
1_11_
1_04_
1_05_
1count[0]
1count[1]
1count[2]
1count[3]
#4559
0clk
0rst
0_02_
1_10_
0_03_
0_11_
0_04_
0_05_
0count[0]
0count[1]
0count[2]
0count[3]
#4560
0clk
0rst
1_02_
0_10_
0_03_
1_11_
0_04_
0_05_
1count[0]
0count[1]
0count[2]
0count[3]
#4561
0clk
0rst
0_02_
0_10_
1_03_
1_11_
0_04_
0_05_
0count[0]
1count[1]
0count[2]
0count[3]
#4562
0clk
0rst
1_02_
0_10_
1_03_
1_11_
0_04_
0_05_
1count[0]
1count[1]
0count[2]
0count[3]
#4563
0clk
0rst
0_02_
1_10_
0_03_
1_11_
1_04_
0_05_
0count[0]
0count[1]
1count[2]
0count[3]
#4564
0clk
0rst
1_02_
0_10_
0_03_
1_11_
1_04_
0_05_
1count[0]
0count[1]
1count[2]
0count[3]
#4565
0clk
0rst
0_02_
0_10_
1_03_
1_11_
1_04_
0_05_
0count[0]
1count[1]
1count[2]
0count[3]
#4566
0clk
0rst
1_02_
0_10_
1_03_
1_11_
1_04_
0_05_
1count[0]
1count[1]
1count[2]
0count[3]
#4567
0clk
0rst
0_02_
1_10_
0_03_
0_11_
0_04_
1_05_
0count[0]
0count[1]
0count[2]
1count[3]
#4568
0clk
0rst
1_02_
0_10_
0_03_
1_11_
0_04_
1_05_
1count[0]
0count[1]
0count[2]
1count[3]
#4569
0clk
0rst
0_02_
0_10_
1_03_
1_11_
0_04_
1_05_
0count[0]
1count[1]
0count[2]
1count[3]
#4570
0clk
0rst
1_02_
0_10_
1_03_
1_11_
0_04_
1_05_
1count[0]
1count[1]
0count[2]
1count[3]
#4571
0clk
0rst
0_02_
1_10_
0_03_
1_11_
1_04_
1_05_
0count[0]
0count[1]
1count[2]
1count[3]
#4572
0clk
0rst
1_02_
0_10_
0_03_
1_11_
1_04_
1_05_
1count[0]
0count[1]
1count[2]
1count[3]
#4573
0clk
0rst
0_02_
0_10_
1_03_
1_11_
1_04_
1_05_
0count[0]
1count[1]
1count[2]
1count[3]
#4574
0clk
0rst
1_02_
0_10_
1_03_
1_11_
1_04_
1_05_
1count[0]
1count[1]
1count[2]
1count[3]
#4575
0clk
0rst
0_02_
1_10_
0_03_
0_11_
0_04_
0_05_
0count[0]
0count[1]
0count[2]
0count[3]
#4576
0clk
0rst
1_02_
0_10_
0_03_
1_11_
0_04_
0_05_
1count[0]
0count[1]
0count[2]
0count[3]
#4577
0clk
0rst
0_02_
0_10_
1_03_
1_11_
0_04_
0_05_
0count[0]
1count[1]
0count[2]
0count[3]
#4578
0clk
0rst
1_02_
0_10_
1_03_
1_11_
0_04_
0_05_
1count[0]
1count[1]
0count[2]
0count[3]
#4579
0clk
0rst
0_02_
1_10_
0_03_
1_11_
1_04_
0_05_
0count[0]
0count[1]
1count[2]
0count[3]
#4580
0clk
0rst
1_02_
0_10_
0_03_
1_11_
1_04_
0_05_
1count[0]
0count[1]
1count[2]
0count[3]
#4581
0clk
0rst
0_02_
0_10_
1_03_
1_11_
1_04_
0_05_
0count[0]
1count[1]
1count[2]
0count[3]
#4582
0clk
0rst
1_02_
0_10_
1_03_
1_11_
1_04_
0_05_
1count[0]
1count[1]
1count[2]
0count[3]
#4583
0clk
0rst
0_02_
1_10_
0_03_
0_11_
0_04_
1_05_
0count[0]
0count[1]
0count[2]
1count[3]
#4584
0clk
0rst
1_02_
0_10_
0_03_
1_11_
0_04_
1_05_
1count[0]
0count[1]
0count[2]
1count[3]
#4585
0clk
0rst
0_02_
0_10_
1_03_
1_11_
0_04_
1_05_
0count[0]
1count[1]
0count[2]
1count[3]
#4586
0clk
0rst
1_02_
0_10_
1_03_
1_11_
0_04_
1_05_
1count[0]
1count[1]
0count[2]
1count[3]
#4587
0clk
0rst
0_02_
1_10_
0_03_
1_11_
1_04_
1_05_
0count[0]
0count[1]
1count[2]
1count[3]
#4588
0clk
0rst
1_02_
0_10_
0_03_
1_11_
1_04_
1_05_
1count[0]
0count[1]
1count[2]
1count[3]
#4589
0clk
0rst
0_02_
0_10_
1_03_
1_11_
1_04_
1_05_
0count[0]
1count[1]
1count[2]
1count[3]
#4590
0clk
0rst
1_02_
0_10_
1_03_
1_11_
1_04_
1_05_
1count[0]
1count[1]
1count[2]
1count[3]
#4591
0clk
0rst
0_02_
1_10_
0_03_
0_11_
0_04_
0_05_
0count[0]
0count[1]
0count[2]
0count[3]
#4592
0clk
0rst
1_02_
0_10_
0_03_
1_11_
0_04_
0_05_
1count[0]
0count[1]
0count[2]
0count[3]
#4593
0clk
0rst
0_02_
0_10_
1_03_
1_11_
0_04_
0_05_
0count[0]
1count[1]
0count[2]
0count[3]
#4594
0clk
0rst
1_02_
0_10_
1_03_
1_11_
0_04_
0_05_
1count[0]
1count[1]
0count[2]
0count[3]
#4595
0clk
0rst
0_02_
1_10_
0_03_
1_11_
1_04_
0_05_
0count[0]
0count[1]
1count[2]
0count[3]
#4596
0clk
0rst
1_02_
0_10_
0_03_
1_11_
1_04_
0_05_
1count[0]
0count[1]
1count[2]
0count[3]
#4597
0clk
0rst
0_02_
0_10_
1_03_
1_11_
1_04_
0_05_
0count[0]
1count[1]
1count[2]
0count[3]
#4598
0clk
0rst
1_02_
0_10_
1_03_
1_11_
1_04_
0_05_
1count[0]
1count[1]
1count[2]
0count[3]
#4599
0clk
0rst
0_02_
1_10_
0_03_
0_11_
0_04_
1_05_
0count[0]
0count[1]
0count[2]
1count[3]
#4600
0clk
0rst
1_02_
0_10_
0_03_
1_11_
0_04_
1_05_
1count[0]
0count[1]
0count[2]
1count[3]
#4601
0clk
0rst
0_02_
0_10_
1_03_
1_11_
0_04_
1_05_
0count[0]
1count[1]
0count[2]
1count[3]
#4602
0clk
0rst
1_02_
0_10_
1_03_
1_11_
0_04_
1_05_
1count[0]
1count[1]
0count[2]
1count[3]
#4603
0clk
0rst
0_02_
1_10_
0_03_
1_11_
1_04_
1_05_
0count[0]
0count[1]
1count[2]
1count[3]
#4604
0clk
0rst
1_02_
0_10_
0_03_
1_11_
1_04_
1_05_
1count[0]
0count[1]
1count[2]
1count[3]
#4605
0clk
0rst
0_02_
0_10_
1_03_
1_11_
1_04_
1_05_
0count[0]
1count[1]
1count[2]
1count[3]
#4606
0clk
0rst
1_02_
0_10_
1_03_
1_11_
1_04_
1_05_
1count[0]
1count[1]
1count[2]
1count[3]
#4607
0clk
0rst
0_02_
1_10_
0_03_
0_11_
0_04_
0_05_
0count[0]
0count[1]
0count[2]
0count[3]
#4608
0clk
0rst
1_02_
0_10_
0_03_
1_11_
0_04_
0_05_
1count[0]
0count[1]
0count[2]
0count[3]
#4609
0clk
0rst
0_02_
0_10_
1_03_
1_11_
0_04_
0_05_
0count[0]
1count[1]
0count[2]
0count[3]
#4610
0clk
0rst
1_02_
0_10_
1_03_
1_11_
0_04_
0_05_
1count[0]
1count[1]
0count[2]
0count[3]
#4611
0clk
0rst
0_02_
1_10_
0_03_
1_11_
1_04_
0_05_
0count[0]
0count[1]
1count[2]
0count[3]
#4612
0clk
0rst
1_02_
0_10_
0_03_
1_11_
1_04_
0_05_
1count[0]
0count[1]
1count[2]
0count[3]
#4613
0clk
0rst
0_02_
0_10_
1_03_
1_11_
1_04_
0_05_
0count[0]
1count[1]
1count[2]
0count[3]
#4614
0clk
0rst
1_02_
0_10_
1_03_
1_11_
1_04_
0_05_
1count[0]
1count[1]
1count[2]
0count[3]
#4615
0clk
0rst
0_02_
1_10_
0_03_
0_11_
0_04_
1_05_
0count[0]
0count[1]
0count[2]
1count[3]
#4616
0clk
0rst
1_02_
0_10_
0_03_
1_11_
0_04_
1_05_
1count[0]
0count[1]
0count[2]
1count[3]
#4617
0clk
0rst
0_02_
0_10_
1_03_
1_11_
0_04_
1_05_
0count[0]
1count[1]
0count[2]
1count[3]
#4618
0clk
0rst
1_02_
0_10_
1_03_
1_11_
0_04_
1_05_
1count[0]
1count[1]
0count[2]
1count[3]
#4619
0clk
0rst
0_02_
1_10_
0_03_
1_11_
1_04_
1_05_
0count[0]
0count[1]
1count[2]
1count[3]
#4620
0clk
0rst
1_02_
0_10_
0_03_
1_11_
1_04_
1_05_
1count[0]
0count[1]
1count[2]
1count[3]
#4621
0clk
0rst
0_02_
0_10_
1_03_
1_11_
1_04_
1_05_
0count[0]
1count[1]
1count[2]
1count[3]
#4622
0clk
0rst
1_02_
0_10_
1_03_
1_11_
1_04_
1_05_
1count[0]
1count[1]
1count[2]
1count[3]
#4623
0clk
0rst
0_02_
1_10_
0_03_
0_11_
0_04_
0_05_
0count[0]
0count[1]
0count[2]
0count[3]
#4624
0clk
0rst
1_02_
0_10_
0_03_
1_11_
0_04_
0_05_
1count[0]
0count[1]
0count[2]
0count[3]
#4625
0clk
0rst
0_02_
0_10_
1_03_
1_11_
0_04_
0_05_
0count[0]
1count[1]
0count[2]
0count[3]
#4626
0clk
0rst
1_02_
0_10_
1_03_
1_11_
0_04_
0_05_
1count[0]
1count[1]
0count[2]
0count[3]
#4627
0clk
0rst
0_02_
1_10_
0_03_
1_11_
1_04_
0_05_
0count[0]
0count[1]
1count[2]
0count[3]
#4628
0clk
0rst
1_02_
0_10_
0_03_
1_11_
1_04_
0_05_
1count[0]
0count[1]
1count[2]
0count[3]
#4629
0clk
0rst
0_02_
0_10_
1_03_
1_11_
1_04_
0_05_
0count[0]
1count[1]
1count[2]
0count[3]
#4630
0clk
0rst
1_02_
0_10_
1_03_
1_11_
1_04_
0_05_
1count[0]
1count[1]
1count[2]
0count[3]
#4631
0clk
0rst
0_02_
1_10_
0_03_
0_11_
0_04_
1_05_
0count[0]
0count[1]
0count[2]
1count[3]
#4632
0clk
0rst
1_02_
0_10_
0_03_
1_11_
0_04_
1_05_
1count[0]
0count[1]
0count[2]
1count[3]
#4633
0clk
0rst
0_02_
0_10_
1_03_
1_11_
0_04_
1_05_
0count[0]
1count[1]
0count[2]
1count[3]
#4634
0clk
0rst
1_02_
0_10_
1_03_
1_11_
0_04_
1_05_
1count[0]
1count[1]
0count[2]
1count[3]
#4635
0clk
0rst
0_02_
1_10_
0_03_
1_11_
1_04_
1_05_
0count[0]
0count[1]
1count[2]
1count[3]
#4636
0clk
0rst
1_02_
0_10_
0_03_
1_11_
1_04_
1_05_
1count[0]
0count[1]
1count[2]
1count[3]
#4637
0clk
0rst
0_02_
0_10_
1_03_
1_11_
1_04_
1_05_
0count[0]
1count[1]
1count[2]
1count[3]
#4638
0clk
0rst
1_02_
0_10_
1_03_
1_11_
1_04_
1_05_
1count[0]
1count[1]
1count[2]
1count[3]
#4639
0clk
0rst
0_02_
1_10_
0_03_
0_11_
0_04_
0_05_
0count[0]
0count[1]
0count[2]
0count[3]
#4640
0clk
0rst
1_02_
0_10_
0_03_
1_11_
0_04_
0_05_
1count[0]
0count[1]
0count[2]
0count[3]
#4641
0clk
0rst
0_02_
0_10_
1_03_
1_11_
0_04_
0_05_
0count[0]
1count[1]
0count[2]
0count[3]
#4642
0clk
0rst
1_02_
0_10_
1_03_
1_11_
0_04_
0_05_
1count[0]
1count[1]
0count[2]
0count[3]
#4643
0clk
0rst
0_02_
1_10_
0_03_
1_11_
1_04_
0_05_
0count[0]
0count[1]
1count[2]
0count[3]
#4644
0clk
0rst
1_02_
0_10_
0_03_
1_11_
1_04_
0_05_
1count[0]
0count[1]
1count[2]
0count[3]
#4645
0clk
0rst
0_02_
0_10_
1_03_
1_11_
1_04_
0_05_
0count[0]
1count[1]
1count[2]
0count[3]
#4646
0clk
0rst
1_02_
0_10_
1_03_
1_11_
1_04_
0_05_
1count[0]
1count[1]
1count[2]
0count[3]
#4647
0clk
0rst
0_02_
1_10_
0_03_
0_11_
0_04_
1_05_
0count[0]
0count[1]
0count[2]
1count[3]
#4648
0clk
0rst
1_02_
0_10_
0_03_
1_11_
0_04_
1_05_
1count[0]
0count[1]
0count[2]
1count[3]
#4649
0clk
0rst
0_02_
0_10_
1_03_
1_11_
0_04_
1_05_
0count[0]
1count[1]
0count[2]
1count[3]
#4650
0clk
0rst
1_02_
0_10_
1_03_
1_11_
0_04_
1_05_
1count[0]
1count[1]
0count[2]
1count[3]
#4651
0clk
0rst
0_02_
1_10_
0_03_
1_11_
1_04_
1_05_
0count[0]
0count[1]
1count[2]
1count[3]
#4652
0clk
0rst
1_02_
0_10_
0_03_
1_11_
1_04_
1_05_
1count[0]
0count[1]
1count[2]
1count[3]
#4653
0clk
0rst
0_02_
0_10_
1_03_
1_11_
1_04_
1_05_
0count[0]
1count[1]
1count[2]
1count[3]
#4654
0clk
0rst
1_02_
0_10_
1_03_
1_11_
1_04_
1_05_
1count[0]
1count[1]
1count[2]
1count[3]
#4655
0clk
0rst
0_02_
1_10_
0_03_
0_11_
0_04_
0_05_
0count[0]
0count[1]
0count[2]
0count[3]
#4656
0clk
0rst
1_02_
0_10_
0_03_
1_11_
0_04_
0_05_
1count[0]
0count[1]
0count[2]
0count[3]
#4657
0clk
0rst
0_02_
0_10_
1_03_
1_11_
0_04_
0_05_
0count[0]
1count[1]
0count[2]
0count[3]
#4658
0clk
0rst
1_02_
0_10_
1_03_
1_11_
0_04_
0_05_
1count[0]
1count[1]
0count[2]
0count[3]
#4659
0clk
0rst
0_02_
1_10_
0_03_
1_11_
1_04_
0_05_
0count[0]
0count[1]
1count[2]
0count[3]
#4660
0clk
0rst
1_02_
0_10_
0_03_
1_11_
1_04_
0_05_
1count[0]
0count[1]
1count[2]
0count[3]
#4661
0clk
0rst
0_02_
0_10_
1_03_
1_11_
1_04_
0_05_
0count[0]
1count[1]
1count[2]
0count[3]
#4662
0clk
0rst
1_02_
0_10_
1_03_
1_11_
1_04_
0_05_
1count[0]
1count[1]
1count[2]
0count[3]
#4663
0clk
0rst
0_02_
1_10_
0_03_
0_11_
0_04_
1_05_
0count[0]
0count[1]
0count[2]
1count[3]
#4664
0clk
0rst
1_02_
0_10_
0_03_
1_11_
0_04_
1_05_
1count[0]
0count[1]
0count[2]
1count[3]
#4665
0clk
0rst
0_02_
0_10_
1_03_
1_11_
0_04_
1_05_
0count[0]
1count[1]
0count[2]
1count[3]
#4666
0clk
0rst
1_02_
0_10_
1_03_
1_11_
0_04_
1_05_
1count[0]
1count[1]
0count[2]
1count[3]
#4667
0clk
0rst
0_02_
1_10_
0_03_
1_11_
1_04_
1_05_
0count[0]
0count[1]
1count[2]
1count[3]
#4668
0clk
0rst
1_02_
0_10_
0_03_
1_11_
1_04_
1_05_
1count[0]
0count[1]
1count[2]
1count[3]
#4669
0clk
0rst
0_02_
0_10_
1_03_
1_11_
1_04_
1_05_
0count[0]
1count[1]
1count[2]
1count[3]
#4670
0clk
0rst
1_02_
0_10_
1_03_
1_11_
1_04_
1_05_
1count[0]
1count[1]
1count[2]
1count[3]
#4671
0clk
0rst
0_02_
1_10_
0_03_
0_11_
0_04_
0_05_
0count[0]
0count[1]
0count[2]
0count[3]
#4672
0clk
0rst
1_02_
0_10_
0_03_
1_11_
0_04_
0_05_
1count[0]
0count[1]
0count[2]
0count[3]
#4673
0clk
0rst
0_02_
0_10_
1_03_
1_11_
0_04_
0_05_
0count[0]
1count[1]
0count[2]
0count[3]
#4674
0clk
0rst
1_02_
0_10_
1_03_
1_11_
0_04_
0_05_
1count[0]
1count[1]
0count[2]
0count[3]
#4675
0clk
0rst
0_02_
1_10_
0_03_
1_11_
1_04_
0_05_
0count[0]
0count[1]
1count[2]
0count[3]
#4676
0clk
0rst
1_02_
0_10_
0_03_
1_11_
1_04_
0_05_
1count[0]
0count[1]
1count[2]
0count[3]
#4677
0clk
0rst
0_02_
0_10_
1_03_
1_11_
1_04_
0_05_
0count[0]
1count[1]
1count[2]
0count[3]
#4678
0clk
0rst
1_02_
0_10_
1_03_
1_11_
1_04_
0_05_
1count[0]
1count[1]
1count[2]
0count[3]
#4679
0clk
0rst
0_02_
1_10_
0_03_
0_11_
0_04_
1_05_
0count[0]
0count[1]
0count[2]
1count[3]
#4680
0clk
0rst
1_02_
0_10_
0_03_
1_11_
0_04_
1_05_
1count[0]
0count[1]
0count[2]
1count[3]
#4681
0clk
0rst
0_02_
0_10_
1_03_
1_11_
0_04_
1_05_
0count[0]
1count[1]
0count[2]
1count[3]
#4682
0clk
0rst
1_02_
0_10_
1_03_
1_11_
0_04_
1_05_
1count[0]
1count[1]
0count[2]
1count[3]
#4683
0clk
0rst
0_02_
1_10_
0_03_
1_11_
1_04_
1_05_
0count[0]
0count[1]
1count[2]
1count[3]
#4684
0clk
0rst
1_02_
0_10_
0_03_
1_11_
1_04_
1_05_
1count[0]
0count[1]
1count[2]
1count[3]
#4685
0clk
0rst
0_02_
0_10_
1_03_
1_11_
1_04_
1_05_
0count[0]
1count[1]
1count[2]
1count[3]
#4686
0clk
0rst
1_02_
0_10_
1_03_
1_11_
1_04_
1_05_
1count[0]
1count[1]
1count[2]
1count[3]
#4687
0clk
0rst
0_02_
1_10_
0_03_
0_11_
0_04_
0_05_
0count[0]
0count[1]
0count[2]
0count[3]
#4688
0clk
0rst
1_02_
0_10_
0_03_
1_11_
0_04_
0_05_
1count[0]
0count[1]
0count[2]
0count[3]
#4689
0clk
0rst
0_02_
0_10_
1_03_
1_11_
0_04_
0_05_
0count[0]
1count[1]
0count[2]
0count[3]
#4690
0clk
0rst
1_02_
0_10_
1_03_
1_11_
0_04_
0_05_
1count[0]
1count[1]
0count[2]
0count[3]
#4691
0clk
0rst
0_02_
1_10_
0_03_
1_11_
1_04_
0_05_
0count[0]
0count[1]
1count[2]
0count[3]
#4692
0clk
0rst
1_02_
0_10_
0_03_
1_11_
1_04_
0_05_
1count[0]
0count[1]
1count[2]
0count[3]
#4693
0clk
0rst
0_02_
0_10_
1_03_
1_11_
1_04_
0_05_
0count[0]
1count[1]
1count[2]
0count[3]
#4694
0clk
0rst
1_02_
0_10_
1_03_
1_11_
1_04_
0_05_
1count[0]
1count[1]
1count[2]
0count[3]
#4695
0clk
0rst
0_02_
1_10_
0_03_
0_11_
0_04_
1_05_
0count[0]
0count[1]
0count[2]
1count[3]
#4696
0clk
0rst
1_02_
0_10_
0_03_
1_11_
0_04_
1_05_
1count[0]
0count[1]
0count[2]
1count[3]
#4697
0clk
0rst
0_02_
0_10_
1_03_
1_11_
0_04_
1_05_
0count[0]
1count[1]
0count[2]
1count[3]
#4698
0clk
0rst
1_02_
0_10_
1_03_
1_11_
0_04_
1_05_
1count[0]
1count[1]
0count[2]
1count[3]
#4699
0clk
0rst
0_02_
1_10_
0_03_
1_11_
1_04_
1_05_
0count[0]
0count[1]
1count[2]
1count[3]
#4700
0clk
0rst
1_02_
0_10_
0_03_
1_11_
1_04_
1_05_
1count[0]
0count[1]
1count[2]
1count[3]
#4701
0clk
0rst
0_02_
0_10_
1_03_
1_11_
1_04_
1_05_
0count[0]
1count[1]
1count[2]
1count[3]
#4702
0clk
0rst
1_02_
0_10_
1_03_
1_11_
1_04_
1_05_
1count[0]
1count[1]
1count[2]
1count[3]
#4703
0clk
0rst
0_02_
1_10_
0_03_
0_11_
0_04_
0_05_
0count[0]
0count[1]
0count[2]
0count[3]
#4704
0clk
0rst
1_02_
0_10_
0_03_
1_11_
0_04_
0_05_
1count[0]
0count[1]
0count[2]
0count[3]
#4705
0clk
0rst
0_02_
0_10_
1_03_
1_11_
0_04_
0_05_
0count[0]
1count[1]
0count[2]
0count[3]
#4706
0clk
0rst
1_02_
0_10_
1_03_
1_11_
0_04_
0_05_
1count[0]
1count[1]
0count[2]
0count[3]
#4707
0clk
0rst
0_02_
1_10_
0_03_
1_11_
1_04_
0_05_
0count[0]
0count[1]
1count[2]
0count[3]
#4708
0clk
0rst
1_02_
0_10_
0_03_
1_11_
1_04_
0_05_
1count[0]
0count[1]
1count[2]
0count[3]
#4709
0clk
0rst
0_02_
0_10_
1_03_
1_11_
1_04_
0_05_
0count[0]
1count[1]
1count[2]
0count[3]
#4710
0clk
0rst
1_02_
0_10_
1_03_
1_11_
1_04_
0_05_
1count[0]
1count[1]
1count[2]
0count[3]
#4711
0clk
0rst
0_02_
1_10_
0_03_
0_11_
0_04_
1_05_
0count[0]
0count[1]
0count[2]
1count[3]
#4712
0clk
0rst
1_02_
0_10_
0_03_
1_11_
0_04_
1_05_
1count[0]
0count[1]
0count[2]
1count[3]
#4713
0clk
0rst
0_02_
0_10_
1_03_
1_11_
0_04_
1_05_
0count[0]
1count[1]
0count[2]
1count[3]
#4714
0clk
0rst
1_02_
0_10_
1_03_
1_11_
0_04_
1_05_
1count[0]
1count[1]
0count[2]
1count[3]
#4715
0clk
0rst
0_02_
1_10_
0_03_
1_11_
1_04_
1_05_
0count[0]
0count[1]
1count[2]
1count[3]
#4716
0clk
0rst
1_02_
0_10_
0_03_
1_11_
1_04_
1_05_
1count[0]
0count[1]
1count[2]
1count[3]
#4717
0clk
0rst
0_02_
0_10_
1_03_
1_11_
1_04_
1_05_
0count[0]
1count[1]
1count[2]
1count[3]
#4718
0clk
0rst
1_02_
0_10_
1_03_
1_11_
1_04_
1_05_
1count[0]
1count[1]
1count[2]
1count[3]
#4719
0clk
0rst
0_02_
1_10_
0_03_
0_11_
0_04_
0_05_
0count[0]
0count[1]
0count[2]
0count[3]
#4720
0clk
0rst
1_02_
0_10_
0_03_
1_11_
0_04_
0_05_
1count[0]
0count[1]
0count[2]
0count[3]
#4721
0clk
0rst
0_02_
0_10_
1_03_
1_11_
0_04_
0_05_
0count[0]
1count[1]
0count[2]
0count[3]
#4722
0clk
0rst
1_02_
0_10_
1_03_
1_11_
0_04_
0_05_
1count[0]
1count[1]
0count[2]
0count[3]
#4723
0clk
0rst
0_02_
1_10_
0_03_
1_11_
1_04_
0_05_
0count[0]
0count[1]
1count[2]
0count[3]
#4724
0clk
0rst
1_02_
0_10_
0_03_
1_11_
1_04_
0_05_
1count[0]
0count[1]
1count[2]
0count[3]
#4725
0clk
0rst
0_02_
0_10_
1_03_
1_11_
1_04_
0_05_
0count[0]
1count[1]
1count[2]
0count[3]
#4726
0clk
0rst
1_02_
0_10_
1_03_
1_11_
1_04_
0_05_
1count[0]
1count[1]
1count[2]
0count[3]
#4727
0clk
0rst
0_02_
1_10_
0_03_
0_11_
0_04_
1_05_
0count[0]
0count[1]
0count[2]
1count[3]
#4728
0clk
0rst
1_02_
0_10_
0_03_
1_11_
0_04_
1_05_
1count[0]
0count[1]
0count[2]
1count[3]
#4729
0clk
0rst
0_02_
0_10_
1_03_
1_11_
0_04_
1_05_
0count[0]
1count[1]
0count[2]
1count[3]
#4730
0clk
0rst
1_02_
0_10_
1_03_
1_11_
0_04_
1_05_
1count[0]
1count[1]
0count[2]
1count[3]
#4731
0clk
0rst
0_02_
1_10_
0_03_
1_11_
1_04_
1_05_
0count[0]
0count[1]
1count[2]
1count[3]
#4732
0clk
0rst
1_02_
0_10_
0_03_
1_11_
1_04_
1_05_
1count[0]
0count[1]
1count[2]
1count[3]
#4733
0clk
0rst
0_02_
0_10_
1_03_
1_11_
1_04_
1_05_
0count[0]
1count[1]
1count[2]
1count[3]
#4734
0clk
0rst
1_02_
0_10_
1_03_
1_11_
1_04_
1_05_
1count[0]
1count[1]
1count[2]
1count[3]
#4735
0clk
0rst
0_02_
1_10_
0_03_
0_11_
0_04_
0_05_
0count[0]
0count[1]
0count[2]
0count[3]
#4736
0clk
0rst
1_02_
0_10_
0_03_
1_11_
0_04_
0_05_
1count[0]
0count[1]
0count[2]
0count[3]
#4737
0clk
0rst
0_02_
0_10_
1_03_
1_11_
0_04_
0_05_
0count[0]
1count[1]
0count[2]
0count[3]
#4738
0clk
0rst
1_02_
0_10_
1_03_
1_11_
0_04_
0_05_
1count[0]
1count[1]
0count[2]
0count[3]
#4739
0clk
0rst
0_02_
1_10_
0_03_
1_11_
1_04_
0_05_
0count[0]
0count[1]
1count[2]
0count[3]
#4740
0clk
0rst
1_02_
0_10_
0_03_
1_11_
1_04_
0_05_
1count[0]
0count[1]
1count[2]
0count[3]
#4741
0clk
0rst
0_02_
0_10_
1_03_
1_11_
1_04_
0_05_
0count[0]
1count[1]
1count[2]
0count[3]
#4742
0clk
0rst
1_02_
0_10_
1_03_
1_11_
1_04_
0_05_
1count[0]
1count[1]
1count[2]
0count[3]
#4743
0clk
0rst
0_02_
1_10_
0_03_
0_11_
0_04_
1_05_
0count[0]
0count[1]
0count[2]
1count[3]
#4744
0clk
0rst
1_02_
0_10_
0_03_
1_11_
0_04_
1_05_
1count[0]
0count[1]
0count[2]
1count[3]
#4745
0clk
0rst
0_02_
0_10_
1_03_
1_11_
0_04_
1_05_
0count[0]
1count[1]
0count[2]
1count[3]
#4746
0clk
0rst
1_02_
0_10_
1_03_
1_11_
0_04_
1_05_
1count[0]
1count[1]
0count[2]
1count[3]
#4747
0clk
0rst
0_02_
1_10_
0_03_
1_11_
1_04_
1_05_
0count[0]
0count[1]
1count[2]
1count[3]
#4748
0clk
0rst
1_02_
0_10_
0_03_
1_11_
1_04_
1_05_
1count[0]
0count[1]
1count[2]
1count[3]
#4749
0clk
0rst
0_02_
0_10_
1_03_
1_11_
1_04_
1_05_
0count[0]
1count[1]
1count[2]
1count[3]
#4750
0clk
0rst
1_02_
0_10_
1_03_
1_11_
1_04_
1_05_
1count[0]
1count[1]
1count[2]
1count[3]
#4751
0clk
0rst
0_02_
1_10_
0_03_
0_11_
0_04_
0_05_
0count[0]
0count[1]
0count[2]
0count[3]
#4752
0clk
0rst
1_02_
0_10_
0_03_
1_11_
0_04_
0_05_
1count[0]
0count[1]
0count[2]
0count[3]
#4753
0clk
0rst
0_02_
0_10_
1_03_
1_11_
0_04_
0_05_
0count[0]
1count[1]
0count[2]
0count[3]
#4754
0clk
0rst
1_02_
0_10_
1_03_
1_11_
0_04_
0_05_
1count[0]
1count[1]
0count[2]
0count[3]
#4755
0clk
0rst
0_02_
1_10_
0_03_
1_11_
1_04_
0_05_
0count[0]
0count[1]
1count[2]
0count[3]
#4756
0clk
0rst
1_02_
0_10_
0_03_
1_11_
1_04_
0_05_
1count[0]
0count[1]
1count[2]
0count[3]
#4757
0clk
0rst
0_02_
0_10_
1_03_
1_11_
1_04_
0_05_
0count[0]
1count[1]
1count[2]
0count[3]
#4758
0clk
0rst
1_02_
0_10_
1_03_
1_11_
1_04_
0_05_
1count[0]
1count[1]
1count[2]
0count[3]
#4759
0clk
0rst
0_02_
1_10_
0_03_
0_11_
0_04_
1_05_
0count[0]
0count[1]
0count[2]
1count[3]
#4760
0clk
0rst
1_02_
0_10_
0_03_
1_11_
0_04_
1_05_
1count[0]
0count[1]
0count[2]
1count[3]
#4761
0clk
0rst
0_02_
0_10_
1_03_
1_11_
0_04_
1_05_
0count[0]
1count[1]
0count[2]
1count[3]
#4762
0clk
0rst
1_02_
0_10_
1_03_
1_11_
0_04_
1_05_
1count[0]
1count[1]
0count[2]
1count[3]
#4763
0clk
0rst
0_02_
1_10_
0_03_
1_11_
1_04_
1_05_
0count[0]
0count[1]
1count[2]
1count[3]
#4764
0clk
0rst
1_02_
0_10_
0_03_
1_11_
1_04_
1_05_
1count[0]
0count[1]
1count[2]
1count[3]
#4765
0clk
0rst
0_02_
0_10_
1_03_
1_11_
1_04_
1_05_
0count[0]
1count[1]
1count[2]
1count[3]
#4766
0clk
0rst
1_02_
0_10_
1_03_
1_11_
1_04_
1_05_
1count[0]
1count[1]
1count[2]
1count[3]
#4767
0clk
0rst
0_02_
1_10_
0_03_
0_11_
0_04_
0_05_
0count[0]
0count[1]
0count[2]
0count[3]
#4768
0clk
0rst
1_02_
0_10_
0_03_
1_11_
0_04_
0_05_
1count[0]
0count[1]
0count[2]
0count[3]
#4769
0clk
0rst
0_02_
0_10_
1_03_
1_11_
0_04_
0_05_
0count[0]
1count[1]
0count[2]
0count[3]
#4770
0clk
0rst
1_02_
0_10_
1_03_
1_11_
0_04_
0_05_
1count[0]
1count[1]
0count[2]
0count[3]
#4771
0clk
0rst
0_02_
1_10_
0_03_
1_11_
1_04_
0_05_
0count[0]
0count[1]
1count[2]
0count[3]
#4772
0clk
0rst
1_02_
0_10_
0_03_
1_11_
1_04_
0_05_
1count[0]
0count[1]
1count[2]
0count[3]
#4773
0clk
0rst
0_02_
0_10_
1_03_
1_11_
1_04_
0_05_
0count[0]
1count[1]
1count[2]
0count[3]
#4774
0clk
0rst
1_02_
0_10_
1_03_
1_11_
1_04_
0_05_
1count[0]
1count[1]
1count[2]
0count[3]
#4775
0clk
0rst
0_02_
1_10_
0_03_
0_11_
0_04_
1_05_
0count[0]
0count[1]
0count[2]
1count[3]
#4776
0clk
0rst
1_02_
0_10_
0_03_
1_11_
0_04_
1_05_
1count[0]
0count[1]
0count[2]
1count[3]
#4777
0clk
0rst
0_02_
0_10_
1_03_
1_11_
0_04_
1_05_
0count[0]
1count[1]
0count[2]
1count[3]
#4778
0clk
0rst
1_02_
0_10_
1_03_
1_11_
0_04_
1_05_
1count[0]
1count[1]
0count[2]
1count[3]
#4779
0clk
0rst
0_02_
1_10_
0_03_
1_11_
1_04_
1_05_
0count[0]
0count[1]
1count[2]
1count[3]
#4780
0clk
0rst
1_02_
0_10_
0_03_
1_11_
1_04_
1_05_
1count[0]
0count[1]
1count[2]
1count[3]
#4781
0clk
0rst
0_02_
0_10_
1_03_
1_11_
1_04_
1_05_
0count[0]
1count[1]
1count[2]
1count[3]
#4782
0clk
0rst
1_02_
0_10_
1_03_
1_11_
1_04_
1_05_
1count[0]
1count[1]
1count[2]
1count[3]
#4783
0clk
0rst
0_02_
1_10_
0_03_
0_11_
0_04_
0_05_
0count[0]
0count[1]
0count[2]
0count[3]
#4784
0clk
0rst
1_02_
0_10_
0_03_
1_11_
0_04_
0_05_
1count[0]
0count[1]
0count[2]
0count[3]
#4785
0clk
0rst
0_02_
0_10_
1_03_
1_11_
0_04_
0_05_
0count[0]
1count[1]
0count[2]
0count[3]
#4786
0clk
0rst
1_02_
0_10_
1_03_
1_11_
0_04_
0_05_
1count[0]
1count[1]
0count[2]
0count[3]
#4787
0clk
0rst
0_02_
1_10_
0_03_
1_11_
1_04_
0_05_
0count[0]
0count[1]
1count[2]
0count[3]
#4788
0clk
0rst
1_02_
0_10_
0_03_
1_11_
1_04_
0_05_
1count[0]
0count[1]
1count[2]
0count[3]
#4789
0clk
0rst
0_02_
0_10_
1_03_
1_11_
1_04_
0_05_
0count[0]
1count[1]
1count[2]
0count[3]
#4790
0clk
0rst
1_02_
0_10_
1_03_
1_11_
1_04_
0_05_
1count[0]
1count[1]
1count[2]
0count[3]
#4791
0clk
0rst
0_02_
1_10_
0_03_
0_11_
0_04_
1_05_
0count[0]
0count[1]
0count[2]
1count[3]
#4792
0clk
0rst
1_02_
0_10_
0_03_
1_11_
0_04_
1_05_
1count[0]
0count[1]
0count[2]
1count[3]
#4793
0clk
0rst
0_02_
0_10_
1_03_
1_11_
0_04_
1_05_
0count[0]
1count[1]
0count[2]
1count[3]
#4794
0clk
0rst
1_02_
0_10_
1_03_
1_11_
0_04_
1_05_
1count[0]
1count[1]
0count[2]
1count[3]
#4795
0clk
0rst
0_02_
1_10_
0_03_
1_11_
1_04_
1_05_
0count[0]
0count[1]
1count[2]
1count[3]
#4796
0clk
0rst
1_02_
0_10_
0_03_
1_11_
1_04_
1_05_
1count[0]
0count[1]
1count[2]
1count[3]
#4797
0clk
0rst
0_02_
0_10_
1_03_
1_11_
1_04_
1_05_
0count[0]
1count[1]
1count[2]
1count[3]
#4798
0clk
0rst
1_02_
0_10_
1_03_
1_11_
1_04_
1_05_
1count[0]
1count[1]
1count[2]
1count[3]
#4799
0clk
0rst
0_02_
1_10_
0_03_
0_11_
0_04_
0_05_
0count[0]
0count[1]
0count[2]
0count[3]
#4800
0clk
0rst
1_02_
0_10_
0_03_
1_11_
0_04_
0_05_
1count[0]
0count[1]
0count[2]
0count[3]
#4801
0clk
0rst
0_02_
0_10_
1_03_
1_11_
0_04_
0_05_
0count[0]
1count[1]
0count[2]
0count[3]
#4802
0clk
0rst
1_02_
0_10_
1_03_
1_11_
0_04_
0_05_
1count[0]
1count[1]
0count[2]
0count[3]
#4803
0clk
0rst
0_02_
1_10_
0_03_
1_11_
1_04_
0_05_
0count[0]
0count[1]
1count[2]
0count[3]
#4804
0clk
0rst
1_02_
0_10_
0_03_
1_11_
1_04_
0_05_
1count[0]
0count[1]
1count[2]
0count[3]
#4805
0clk
0rst
0_02_
0_10_
1_03_
1_11_
1_04_
0_05_
0count[0]
1count[1]
1count[2]
0count[3]
#4806
0clk
0rst
1_02_
0_10_
1_03_
1_11_
1_04_
0_05_
1count[0]
1count[1]
1count[2]
0count[3]
#4807
0clk
0rst
0_02_
1_10_
0_03_
0_11_
0_04_
1_05_
0count[0]
0count[1]
0count[2]
1count[3]
#4808
0clk
0rst
1_02_
0_10_
0_03_
1_11_
0_04_
1_05_
1count[0]
0count[1]
0count[2]
1count[3]
#4809
0clk
0rst
0_02_
0_10_
1_03_
1_11_
0_04_
1_05_
0count[0]
1count[1]
0count[2]
1count[3]
#4810
0clk
0rst
1_02_
0_10_
1_03_
1_11_
0_04_
1_05_
1count[0]
1count[1]
0count[2]
1count[3]
#4811
0clk
0rst
0_02_
1_10_
0_03_
1_11_
1_04_
1_05_
0count[0]
0count[1]
1count[2]
1count[3]
#4812
0clk
0rst
1_02_
0_10_
0_03_
1_11_
1_04_
1_05_
1count[0]
0count[1]
1count[2]
1count[3]
#4813
0clk
0rst
0_02_
0_10_
1_03_
1_11_
1_04_
1_05_
0count[0]
1count[1]
1count[2]
1count[3]
#4814
0clk
0rst
1_02_
0_10_
1_03_
1_11_
1_04_
1_05_
1count[0]
1count[1]
1count[2]
1count[3]
#4815
0clk
0rst
0_02_
1_10_
0_03_
0_11_
0_04_
0_05_
0count[0]
0count[1]
0count[2]
0count[3]
#4816
0clk
0rst
1_02_
0_10_
0_03_
1_11_
0_04_
0_05_
1count[0]
0count[1]
0count[2]
0count[3]
#4817
0clk
0rst
0_02_
0_10_
1_03_
1_11_
0_04_
0_05_
0count[0]
1count[1]
0count[2]
0count[3]
#4818
0clk
0rst
1_02_
0_10_
1_03_
1_11_
0_04_
0_05_
1count[0]
1count[1]
0count[2]
0count[3]
#4819
0clk
0rst
0_02_
1_10_
0_03_
1_11_
1_04_
0_05_
0count[0]
0count[1]
1count[2]
0count[3]
#4820
0clk
0rst
1_02_
0_10_
0_03_
1_11_
1_04_
0_05_
1count[0]
0count[1]
1count[2]
0count[3]
#4821
0clk
0rst
0_02_
0_10_
1_03_
1_11_
1_04_
0_05_
0count[0]
1count[1]
1count[2]
0count[3]
#4822
0clk
0rst
1_02_
0_10_
1_03_
1_11_
1_04_
0_05_
1count[0]
1count[1]
1count[2]
0count[3]
#4823
0clk
0rst
0_02_
1_10_
0_03_
0_11_
0_04_
1_05_
0count[0]
0count[1]
0count[2]
1count[3]
#4824
0clk
0rst
1_02_
0_10_
0_03_
1_11_
0_04_
1_05_
1count[0]
0count[1]
0count[2]
1count[3]
#4825
0clk
0rst
0_02_
0_10_
1_03_
1_11_
0_04_
1_05_
0count[0]
1count[1]
0count[2]
1count[3]
#4826
0clk
0rst
1_02_
0_10_
1_03_
1_11_
0_04_
1_05_
1count[0]
1count[1]
0count[2]
1count[3]
#4827
0clk
0rst
0_02_
1_10_
0_03_
1_11_
1_04_
1_05_
0count[0]
0count[1]
1count[2]
1count[3]
#4828
0clk
0rst
1_02_
0_10_
0_03_
1_11_
1_04_
1_05_
1count[0]
0count[1]
1count[2]
1count[3]
#4829
0clk
0rst
0_02_
0_10_
1_03_
1_11_
1_04_
1_05_
0count[0]
1count[1]
1count[2]
1count[3]
#4830
0clk
0rst
1_02_
0_10_
1_03_
1_11_
1_04_
1_05_
1count[0]
1count[1]
1count[2]
1count[3]
#4831
0clk
0rst
0_02_
1_10_
0_03_
0_11_
0_04_
0_05_
0count[0]
0count[1]
0count[2]
0count[3]
#4832
0clk
0rst
1_02_
0_10_
0_03_
1_11_
0_04_
0_05_
1count[0]
0count[1]
0count[2]
0count[3]
#4833
0clk
0rst
0_02_
0_10_
1_03_
1_11_
0_04_
0_05_
0count[0]
1count[1]
0count[2]
0count[3]
#4834
0clk
0rst
1_02_
0_10_
1_03_
1_11_
0_04_
0_05_
1count[0]
1count[1]
0count[2]
0count[3]
#4835
0clk
0rst
0_02_
1_10_
0_03_
1_11_
1_04_
0_05_
0count[0]
0count[1]
1count[2]
0count[3]
#4836
0clk
0rst
1_02_
0_10_
0_03_
1_11_
1_04_
0_05_
1count[0]
0count[1]
1count[2]
0count[3]
#4837
0clk
0rst
0_02_
0_10_
1_03_
1_11_
1_04_
0_05_
0count[0]
1count[1]
1count[2]
0count[3]
#4838
0clk
0rst
1_02_
0_10_
1_03_
1_11_
1_04_
0_05_
1count[0]
1count[1]
1count[2]
0count[3]
#4839
0clk
0rst
0_02_
1_10_
0_03_
0_11_
0_04_
1_05_
0count[0]
0count[1]
0count[2]
1count[3]
#4840
0clk
0rst
1_02_
0_10_
0_03_
1_11_
0_04_
1_05_
1count[0]
0count[1]
0count[2]
1count[3]
#4841
0clk
0rst
0_02_
0_10_
1_03_
1_11_
0_04_
1_05_
0count[0]
1count[1]
0count[2]
1count[3]
#4842
0clk
0rst
1_02_
0_10_
1_03_
1_11_
0_04_
1_05_
1count[0]
1count[1]
0count[2]
1count[3]
#4843
0clk
0rst
0_02_
1_10_
0_03_
1_11_
1_04_
1_05_
0count[0]
0count[1]
1count[2]
1count[3]
#4844
0clk
0rst
1_02_
0_10_
0_03_
1_11_
1_04_
1_05_
1count[0]
0count[1]
1count[2]
1count[3]
#4845
0clk
0rst
0_02_
0_10_
1_03_
1_11_
1_04_
1_05_
0count[0]
1count[1]
1count[2]
1count[3]
#4846
0clk
0rst
1_02_
0_10_
1_03_
1_11_
1_04_
1_05_
1count[0]
1count[1]
1count[2]
1count[3]
#4847
0clk
0rst
0_02_
1_10_
0_03_
0_11_
0_04_
0_05_
0count[0]
0count[1]
0count[2]
0count[3]
#4848
0clk
0rst
1_02_
0_10_
0_03_
1_11_
0_04_
0_05_
1count[0]
0count[1]
0count[2]
0count[3]
#4849
0clk
0rst
0_02_
0_10_
1_03_
1_11_
0_04_
0_05_
0count[0]
1count[1]
0count[2]
0count[3]
#4850
0clk
0rst
1_02_
0_10_
1_03_
1_11_
0_04_
0_05_
1count[0]
1count[1]
0count[2]
0count[3]
#4851
0clk
0rst
0_02_
1_10_
0_03_
1_11_
1_04_
0_05_
0count[0]
0count[1]
1count[2]
0count[3]
#4852
0clk
0rst
1_02_
0_10_
0_03_
1_11_
1_04_
0_05_
1count[0]
0count[1]
1count[2]
0count[3]
#4853
0clk
0rst
0_02_
0_10_
1_03_
1_11_
1_04_
0_05_
0count[0]
1count[1]
1count[2]
0count[3]
#4854
0clk
0rst
1_02_
0_10_
1_03_
1_11_
1_04_
0_05_
1count[0]
1count[1]
1count[2]
0count[3]
#4855
0clk
0rst
0_02_
1_10_
0_03_
0_11_
0_04_
1_05_
0count[0]
0count[1]
0count[2]
1count[3]
#4856
0clk
0rst
1_02_
0_10_
0_03_
1_11_
0_04_
1_05_
1count[0]
0count[1]
0count[2]
1count[3]
#4857
0clk
0rst
0_02_
0_10_
1_03_
1_11_
0_04_
1_05_
0count[0]
1count[1]
0count[2]
1count[3]
#4858
0clk
0rst
1_02_
0_10_
1_03_
1_11_
0_04_
1_05_
1count[0]
1count[1]
0count[2]
1count[3]
#4859
0clk
0rst
0_02_
1_10_
0_03_
1_11_
1_04_
1_05_
0count[0]
0count[1]
1count[2]
1count[3]
#4860
0clk
0rst
1_02_
0_10_
0_03_
1_11_
1_04_
1_05_
1count[0]
0count[1]
1count[2]
1count[3]
#4861
0clk
0rst
0_02_
0_10_
1_03_
1_11_
1_04_
1_05_
0count[0]
1count[1]
1count[2]
1count[3]
#4862
0clk
0rst
1_02_
0_10_
1_03_
1_11_
1_04_
1_05_
1count[0]
1count[1]
1count[2]
1count[3]
#4863
0clk
0rst
0_02_
1_10_
0_03_
0_11_
0_04_
0_05_
0count[0]
0count[1]
0count[2]
0count[3]
#4864
0clk
0rst
1_02_
0_10_
0_03_
1_11_
0_04_
0_05_
1count[0]
0count[1]
0count[2]
0count[3]
#4865
0clk
0rst
0_02_
0_10_
1_03_
1_11_
0_04_
0_05_
0count[0]
1count[1]
0count[2]
0count[3]
#4866
0clk
0rst
1_02_
0_10_
1_03_
1_11_
0_04_
0_05_
1count[0]
1count[1]
0count[2]
0count[3]
#4867
0clk
0rst
0_02_
1_10_
0_03_
1_11_
1_04_
0_05_
0count[0]
0count[1]
1count[2]
0count[3]
#4868
0clk
0rst
1_02_
0_10_
0_03_
1_11_
1_04_
0_05_
1count[0]
0count[1]
1count[2]
0count[3]
#4869
0clk
0rst
0_02_
0_10_
1_03_
1_11_
1_04_
0_05_
0count[0]
1count[1]
1count[2]
0count[3]
#4870
0clk
0rst
1_02_
0_10_
1_03_
1_11_
1_04_
0_05_
1count[0]
1count[1]
1count[2]
0count[3]
#4871
0clk
0rst
0_02_
1_10_
0_03_
0_11_
0_04_
1_05_
0count[0]
0count[1]
0count[2]
1count[3]
#4872
0clk
0rst
1_02_
0_10_
0_03_
1_11_
0_04_
1_05_
1count[0]
0count[1]
0count[2]
1count[3]
#4873
0clk
0rst
0_02_
0_10_
1_03_
1_11_
0_04_
1_05_
0count[0]
1count[1]
0count[2]
1count[3]
#4874
0clk
0rst
1_02_
0_10_
1_03_
1_11_
0_04_
1_05_
1count[0]
1count[1]
0count[2]
1count[3]
#4875
0clk
0rst
0_02_
1_10_
0_03_
1_11_
1_04_
1_05_
0count[0]
0count[1]
1count[2]
1count[3]
#4876
0clk
0rst
1_02_
0_10_
0_03_
1_11_
1_04_
1_05_
1count[0]
0count[1]
1count[2]
1count[3]
#4877
0clk
0rst
0_02_
0_10_
1_03_
1_11_
1_04_
1_05_
0count[0]
1count[1]
1count[2]
1count[3]
#4878
0clk
0rst
1_02_
0_10_
1_03_
1_11_
1_04_
1_05_
1count[0]
1count[1]
1count[2]
1count[3]
#4879
0clk
0rst
0_02_
1_10_
0_03_
0_11_
0_04_
0_05_
0count[0]
0count[1]
0count[2]
0count[3]
#4880
0clk
0rst
1_02_
0_10_
0_03_
1_11_
0_04_
0_05_
1count[0]
0count[1]
0count[2]
0count[3]
#4881
0clk
0rst
0_02_
0_10_
1_03_
1_11_
0_04_
0_05_
0count[0]
1count[1]
0count[2]
0count[3]
#4882
0clk
0rst
1_02_
0_10_
1_03_
1_11_
0_04_
0_05_
1count[0]
1count[1]
0count[2]
0count[3]
#4883
0clk
0rst
0_02_
1_10_
0_03_
1_11_
1_04_
0_05_
0count[0]
0count[1]
1count[2]
0count[3]
#4884
0clk
0rst
1_02_
0_10_
0_03_
1_11_
1_04_
0_05_
1count[0]
0count[1]
1count[2]
0count[3]
#4885
0clk
0rst
0_02_
0_10_
1_03_
1_11_
1_04_
0_05_
0count[0]
1count[1]
1count[2]
0count[3]
#4886
0clk
0rst
1_02_
0_10_
1_03_
1_11_
1_04_
0_05_
1count[0]
1count[1]
1count[2]
0count[3]
#4887
0clk
0rst
0_02_
1_10_
0_03_
0_11_
0_04_
1_05_
0count[0]
0count[1]
0count[2]
1count[3]
#4888
0clk
0rst
1_02_
0_10_
0_03_
1_11_
0_04_
1_05_
1count[0]
0count[1]
0count[2]
1count[3]
#4889
0clk
0rst
0_02_
0_10_
1_03_
1_11_
0_04_
1_05_
0count[0]
1count[1]
0count[2]
1count[3]
#4890
0clk
0rst
1_02_
0_10_
1_03_
1_11_
0_04_
1_05_
1count[0]
1count[1]
0count[2]
1count[3]
#4891
0clk
0rst
0_02_
1_10_
0_03_
1_11_
1_04_
1_05_
0count[0]
0count[1]
1count[2]
1count[3]
#4892
0clk
0rst
1_02_
0_10_
0_03_
1_11_
1_04_
1_05_
1count[0]
0count[1]
1count[2]
1count[3]
#4893
0clk
0rst
0_02_
0_10_
1_03_
1_11_
1_04_
1_05_
0count[0]
1count[1]
1count[2]
1count[3]
#4894
0clk
0rst
1_02_
0_10_
1_03_
1_11_
1_04_
1_05_
1count[0]
1count[1]
1count[2]
1count[3]
#4895
0clk
0rst
0_02_
1_10_
0_03_
0_11_
0_04_
0_05_
0count[0]
0count[1]
0count[2]
0count[3]
#4896
0clk
0rst
1_02_
0_10_
0_03_
1_11_
0_04_
0_05_
1count[0]
0count[1]
0count[2]
0count[3]
#4897
0clk
0rst
0_02_
0_10_
1_03_
1_11_
0_04_
0_05_
0count[0]
1count[1]
0count[2]
0count[3]
#4898
0clk
0rst
1_02_
0_10_
1_03_
1_11_
0_04_
0_05_
1count[0]
1count[1]
0count[2]
0count[3]
#4899
0clk
0rst
0_02_
1_10_
0_03_
1_11_
1_04_
0_05_
0count[0]
0count[1]
1count[2]
0count[3]
#4900
0clk
0rst
1_02_
0_10_
0_03_
1_11_
1_04_
0_05_
1count[0]
0count[1]
1count[2]
0count[3]
#4901
0clk
0rst
0_02_
0_10_
1_03_
1_11_
1_04_
0_05_
0count[0]
1count[1]
1count[2]
0count[3]
#4902
0clk
0rst
1_02_
0_10_
1_03_
1_11_
1_04_
0_05_
1count[0]
1count[1]
1count[2]
0count[3]
#4903
0clk
0rst
0_02_
1_10_
0_03_
0_11_
0_04_
1_05_
0count[0]
0count[1]
0count[2]
1count[3]
#4904
0clk
0rst
1_02_
0_10_
0_03_
1_11_
0_04_
1_05_
1count[0]
0count[1]
0count[2]
1count[3]
#4905
0clk
0rst
0_02_
0_10_
1_03_
1_11_
0_04_
1_05_
0count[0]
1count[1]
0count[2]
1count[3]
#4906
0clk
0rst
1_02_
0_10_
1_03_
1_11_
0_04_
1_05_
1count[0]
1count[1]
0count[2]
1count[3]
#4907
0clk
0rst
0_02_
1_10_
0_03_
1_11_
1_04_
1_05_
0count[0]
0count[1]
1count[2]
1count[3]
#4908
0clk
0rst
1_02_
0_10_
0_03_
1_11_
1_04_
1_05_
1count[0]
0count[1]
1count[2]
1count[3]
#4909
0clk
0rst
0_02_
0_10_
1_03_
1_11_
1_04_
1_05_
0count[0]
1count[1]
1count[2]
1count[3]
#4910
0clk
0rst
1_02_
0_10_
1_03_
1_11_
1_04_
1_05_
1count[0]
1count[1]
1count[2]
1count[3]
#4911
0clk
0rst
0_02_
1_10_
0_03_
0_11_
0_04_
0_05_
0count[0]
0count[1]
0count[2]
0count[3]
#4912
0clk
0rst
1_02_
0_10_
0_03_
1_11_
0_04_
0_05_
1count[0]
0count[1]
0count[2]
0count[3]
#4913
0clk
0rst
0_02_
0_10_
1_03_
1_11_
0_04_
0_05_
0count[0]
1count[1]
0count[2]
0count[3]
#4914
0clk
0rst
1_02_
0_10_
1_03_
1_11_
0_04_
0_05_
1count[0]
1count[1]
0count[2]
0count[3]
#4915
0clk
0rst
0_02_
1_10_
0_03_
1_11_
1_04_
0_05_
0count[0]
0count[1]
1count[2]
0count[3]
#4916
0clk
0rst
1_02_
0_10_
0_03_
1_11_
1_04_
0_05_
1count[0]
0count[1]
1count[2]
0count[3]
#4917
0clk
0rst
0_02_
0_10_
1_03_
1_11_
1_04_
0_05_
0count[0]
1count[1]
1count[2]
0count[3]
#4918
0clk
0rst
1_02_
0_10_
1_03_
1_11_
1_04_
0_05_
1count[0]
1count[1]
1count[2]
0count[3]
#4919
0clk
0rst
0_02_
1_10_
0_03_
0_11_
0_04_
1_05_
0count[0]
0count[1]
0count[2]
1count[3]
#4920
0clk
0rst
1_02_
0_10_
0_03_
1_11_
0_04_
1_05_
1count[0]
0count[1]
0count[2]
1count[3]
#4921
0clk
0rst
0_02_
0_10_
1_03_
1_11_
0_04_
1_05_
0count[0]
1count[1]
0count[2]
1count[3]
#4922
0clk
0rst
1_02_
0_10_
1_03_
1_11_
0_04_
1_05_
1count[0]
1count[1]
0count[2]
1count[3]
#4923
0clk
0rst
0_02_
1_10_
0_03_
1_11_
1_04_
1_05_
0count[0]
0count[1]
1count[2]
1count[3]
#4924
0clk
0rst
1_02_
0_10_
0_03_
1_11_
1_04_
1_05_
1count[0]
0count[1]
1count[2]
1count[3]
#4925
0clk
0rst
0_02_
0_10_
1_03_
1_11_
1_04_
1_05_
0count[0]
1count[1]
1count[2]
1count[3]
#4926
0clk
0rst
1_02_
0_10_
1_03_
1_11_
1_04_
1_05_
1count[0]
1count[1]
1count[2]
1count[3]
#4927
0clk
0rst
0_02_
1_10_
0_03_
0_11_
0_04_
0_05_
0count[0]
0count[1]
0count[2]
0count[3]
#4928
0clk
0rst
1_02_
0_10_
0_03_
1_11_
0_04_
0_05_
1count[0]
0count[1]
0count[2]
0count[3]
#4929
0clk
0rst
0_02_
0_10_
1_03_
1_11_
0_04_
0_05_
0count[0]
1count[1]
0count[2]
0count[3]
#4930
0clk
0rst
1_02_
0_10_
1_03_
1_11_
0_04_
0_05_
1count[0]
1count[1]
0count[2]
0count[3]
#4931
0clk
0rst
0_02_
1_10_
0_03_
1_11_
1_04_
0_05_
0count[0]
0count[1]
1count[2]
0count[3]
#4932
0clk
0rst
1_02_
0_10_
0_03_
1_11_
1_04_
0_05_
1count[0]
0count[1]
1count[2]
0count[3]
#4933
0clk
0rst
0_02_
0_10_
1_03_
1_11_
1_04_
0_05_
0count[0]
1count[1]
1count[2]
0count[3]
#4934
0clk
0rst
1_02_
0_10_
1_03_
1_11_
1_04_
0_05_
1count[0]
1count[1]
1count[2]
0count[3]
#4935
0clk
0rst
0_02_
1_10_
0_03_
0_11_
0_04_
1_05_
0count[0]
0count[1]
0count[2]
1count[3]
#4936
0clk
0rst
1_02_
0_10_
0_03_
1_11_
0_04_
1_05_
1count[0]
0count[1]
0count[2]
1count[3]
#4937
0clk
0rst
0_02_
0_10_
1_03_
1_11_
0_04_
1_05_
0count[0]
1count[1]
0count[2]
1count[3]
#4938
0clk
0rst
1_02_
0_10_
1_03_
1_11_
0_04_
1_05_
1count[0]
1count[1]
0count[2]
1count[3]
#4939
0clk
0rst
0_02_
1_10_
0_03_
1_11_
1_04_
1_05_
0count[0]
0count[1]
1count[2]
1count[3]
#4940
0clk
0rst
1_02_
0_10_
0_03_
1_11_
1_04_
1_05_
1count[0]
0count[1]
1count[2]
1count[3]
#4941
0clk
0rst
0_02_
0_10_
1_03_
1_11_
1_04_
1_05_
0count[0]
1count[1]
1count[2]
1count[3]
#4942
0clk
0rst
1_02_
0_10_
1_03_
1_11_
1_04_
1_05_
1count[0]
1count[1]
1count[2]
1count[3]
#4943
0clk
0rst
0_02_
1_10_
0_03_
0_11_
0_04_
0_05_
0count[0]
0count[1]
0count[2]
0count[3]
#4944
0clk
0rst
1_02_
0_10_
0_03_
1_11_
0_04_
0_05_
1count[0]
0count[1]
0count[2]
0count[3]
#4945
0clk
0rst
0_02_
0_10_
1_03_
1_11_
0_04_
0_05_
0count[0]
1count[1]
0count[2]
0count[3]
#4946
0clk
0rst
1_02_
0_10_
1_03_
1_11_
0_04_
0_05_
1count[0]
1count[1]
0count[2]
0count[3]
#4947
0clk
0rst
0_02_
1_10_
0_03_
1_11_
1_04_
0_05_
0count[0]
0count[1]
1count[2]
0count[3]
#4948
0clk
0rst
1_02_
0_10_
0_03_
1_11_
1_04_
0_05_
1count[0]
0count[1]
1count[2]
0count[3]
#4949
0clk
0rst
0_02_
0_10_
1_03_
1_11_
1_04_
0_05_
0count[0]
1count[1]
1count[2]
0count[3]
#4950
0clk
0rst
1_02_
0_10_
1_03_
1_11_
1_04_
0_05_
1count[0]
1count[1]
1count[2]
0count[3]
#4951
0clk
0rst
0_02_
1_10_
0_03_
0_11_
0_04_
1_05_
0count[0]
0count[1]
0count[2]
1count[3]
#4952
0clk
0rst
1_02_
0_10_
0_03_
1_11_
0_04_
1_05_
1count[0]
0count[1]
0count[2]
1count[3]
#4953
0clk
0rst
0_02_
0_10_
1_03_
1_11_
0_04_
1_05_
0count[0]
1count[1]
0count[2]
1count[3]
#4954
0clk
0rst
1_02_
0_10_
1_03_
1_11_
0_04_
1_05_
1count[0]
1count[1]
0count[2]
1count[3]
#4955
0clk
0rst
0_02_
1_10_
0_03_
1_11_
1_04_
1_05_
0count[0]
0count[1]
1count[2]
1count[3]
#4956
0clk
0rst
1_02_
0_10_
0_03_
1_11_
1_04_
1_05_
1count[0]
0count[1]
1count[2]
1count[3]
#4957
0clk
0rst
0_02_
0_10_
1_03_
1_11_
1_04_
1_05_
0count[0]
1count[1]
1count[2]
1count[3]
#4958
0clk
0rst
1_02_
0_10_
1_03_
1_11_
1_04_
1_05_
1count[0]
1count[1]
1count[2]
1count[3]
#4959
0clk
0rst
0_02_
1_10_
0_03_
0_11_
0_04_
0_05_
0count[0]
0count[1]
0count[2]
0count[3]
#4960
0clk
0rst
1_02_
0_10_
0_03_
1_11_
0_04_
0_05_
1count[0]
0count[1]
0count[2]
0count[3]
#4961
0clk
0rst
0_02_
0_10_
1_03_
1_11_
0_04_
0_05_
0count[0]
1count[1]
0count[2]
0count[3]
#4962
0clk
0rst
1_02_
0_10_
1_03_
1_11_
0_04_
0_05_
1count[0]
1count[1]
0count[2]
0count[3]
#4963
0clk
0rst
0_02_
1_10_
0_03_
1_11_
1_04_
0_05_
0count[0]
0count[1]
1count[2]
0count[3]
#4964
0clk
0rst
1_02_
0_10_
0_03_
1_11_
1_04_
0_05_
1count[0]
0count[1]
1count[2]
0count[3]
#4965
0clk
0rst
0_02_
0_10_
1_03_
1_11_
1_04_
0_05_
0count[0]
1count[1]
1count[2]
0count[3]
#4966
0clk
0rst
1_02_
0_10_
1_03_
1_11_
1_04_
0_05_
1count[0]
1count[1]
1count[2]
0count[3]
#4967
0clk
0rst
0_02_
1_10_
0_03_
0_11_
0_04_
1_05_
0count[0]
0count[1]
0count[2]
1count[3]
#4968
0clk
0rst
1_02_
0_10_
0_03_
1_11_
0_04_
1_05_
1count[0]
0count[1]
0count[2]
1count[3]
#4969
0clk
0rst
0_02_
0_10_
1_03_
1_11_
0_04_
1_05_
0count[0]
1count[1]
0count[2]
1count[3]
#4970
0clk
0rst
1_02_
0_10_
1_03_
1_11_
0_04_
1_05_
1count[0]
1count[1]
0count[2]
1count[3]
#4971
0clk
0rst
0_02_
1_10_
0_03_
1_11_
1_04_
1_05_
0count[0]
0count[1]
1count[2]
1count[3]
#4972
0clk
0rst
1_02_
0_10_
0_03_
1_11_
1_04_
1_05_
1count[0]
0count[1]
1count[2]
1count[3]
#4973
0clk
0rst
0_02_
0_10_
1_03_
1_11_
1_04_
1_05_
0count[0]
1count[1]
1count[2]
1count[3]
#4974
0clk
0rst
1_02_
0_10_
1_03_
1_11_
1_04_
1_05_
1count[0]
1count[1]
1count[2]
1count[3]
#4975
0clk
0rst
0_02_
1_10_
0_03_
0_11_
0_04_
0_05_
0count[0]
0count[1]
0count[2]
0count[3]
#4976
0clk
0rst
1_02_
0_10_
0_03_
1_11_
0_04_
0_05_
1count[0]
0count[1]
0count[2]
0count[3]
#4977
0clk
0rst
0_02_
0_10_
1_03_
1_11_
0_04_
0_05_
0count[0]
1count[1]
0count[2]
0count[3]
#4978
0clk
0rst
1_02_
0_10_
1_03_
1_11_
0_04_
0_05_
1count[0]
1count[1]
0count[2]
0count[3]
#4979
0clk
0rst
0_02_
1_10_
0_03_
1_11_
1_04_
0_05_
0count[0]
0count[1]
1count[2]
0count[3]
#4980
0clk
0rst
1_02_
0_10_
0_03_
1_11_
1_04_
0_05_
1count[0]
0count[1]
1count[2]
0count[3]
#4981
0clk
0rst
0_02_
0_10_
1_03_
1_11_
1_04_
0_05_
0count[0]
1count[1]
1count[2]
0count[3]
#4982
0clk
0rst
1_02_
0_10_
1_03_
1_11_
1_04_
0_05_
1count[0]
1count[1]
1count[2]
0count[3]
#4983
0clk
0rst
0_02_
1_10_
0_03_
0_11_
0_04_
1_05_
0count[0]
0count[1]
0count[2]
1count[3]
#4984
0clk
0rst
1_02_
0_10_
0_03_
1_11_
0_04_
1_05_
1count[0]
0count[1]
0count[2]
1count[3]
#4985
0clk
0rst
0_02_
0_10_
1_03_
1_11_
0_04_
1_05_
0count[0]
1count[1]
0count[2]
1count[3]
#4986
0clk
0rst
1_02_
0_10_
1_03_
1_11_
0_04_
1_05_
1count[0]
1count[1]
0count[2]
1count[3]
#4987
0clk
0rst
0_02_
1_10_
0_03_
1_11_
1_04_
1_05_
0count[0]
0count[1]
1count[2]
1count[3]
#4988
0clk
0rst
1_02_
0_10_
0_03_
1_11_
1_04_
1_05_
1count[0]
0count[1]
1count[2]
1count[3]
#4989
0clk
0rst
0_02_
0_10_
1_03_
1_11_
1_04_
1_05_
0count[0]
1count[1]
1count[2]
1count[3]
#4990
0clk
0rst
1_02_
0_10_
1_03_
1_11_
1_04_
1_05_
1count[0]
1count[1]
1count[2]
1count[3]
#4991
0clk
0rst
0_02_
1_10_
0_03_
0_11_
0_04_
0_05_
0count[0]
0count[1]
0count[2]
0count[3]
#4992
0clk
0rst
1_02_
0_10_
0_03_
1_11_
0_04_
0_05_
1count[0]
0count[1]
0count[2]
0count[3]
#4993
0clk
0rst
0_02_
0_10_
1_03_
1_11_
0_04_
0_05_
0count[0]
1count[1]
0count[2]
0count[3]
#4994
0clk
0rst
1_02_
0_10_
1_03_
1_11_
0_04_
0_05_
1count[0]
1count[1]
0count[2]
0count[3]
#4995
0clk
0rst
0_02_
1_10_
0_03_
1_11_
1_04_
0_05_
0count[0]
0count[1]
1count[2]
0count[3]
#4996
0clk
0rst
1_02_
0_10_
0_03_
1_11_
1_04_
0_05_
1count[0]
0count[1]
1count[2]
0count[3]
#4997
0clk
0rst
0_02_
0_10_
1_03_
1_11_
1_04_
0_05_
0count[0]
1count[1]
1count[2]
0count[3]
#4998
0clk
0rst
1_02_
0_10_
1_03_
1_11_
1_04_
0_05_
1count[0]
1count[1]
1count[2]
0count[3]
#4999
0clk
0rst
0_02_
1_10_
0_03_
0_11_
0_04_
1_05_
0count[0]
0count[1]
0count[2]
1count[3]
#5000
0clk
0rst
1_02_
0_10_
0_03_
1_11_
0_04_
1_05_
1count[0]
0count[1]
0count[2]
1count[3]
#5001
0clk
0rst
0_02_
0_10_
1_03_
1_11_
0_04_
1_05_
0count[0]
1count[1]
0count[2]
1count[3]
#5002
0clk
0rst
1_02_
0_10_
1_03_
1_11_
0_04_
1_05_
1count[0]
1count[1]
0count[2]
1count[3]
#5003
0clk
0rst
0_02_
1_10_
0_03_
1_11_
1_04_
1_05_
0count[0]
0count[1]
1count[2]
1count[3]
#5004
0clk
0rst
1_02_
0_10_
0_03_
1_11_
1_04_
1_05_
1count[0]
0count[1]
1count[2]
1count[3]
#5005
0clk
0rst
0_02_
0_10_
1_03_
1_11_
1_04_
1_05_
0count[0]
1count[1]
1count[2]
1count[3]
#5006
0clk
0rst
1_02_
0_10_
1_03_
1_11_
1_04_
1_05_
1count[0]
1count[1]
1count[2]
1count[3]
#5007
0clk
0rst
0_02_
1_10_
0_03_
0_11_
0_04_
0_05_
0count[0]
0count[1]
0count[2]
0count[3]
#5008
0clk
0rst
1_02_
0_10_
0_03_
1_11_
0_04_
0_05_
1count[0]
0count[1]
0count[2]
0count[3]
#5009
0clk
0rst
0_02_
0_10_
1_03_
1_11_
0_04_
0_05_
0count[0]
1count[1]
0count[2]
0count[3]
#5010
0clk
0rst
1_02_
0_10_
1_03_
1_11_
0_04_
0_05_
1count[0]
1count[1]
0count[2]
0count[3]
#5011
0clk
0rst
0_02_
1_10_
0_03_
1_11_
1_04_
0_05_
0count[0]
0count[1]
1count[2]
0count[3]
#5012
0clk
0rst
1_02_
0_10_
0_03_
1_11_
1_04_
0_05_
1count[0]
0count[1]
1count[2]
0count[3]
#5013
0clk
0rst
0_02_
0_10_
1_03_
1_11_
1_04_
0_05_
0count[0]
1count[1]
1count[2]
0count[3]
#5014
0clk
0rst
1_02_
0_10_
1_03_
1_11_
1_04_
0_05_
1count[0]
1count[1]
1count[2]
0count[3]
#5015
0clk
0rst
0_02_
1_10_
0_03_
0_11_
0_04_
1_05_
0count[0]
0count[1]
0count[2]
1count[3]
#5016
0clk
0rst
1_02_
0_10_
0_03_
1_11_
0_04_
1_05_
1count[0]
0count[1]
0count[2]
1count[3]
#5017
0clk
0rst
0_02_
0_10_
1_03_
1_11_
0_04_
1_05_
0count[0]
1count[1]
0count[2]
1count[3]
#5018
0clk
0rst
1_02_
0_10_
1_03_
1_11_
0_04_
1_05_
1count[0]
1count[1]
0count[2]
1count[3]
#5019
0clk
0rst
0_02_
1_10_
0_03_
1_11_
1_04_
1_05_
0count[0]
0count[1]
1count[2]
1count[3]
#5020
0clk
0rst
1_02_
0_10_
0_03_
1_11_
1_04_
1_05_
1count[0]
0count[1]
1count[2]
1count[3]
#5021
0clk
0rst
0_02_
0_10_
1_03_
1_11_
1_04_
1_05_
0count[0]
1count[1]
1count[2]
1count[3]
#5022
0clk
0rst
1_02_
0_10_
1_03_
1_11_
1_04_
1_05_
1count[0]
1count[1]
1count[2]
1count[3]
#5023
0clk
0rst
0_02_
1_10_
0_03_
0_11_
0_04_
0_05_
0count[0]
0count[1]
0count[2]
0count[3]
#5024
0clk
0rst
1_02_
0_10_
0_03_
1_11_
0_04_
0_05_
1count[0]
0count[1]
0count[2]
0count[3]
#5025
0clk
0rst
0_02_
0_10_
1_03_
1_11_
0_04_
0_05_
0count[0]
1count[1]
0count[2]
0count[3]
#5026
0clk
0rst
1_02_
0_10_
1_03_
1_11_
0_04_
0_05_
1count[0]
1count[1]
0count[2]
0count[3]
#5027
0clk
0rst
0_02_
1_10_
0_03_
1_11_
1_04_
0_05_
0count[0]
0count[1]
1count[2]
0count[3]
#5028
0clk
0rst
1_02_
0_10_
0_03_
1_11_
1_04_
0_05_
1count[0]
0count[1]
1count[2]
0count[3]
#5029
0clk
0rst
0_02_
0_10_
1_03_
1_11_
1_04_
0_05_
0count[0]
1count[1]
1count[2]
0count[3]
#5030
0clk
0rst
1_02_
0_10_
1_03_
1_11_
1_04_
0_05_
1count[0]
1count[1]
1count[2]
0count[3]
#5031
0clk
0rst
0_02_
1_10_
0_03_
0_11_
0_04_
1_05_
0count[0]
0count[1]
0count[2]
1count[3]
#5032
0clk
0rst
1_02_
0_10_
0_03_
1_11_
0_04_
1_05_
1count[0]
0count[1]
0count[2]
1count[3]
#5033
0clk
0rst
0_02_
0_10_
1_03_
1_11_
0_04_
1_05_
0count[0]
1count[1]
0count[2]
1count[3]
#5034
0clk
0rst
1_02_
0_10_
1_03_
1_11_
0_04_
1_05_
1count[0]
1count[1]
0count[2]
1count[3]
#5035
0clk
0rst
0_02_
1_10_
0_03_
1_11_
1_04_
1_05_
0count[0]
0count[1]
1count[2]
1count[3]
#5036
0clk
0rst
1_02_
0_10_
0_03_
1_11_
1_04_
1_05_
1count[0]
0count[1]
1count[2]
1count[3]
#5037
0clk
0rst
0_02_
0_10_
1_03_
1_11_
1_04_
1_05_
0count[0]
1count[1]
1count[2]
1count[3]
#5038
0clk
0rst
1_02_
0_10_
1_03_
1_11_
1_04_
1_05_
1count[0]
1count[1]
1count[2]
1count[3]
#5039
0clk
0rst
0_02_
1_10_
0_03_
0_11_
0_04_
0_05_
0count[0]
0count[1]
0count[2]
0count[3]
#5040
0clk
0rst
1_02_
0_10_
0_03_
1_11_
0_04_
0_05_
1count[0]
0count[1]
0count[2]
0count[3]
#5041
0clk
0rst
0_02_
0_10_
1_03_
1_11_
0_04_
0_05_
0count[0]
1count[1]
0count[2]
0count[3]
#5042
0clk
0rst
1_02_
0_10_
1_03_
1_11_
0_04_
0_05_
1count[0]
1count[1]
0count[2]
0count[3]
#5043
0clk
0rst
0_02_
1_10_
0_03_
1_11_
1_04_
0_05_
0count[0]
0count[1]
1count[2]
0count[3]
#5044
0clk
0rst
1_02_
0_10_
0_03_
1_11_
1_04_
0_05_
1count[0]
0count[1]
1count[2]
0count[3]
#5045
0clk
0rst
0_02_
0_10_
1_03_
1_11_
1_04_
0_05_
0count[0]
1count[1]
1count[2]
0count[3]
#5046
0clk
0rst
1_02_
0_10_
1_03_
1_11_
1_04_
0_05_
1count[0]
1count[1]
1count[2]
0count[3]
#5047
0clk
0rst
0_02_
1_10_
0_03_
0_11_
0_04_
1_05_
0count[0]
0count[1]
0count[2]
1count[3]
#5048
0clk
0rst
1_02_
0_10_
0_03_
1_11_
0_04_
1_05_
1count[0]
0count[1]
0count[2]
1count[3]
#5049
0clk
0rst
0_02_
0_10_
1_03_
1_11_
0_04_
1_05_
0count[0]
1count[1]
0count[2]
1count[3]
#5050
0clk
0rst
1_02_
0_10_
1_03_
1_11_
0_04_
1_05_
1count[0]
1count[1]
0count[2]
1count[3]
#5051
0clk
0rst
0_02_
1_10_
0_03_
1_11_
1_04_
1_05_
0count[0]
0count[1]
1count[2]
1count[3]
#5052
0clk
0rst
1_02_
0_10_
0_03_
1_11_
1_04_
1_05_
1count[0]
0count[1]
1count[2]
1count[3]
#5053
0clk
0rst
0_02_
0_10_
1_03_
1_11_
1_04_
1_05_
0count[0]
1count[1]
1count[2]
1count[3]
#5054
0clk
0rst
1_02_
0_10_
1_03_
1_11_
1_04_
1_05_
1count[0]
1count[1]
1count[2]
1count[3]
#5055
0clk
0rst
0_02_
1_10_
0_03_
0_11_
0_04_
0_05_
0count[0]
0count[1]
0count[2]
0count[3]
#5056
0clk
0rst
1_02_
0_10_
0_03_
1_11_
0_04_
0_05_
1count[0]
0count[1]
0count[2]
0count[3]
#5057
0clk
0rst
0_02_
0_10_
1_03_
1_11_
0_04_
0_05_
0count[0]
1count[1]
0count[2]
0count[3]
#5058
0clk
0rst
1_02_
0_10_
1_03_
1_11_
0_04_
0_05_
1count[0]
1count[1]
0count[2]
0count[3]
#5059
0clk
0rst
0_02_
1_10_
0_03_
1_11_
1_04_
0_05_
0count[0]
0count[1]
1count[2]
0count[3]
#5060
0clk
0rst
1_02_
0_10_
0_03_
1_11_
1_04_
0_05_
1count[0]
0count[1]
1count[2]
0count[3]
#5061
0clk
0rst
0_02_
0_10_
1_03_
1_11_
1_04_
0_05_
0count[0]
1count[1]
1count[2]
0count[3]
#5062
0clk
0rst
1_02_
0_10_
1_03_
1_11_
1_04_
0_05_
1count[0]
1count[1]
1count[2]
0count[3]
#5063
0clk
0rst
0_02_
1_10_
0_03_
0_11_
0_04_
1_05_
0count[0]
0count[1]
0count[2]
1count[3]
#5064
0clk
0rst
1_02_
0_10_
0_03_
1_11_
0_04_
1_05_
1count[0]
0count[1]
0count[2]
1count[3]
#5065
0clk
0rst
0_02_
0_10_
1_03_
1_11_
0_04_
1_05_
0count[0]
1count[1]
0count[2]
1count[3]
#5066
0clk
0rst
1_02_
0_10_
1_03_
1_11_
0_04_
1_05_
1count[0]
1count[1]
0count[2]
1count[3]
#5067
0clk
0rst
0_02_
1_10_
0_03_
1_11_
1_04_
1_05_
0count[0]
0count[1]
1count[2]
1count[3]
#5068
0clk
0rst
1_02_
0_10_
0_03_
1_11_
1_04_
1_05_
1count[0]
0count[1]
1count[2]
1count[3]
#5069
0clk
0rst
0_02_
0_10_
1_03_
1_11_
1_04_
1_05_
0count[0]
1count[1]
1count[2]
1count[3]
#5070
0clk
0rst
1_02_
0_10_
1_03_
1_11_
1_04_
1_05_
1count[0]
1count[1]
1count[2]
1count[3]
#5071
0clk
0rst
0_02_
1_10_
0_03_
0_11_
0_04_
0_05_
0count[0]
0count[1]
0count[2]
0count[3]
#5072
0clk
0rst
1_02_
0_10_
0_03_
1_11_
0_04_
0_05_
1count[0]
0count[1]
0count[2]
0count[3]
#5073
0clk
0rst
0_02_
0_10_
1_03_
1_11_
0_04_
0_05_
0count[0]
1count[1]
0count[2]
0count[3]
#5074
0clk
0rst
1_02_
0_10_
1_03_
1_11_
0_04_
0_05_
1count[0]
1count[1]
0count[2]
0count[3]
#5075
0clk
0rst
0_02_
1_10_
0_03_
1_11_
1_04_
0_05_
0count[0]
0count[1]
1count[2]
0count[3]
#5076
0clk
0rst
1_02_
0_10_
0_03_
1_11_
1_04_
0_05_
1count[0]
0count[1]
1count[2]
0count[3]
#5077
0clk
0rst
0_02_
0_10_
1_03_
1_11_
1_04_
0_05_
0count[0]
1count[1]
1count[2]
0count[3]
#5078
0clk
0rst
1_02_
0_10_
1_03_
1_11_
1_04_
0_05_
1count[0]
1count[1]
1count[2]
0count[3]
#5079
0clk
0rst
0_02_
1_10_
0_03_
0_11_
0_04_
1_05_
0count[0]
0count[1]
0count[2]
1count[3]
#5080
0clk
0rst
1_02_
0_10_
0_03_
1_11_
0_04_
1_05_
1count[0]
0count[1]
0count[2]
1count[3]
#5081
0clk
0rst
0_02_
0_10_
1_03_
1_11_
0_04_
1_05_
0count[0]
1count[1]
0count[2]
1count[3]
#5082
0clk
0rst
1_02_
0_10_
1_03_
1_11_
0_04_
1_05_
1count[0]
1count[1]
0count[2]
1count[3]
#5083
0clk
0rst
0_02_
1_10_
0_03_
1_11_
1_04_
1_05_
0count[0]
0count[1]
1count[2]
1count[3]
#5084
0clk
0rst
1_02_
0_10_
0_03_
1_11_
1_04_
1_05_
1count[0]
0count[1]
1count[2]
1count[3]
#5085
0clk
0rst
0_02_
0_10_
1_03_
1_11_
1_04_
1_05_
0count[0]
1count[1]
1count[2]
1count[3]
#5086
0clk
0rst
1_02_
0_10_
1_03_
1_11_
1_04_
1_05_
1count[0]
1count[1]
1count[2]
1count[3]
#5087
0clk
0rst
0_02_
1_10_
0_03_
0_11_
0_04_
0_05_
0count[0]
0count[1]
0count[2]
0count[3]
#5088
0clk
0rst
1_02_
0_10_
0_03_
1_11_
0_04_
0_05_
1count[0]
0count[1]
0count[2]
0count[3]
#5089
0clk
0rst
0_02_
0_10_
1_03_
1_11_
0_04_
0_05_
0count[0]
1count[1]
0count[2]
0count[3]
#5090
0clk
0rst
1_02_
0_10_
1_03_
1_11_
0_04_
0_05_
1count[0]
1count[1]
0count[2]
0count[3]
#5091
0clk
0rst
0_02_
1_10_
0_03_
1_11_
1_04_
0_05_
0count[0]
0count[1]
1count[2]
0count[3]
#5092
0clk
0rst
1_02_
0_10_
0_03_
1_11_
1_04_
0_05_
1count[0]
0count[1]
1count[2]
0count[3]
#5093
0clk
0rst
0_02_
0_10_
1_03_
1_11_
1_04_
0_05_
0count[0]
1count[1]
1count[2]
0count[3]
#5094
0clk
0rst
1_02_
0_10_
1_03_
1_11_
1_04_
0_05_
1count[0]
1count[1]
1count[2]
0count[3]
#5095
0clk
0rst
0_02_
1_10_
0_03_
0_11_
0_04_
1_05_
0count[0]
0count[1]
0count[2]
1count[3]
#5096
0clk
0rst
1_02_
0_10_
0_03_
1_11_
0_04_
1_05_
1count[0]
0count[1]
0count[2]
1count[3]
#5097
0clk
0rst
0_02_
0_10_
1_03_
1_11_
0_04_
1_05_
0count[0]
1count[1]
0count[2]
1count[3]
#5098
0clk
0rst
1_02_
0_10_
1_03_
1_11_
0_04_
1_05_
1count[0]
1count[1]
0count[2]
1count[3]
#5099
0clk
0rst
0_02_
1_10_
0_03_
1_11_
1_04_
1_05_
0count[0]
0count[1]
1count[2]
1count[3]
#5100
0clk
0rst
1_02_
0_10_
0_03_
1_11_
1_04_
1_05_
1count[0]
0count[1]
1count[2]
1count[3]
#5101
0clk
0rst
0_02_
0_10_
1_03_
1_11_
1_04_
1_05_
0count[0]
1count[1]
1count[2]
1count[3]
#5102
0clk
0rst
1_02_
0_10_
1_03_
1_11_
1_04_
1_05_
1count[0]
1count[1]
1count[2]
1count[3]
#5103
0clk
0rst
0_02_
1_10_
0_03_
0_11_
0_04_
0_05_
0count[0]
0count[1]
0count[2]
0count[3]
#5104
0clk
0rst
1_02_
0_10_
0_03_
1_11_
0_04_
0_05_
1count[0]
0count[1]
0count[2]
0count[3]
#5105
0clk
0rst
0_02_
0_10_
1_03_
1_11_
0_04_
0_05_
0count[0]
1count[1]
0count[2]
0count[3]
#5106
0clk
0rst
1_02_
0_10_
1_03_
1_11_
0_04_
0_05_
1count[0]
1count[1]
0count[2]
0count[3]
#5107
0clk
0rst
0_02_
1_10_
0_03_
1_11_
1_04_
0_05_
0count[0]
0count[1]
1count[2]
0count[3]
#5108
0clk
0rst
1_02_
0_10_
0_03_
1_11_
1_04_
0_05_
1count[0]
0count[1]
1count[2]
0count[3]
#5109
0clk
0rst
0_02_
0_10_
1_03_
1_11_
1_04_
0_05_
0count[0]
1count[1]
1count[2]
0count[3]
#5110
0clk
0rst
1_02_
0_10_
1_03_
1_11_
1_04_
0_05_
1count[0]
1count[1]
1count[2]
0count[3]
#5111
0clk
0rst
0_02_
1_10_
0_03_
0_11_
0_04_
1_05_
0count[0]
0count[1]
0count[2]
1count[3]
#5112
0clk
0rst
1_02_
0_10_
0_03_
1_11_
0_04_
1_05_
1count[0]
0count[1]
0count[2]
1count[3]
#5113
0clk
0rst
0_02_
0_10_
1_03_
1_11_
0_04_
1_05_
0count[0]
1count[1]
0count[2]
1count[3]
#5114
0clk
0rst
1_02_
0_10_
1_03_
1_11_
0_04_
1_05_
1count[0]
1count[1]
0count[2]
1count[3]
#5115
0clk
0rst
0_02_
1_10_
0_03_
1_11_
1_04_
1_05_
0count[0]
0count[1]
1count[2]
1count[3]
#5116
0clk
0rst
1_02_
0_10_
0_03_
1_11_
1_04_
1_05_
1count[0]
0count[1]
1count[2]
1count[3]
#5117
0clk
0rst
0_02_
0_10_
1_03_
1_11_
1_04_
1_05_
0count[0]
1count[1]
1count[2]
1count[3]
#5118
0clk
0rst
1_02_
0_10_
1_03_
1_11_
1_04_
1_05_
1count[0]
1count[1]
1count[2]
1count[3]
#5119
0clk
0rst
0_02_
1_10_
0_03_
0_11_
0_04_
0_05_
0count[0]
0count[1]
0count[2]
0count[3]
#5120
0clk
0rst
1_02_
0_10_
0_03_
1_11_
0_04_
0_05_
1count[0]
0count[1]
0count[2]
0count[3]
#5121
0clk
0rst
0_02_
0_10_
1_03_
1_11_
0_04_
0_05_
0count[0]
1count[1]
0count[2]
0count[3]
#5122
0clk
0rst
1_02_
0_10_
1_03_
1_11_
0_04_
0_05_
1count[0]
1count[1]
0count[2]
0count[3]
#5123
0clk
0rst
0_02_
1_10_
0_03_
1_11_
1_04_
0_05_
0count[0]
0count[1]
1count[2]
0count[3]
#5124
0clk
0rst
1_02_
0_10_
0_03_
1_11_
1_04_
0_05_
1count[0]
0count[1]
1count[2]
0count[3]
#5125
0clk
0rst
0_02_
0_10_
1_03_
1_11_
1_04_
0_05_
0count[0]
1count[1]
1count[2]
0count[3]
#5126
0clk
0rst
1_02_
0_10_
1_03_
1_11_
1_04_
0_05_
1count[0]
1count[1]
1count[2]
0count[3]
#5127
0clk
0rst
0_02_
1_10_
0_03_
0_11_
0_04_
1_05_
0count[0]
0count[1]
0count[2]
1count[3]
#5128
0clk
0rst
1_02_
0_10_
0_03_
1_11_
0_04_
1_05_
1count[0]
0count[1]
0count[2]
1count[3]
#5129
0clk
0rst
0_02_
0_10_
1_03_
1_11_
0_04_
1_05_
0count[0]
1count[1]
0count[2]
1count[3]
#5130
0clk
0rst
1_02_
0_10_
1_03_
1_11_
0_04_
1_05_
1count[0]
1count[1]
0count[2]
1count[3]
#5131
0clk
0rst
0_02_
1_10_
0_03_
1_11_
1_04_
1_05_
0count[0]
0count[1]
1count[2]
1count[3]
#5132
0clk
0rst
1_02_
0_10_
0_03_
1_11_
1_04_
1_05_
1count[0]
0count[1]
1count[2]
1count[3]
#5133
0clk
0rst
0_02_
0_10_
1_03_
1_11_
1_04_
1_05_
0count[0]
1count[1]
1count[2]
1count[3]
#5134
0clk
0rst
1_02_
0_10_
1_03_
1_11_
1_04_
1_05_
1count[0]
1count[1]
1count[2]
1count[3]
#5135
0clk
0rst
0_02_
1_10_
0_03_
0_11_
0_04_
0_05_
0count[0]
0count[1]
0count[2]
0count[3]
#5136
0clk
0rst
1_02_
0_10_
0_03_
1_11_
0_04_
0_05_
1count[0]
0count[1]
0count[2]
0count[3]
#5137
0clk
0rst
0_02_
0_10_
1_03_
1_11_
0_04_
0_05_
0count[0]
1count[1]
0count[2]
0count[3]
#5138
0clk
0rst
1_02_
0_10_
1_03_
1_11_
0_04_
0_05_
1count[0]
1count[1]
0count[2]
0count[3]
#5139
0clk
0rst
0_02_
1_10_
0_03_
1_11_
1_04_
0_05_
0count[0]
0count[1]
1count[2]
0count[3]
#5140
0clk
0rst
1_02_
0_10_
0_03_
1_11_
1_04_
0_05_
1count[0]
0count[1]
1count[2]
0count[3]
#5141
0clk
0rst
0_02_
0_10_
1_03_
1_11_
1_04_
0_05_
0count[0]
1count[1]
1count[2]
0count[3]
#5142
0clk
0rst
1_02_
0_10_
1_03_
1_11_
1_04_
0_05_
1count[0]
1count[1]
1count[2]
0count[3]
#5143
0clk
0rst
0_02_
1_10_
0_03_
0_11_
0_04_
1_05_
0count[0]
0count[1]
0count[2]
1count[3]
#5144
0clk
0rst
1_02_
0_10_
0_03_
1_11_
0_04_
1_05_
1count[0]
0count[1]
0count[2]
1count[3]
#5145
0clk
0rst
0_02_
0_10_
1_03_
1_11_
0_04_
1_05_
0count[0]
1count[1]
0count[2]
1count[3]
#5146
0clk
0rst
1_02_
0_10_
1_03_
1_11_
0_04_
1_05_
1count[0]
1count[1]
0count[2]
1count[3]
#5147
0clk
0rst
0_02_
1_10_
0_03_
1_11_
1_04_
1_05_
0count[0]
0count[1]
1count[2]
1count[3]
#5148
0clk
0rst
1_02_
0_10_
0_03_
1_11_
1_04_
1_05_
1count[0]
0count[1]
1count[2]
1count[3]
#5149
0clk
0rst
0_02_
0_10_
1_03_
1_11_
1_04_
1_05_
0count[0]
1count[1]
1count[2]
1count[3]
#5150
0clk
0rst
1_02_
0_10_
1_03_
1_11_
1_04_
1_05_
1count[0]
1count[1]
1count[2]
1count[3]
#5151
0clk
0rst
0_02_
1_10_
0_03_
0_11_
0_04_
0_05_
0count[0]
0count[1]
0count[2]
0count[3]
#5152
0clk
0rst
1_02_
0_10_
0_03_
1_11_
0_04_
0_05_
1count[0]
0count[1]
0count[2]
0count[3]
#5153
0clk
0rst
0_02_
0_10_
1_03_
1_11_
0_04_
0_05_
0count[0]
1count[1]
0count[2]
0count[3]
#5154
0clk
0rst
1_02_
0_10_
1_03_
1_11_
0_04_
0_05_
1count[0]
1count[1]
0count[2]
0count[3]
#5155
0clk
0rst
0_02_
1_10_
0_03_
1_11_
1_04_
0_05_
0count[0]
0count[1]
1count[2]
0count[3]
#5156
0clk
0rst
1_02_
0_10_
0_03_
1_11_
1_04_
0_05_
1count[0]
0count[1]
1count[2]
0count[3]
#5157
0clk
0rst
0_02_
0_10_
1_03_
1_11_
1_04_
0_05_
0count[0]
1count[1]
1count[2]
0count[3]
#5158
0clk
0rst
1_02_
0_10_
1_03_
1_11_
1_04_
0_05_
1count[0]
1count[1]
1count[2]
0count[3]
#5159
0clk
0rst
0_02_
1_10_
0_03_
0_11_
0_04_
1_05_
0count[0]
0count[1]
0count[2]
1count[3]
#5160
0clk
0rst
1_02_
0_10_
0_03_
1_11_
0_04_
1_05_
1count[0]
0count[1]
0count[2]
1count[3]
#5161
0clk
0rst
0_02_
0_10_
1_03_
1_11_
0_04_
1_05_
0count[0]
1count[1]
0count[2]
1count[3]
#5162
0clk
0rst
1_02_
0_10_
1_03_
1_11_
0_04_
1_05_
1count[0]
1count[1]
0count[2]
1count[3]
#5163
0clk
0rst
0_02_
1_10_
0_03_
1_11_
1_04_
1_05_
0count[0]
0count[1]
1count[2]
1count[3]
#5164
0clk
0rst
1_02_
0_10_
0_03_
1_11_
1_04_
1_05_
1count[0]
0count[1]
1count[2]
1count[3]
#5165
0clk
0rst
0_02_
0_10_
1_03_
1_11_
1_04_
1_05_
0count[0]
1count[1]
1count[2]
1count[3]
#5166
0clk
0rst
1_02_
0_10_
1_03_
1_11_
1_04_
1_05_
1count[0]
1count[1]
1count[2]
1count[3]
#5167
0clk
0rst
0_02_
1_10_
0_03_
0_11_
0_04_
0_05_
0count[0]
0count[1]
0count[2]
0count[3]
#5168
0clk
0rst
1_02_
0_10_
0_03_
1_11_
0_04_
0_05_
1count[0]
0count[1]
0count[2]
0count[3]
#5169
0clk
0rst
0_02_
0_10_
1_03_
1_11_
0_04_
0_05_
0count[0]
1count[1]
0count[2]
0count[3]
#5170
0clk
0rst
1_02_
0_10_
1_03_
1_11_
0_04_
0_05_
1count[0]
1count[1]
0count[2]
0count[3]
#5171
0clk
0rst
0_02_
1_10_
0_03_
1_11_
1_04_
0_05_
0count[0]
0count[1]
1count[2]
0count[3]
#5172
0clk
0rst
1_02_
0_10_
0_03_
1_11_
1_04_
0_05_
1count[0]
0count[1]
1count[2]
0count[3]
#5173
0clk
0rst
0_02_
0_10_
1_03_
1_11_
1_04_
0_05_
0count[0]
1count[1]
1count[2]
0count[3]
#5174
0clk
0rst
1_02_
0_10_
1_03_
1_11_
1_04_
0_05_
1count[0]
1count[1]
1count[2]
0count[3]
#5175
0clk
0rst
0_02_
1_10_
0_03_
0_11_
0_04_
1_05_
0count[0]
0count[1]
0count[2]
1count[3]
#5176
0clk
0rst
1_02_
0_10_
0_03_
1_11_
0_04_
1_05_
1count[0]
0count[1]
0count[2]
1count[3]
#5177
0clk
0rst
0_02_
0_10_
1_03_
1_11_
0_04_
1_05_
0count[0]
1count[1]
0count[2]
1count[3]
#5178
0clk
0rst
1_02_
0_10_
1_03_
1_11_
0_04_
1_05_
1count[0]
1count[1]
0count[2]
1count[3]
#5179
0clk
0rst
0_02_
1_10_
0_03_
1_11_
1_04_
1_05_
0count[0]
0count[1]
1count[2]
1count[3]
#5180
0clk
0rst
1_02_
0_10_
0_03_
1_11_
1_04_
1_05_
1count[0]
0count[1]
1count[2]
1count[3]
#5181
0clk
0rst
0_02_
0_10_
1_03_
1_11_
1_04_
1_05_
0count[0]
1count[1]
1count[2]
1count[3]
#5182
0clk
0rst
1_02_
0_10_
1_03_
1_11_
1_04_
1_05_
1count[0]
1count[1]
1count[2]
1count[3]
#5183
0clk
0rst
0_02_
1_10_
0_03_
0_11_
0_04_
0_05_
0count[0]
0count[1]
0count[2]
0count[3]
#5184
0clk
0rst
1_02_
0_10_
0_03_
1_11_
0_04_
0_05_
1count[0]
0count[1]
0count[2]
0count[3]
#5185
0clk
0rst
0_02_
0_10_
1_03_
1_11_
0_04_
0_05_
0count[0]
1count[1]
0count[2]
0count[3]
#5186
0clk
0rst
1_02_
0_10_
1_03_
1_11_
0_04_
0_05_
1count[0]
1count[1]
0count[2]
0count[3]
#5187
0clk
0rst
0_02_
1_10_
0_03_
1_11_
1_04_
0_05_
0count[0]
0count[1]
1count[2]
0count[3]
#5188
0clk
0rst
1_02_
0_10_
0_03_
1_11_
1_04_
0_05_
1count[0]
0count[1]
1count[2]
0count[3]
#5189
0clk
0rst
0_02_
0_10_
1_03_
1_11_
1_04_
0_05_
0count[0]
1count[1]
1count[2]
0count[3]
#5190
0clk
0rst
1_02_
0_10_
1_03_
1_11_
1_04_
0_05_
1count[0]
1count[1]
1count[2]
0count[3]
#5191
0clk
0rst
0_02_
1_10_
0_03_
0_11_
0_04_
1_05_
0count[0]
0count[1]
0count[2]
1count[3]
#5192
0clk
0rst
1_02_
0_10_
0_03_
1_11_
0_04_
1_05_
1count[0]
0count[1]
0count[2]
1count[3]
#5193
0clk
0rst
0_02_
0_10_
1_03_
1_11_
0_04_
1_05_
0count[0]
1count[1]
0count[2]
1count[3]
#5194
0clk
0rst
1_02_
0_10_
1_03_
1_11_
0_04_
1_05_
1count[0]
1count[1]
0count[2]
1count[3]
#5195
0clk
0rst
0_02_
1_10_
0_03_
1_11_
1_04_
1_05_
0count[0]
0count[1]
1count[2]
1count[3]
#5196
0clk
0rst
1_02_
0_10_
0_03_
1_11_
1_04_
1_05_
1count[0]
0count[1]
1count[2]
1count[3]
#5197
0clk
0rst
0_02_
0_10_
1_03_
1_11_
1_04_
1_05_
0count[0]
1count[1]
1count[2]
1count[3]
#5198
0clk
0rst
1_02_
0_10_
1_03_
1_11_
1_04_
1_05_
1count[0]
1count[1]
1count[2]
1count[3]
#5199
0clk
0rst
0_02_
1_10_
0_03_
0_11_
0_04_
0_05_
0count[0]
0count[1]
0count[2]
0count[3]
#5200
0clk
0rst
1_02_
0_10_
0_03_
1_11_
0_04_
0_05_
1count[0]
0count[1]
0count[2]
0count[3]
#5201
0clk
0rst
0_02_
0_10_
1_03_
1_11_
0_04_
0_05_
0count[0]
1count[1]
0count[2]
0count[3]
#5202
0clk
0rst
1_02_
0_10_
1_03_
1_11_
0_04_
0_05_
1count[0]
1count[1]
0count[2]
0count[3]
#5203
0clk
0rst
0_02_
1_10_
0_03_
1_11_
1_04_
0_05_
0count[0]
0count[1]
1count[2]
0count[3]
#5204
0clk
0rst
1_02_
0_10_
0_03_
1_11_
1_04_
0_05_
1count[0]
0count[1]
1count[2]
0count[3]
#5205
0clk
0rst
0_02_
0_10_
1_03_
1_11_
1_04_
0_05_
0count[0]
1count[1]
1count[2]
0count[3]
#5206
0clk
0rst
1_02_
0_10_
1_03_
1_11_
1_04_
0_05_
1count[0]
1count[1]
1count[2]
0count[3]
#5207
0clk
0rst
0_02_
1_10_
0_03_
0_11_
0_04_
1_05_
0count[0]
0count[1]
0count[2]
1count[3]
#5208
0clk
0rst
1_02_
0_10_
0_03_
1_11_
0_04_
1_05_
1count[0]
0count[1]
0count[2]
1count[3]
#5209
0clk
0rst
0_02_
0_10_
1_03_
1_11_
0_04_
1_05_
0count[0]
1count[1]
0count[2]
1count[3]
#5210
0clk
0rst
1_02_
0_10_
1_03_
1_11_
0_04_
1_05_
1count[0]
1count[1]
0count[2]
1count[3]
#5211
0clk
0rst
0_02_
1_10_
0_03_
1_11_
1_04_
1_05_
0count[0]
0count[1]
1count[2]
1count[3]
#5212
0clk
0rst
1_02_
0_10_
0_03_
1_11_
1_04_
1_05_
1count[0]
0count[1]
1count[2]
1count[3]
#5213
0clk
0rst
0_02_
0_10_
1_03_
1_11_
1_04_
1_05_
0count[0]
1count[1]
1count[2]
1count[3]
#5214
0clk
0rst
1_02_
0_10_
1_03_
1_11_
1_04_
1_05_
1count[0]
1count[1]
1count[2]
1count[3]
#5215
0clk
0rst
0_02_
1_10_
0_03_
0_11_
0_04_
0_05_
0count[0]
0count[1]
0count[2]
0count[3]
#5216
0clk
0rst
1_02_
0_10_
0_03_
1_11_
0_04_
0_05_
1count[0]
0count[1]
0count[2]
0count[3]
#5217
0clk
0rst
0_02_
0_10_
1_03_
1_11_
0_04_
0_05_
0count[0]
1count[1]
0count[2]
0count[3]
#5218
0clk
0rst
1_02_
0_10_
1_03_
1_11_
0_04_
0_05_
1count[0]
1count[1]
0count[2]
0count[3]
#5219
0clk
0rst
0_02_
1_10_
0_03_
1_11_
1_04_
0_05_
0count[0]
0count[1]
1count[2]
0count[3]
#5220
0clk
0rst
1_02_
0_10_
0_03_
1_11_
1_04_
0_05_
1count[0]
0count[1]
1count[2]
0count[3]
#5221
0clk
0rst
0_02_
0_10_
1_03_
1_11_
1_04_
0_05_
0count[0]
1count[1]
1count[2]
0count[3]
#5222
0clk
0rst
1_02_
0_10_
1_03_
1_11_
1_04_
0_05_
1count[0]
1count[1]
1count[2]
0count[3]
#5223
0clk
0rst
0_02_
1_10_
0_03_
0_11_
0_04_
1_05_
0count[0]
0count[1]
0count[2]
1count[3]
#5224
0clk
0rst
1_02_
0_10_
0_03_
1_11_
0_04_
1_05_
1count[0]
0count[1]
0count[2]
1count[3]
#5225
0clk
0rst
0_02_
0_10_
1_03_
1_11_
0_04_
1_05_
0count[0]
1count[1]
0count[2]
1count[3]
#5226
0clk
0rst
1_02_
0_10_
1_03_
1_11_
0_04_
1_05_
1count[0]
1count[1]
0count[2]
1count[3]
#5227
0clk
0rst
0_02_
1_10_
0_03_
1_11_
1_04_
1_05_
0count[0]
0count[1]
1count[2]
1count[3]
#5228
0clk
0rst
1_02_
0_10_
0_03_
1_11_
1_04_
1_05_
1count[0]
0count[1]
1count[2]
1count[3]
#5229
0clk
0rst
0_02_
0_10_
1_03_
1_11_
1_04_
1_05_
0count[0]
1count[1]
1count[2]
1count[3]
#5230
0clk
0rst
1_02_
0_10_
1_03_
1_11_
1_04_
1_05_
1count[0]
1count[1]
1count[2]
1count[3]
#5231
0clk
0rst
0_02_
1_10_
0_03_
0_11_
0_04_
0_05_
0count[0]
0count[1]
0count[2]
0count[3]
#5232
0clk
0rst
1_02_
0_10_
0_03_
1_11_
0_04_
0_05_
1count[0]
0count[1]
0count[2]
0count[3]
#5233
0clk
0rst
0_02_
0_10_
1_03_
1_11_
0_04_
0_05_
0count[0]
1count[1]
0count[2]
0count[3]
#5234
0clk
0rst
1_02_
0_10_
1_03_
1_11_
0_04_
0_05_
1count[0]
1count[1]
0count[2]
0count[3]
#5235
0clk
0rst
0_02_
1_10_
0_03_
1_11_
1_04_
0_05_
0count[0]
0count[1]
1count[2]
0count[3]
#5236
0clk
0rst
1_02_
0_10_
0_03_
1_11_
1_04_
0_05_
1count[0]
0count[1]
1count[2]
0count[3]
#5237
0clk
0rst
0_02_
0_10_
1_03_
1_11_
1_04_
0_05_
0count[0]
1count[1]
1count[2]
0count[3]
#5238
0clk
0rst
1_02_
0_10_
1_03_
1_11_
1_04_
0_05_
1count[0]
1count[1]
1count[2]
0count[3]
#5239
0clk
0rst
0_02_
1_10_
0_03_
0_11_
0_04_
1_05_
0count[0]
0count[1]
0count[2]
1count[3]
#5240
0clk
0rst
1_02_
0_10_
0_03_
1_11_
0_04_
1_05_
1count[0]
0count[1]
0count[2]
1count[3]
#5241
0clk
0rst
0_02_
0_10_
1_03_
1_11_
0_04_
1_05_
0count[0]
1count[1]
0count[2]
1count[3]
#5242
0clk
0rst
1_02_
0_10_
1_03_
1_11_
0_04_
1_05_
1count[0]
1count[1]
0count[2]
1count[3]
#5243
0clk
0rst
0_02_
1_10_
0_03_
1_11_
1_04_
1_05_
0count[0]
0count[1]
1count[2]
1count[3]
#5244
0clk
0rst
1_02_
0_10_
0_03_
1_11_
1_04_
1_05_
1count[0]
0count[1]
1count[2]
1count[3]
#5245
0clk
0rst
0_02_
0_10_
1_03_
1_11_
1_04_
1_05_
0count[0]
1count[1]
1count[2]
1count[3]
#5246
0clk
0rst
1_02_
0_10_
1_03_
1_11_
1_04_
1_05_
1count[0]
1count[1]
1count[2]
1count[3]
#5247
0clk
0rst
0_02_
1_10_
0_03_
0_11_
0_04_
0_05_
0count[0]
0count[1]
0count[2]
0count[3]
#5248
0clk
0rst
1_02_
0_10_
0_03_
1_11_
0_04_
0_05_
1count[0]
0count[1]
0count[2]
0count[3]
#5249
0clk
0rst
0_02_
0_10_
1_03_
1_11_
0_04_
0_05_
0count[0]
1count[1]
0count[2]
0count[3]
#5250
0clk
0rst
1_02_
0_10_
1_03_
1_11_
0_04_
0_05_
1count[0]
1count[1]
0count[2]
0count[3]
#5251
0clk
0rst
0_02_
1_10_
0_03_
1_11_
1_04_
0_05_
0count[0]
0count[1]
1count[2]
0count[3]
#5252
0clk
0rst
1_02_
0_10_
0_03_
1_11_
1_04_
0_05_
1count[0]
0count[1]
1count[2]
0count[3]
#5253
0clk
0rst
0_02_
0_10_
1_03_
1_11_
1_04_
0_05_
0count[0]
1count[1]
1count[2]
0count[3]
#5254
0clk
0rst
1_02_
0_10_
1_03_
1_11_
1_04_
0_05_
1count[0]
1count[1]
1count[2]
0count[3]
#5255
0clk
0rst
0_02_
1_10_
0_03_
0_11_
0_04_
1_05_
0count[0]
0count[1]
0count[2]
1count[3]
#5256
0clk
0rst
1_02_
0_10_
0_03_
1_11_
0_04_
1_05_
1count[0]
0count[1]
0count[2]
1count[3]
#5257
0clk
0rst
0_02_
0_10_
1_03_
1_11_
0_04_
1_05_
0count[0]
1count[1]
0count[2]
1count[3]
#5258
0clk
0rst
1_02_
0_10_
1_03_
1_11_
0_04_
1_05_
1count[0]
1count[1]
0count[2]
1count[3]
#5259
0clk
0rst
0_02_
1_10_
0_03_
1_11_
1_04_
1_05_
0count[0]
0count[1]
1count[2]
1count[3]
#5260
0clk
0rst
1_02_
0_10_
0_03_
1_11_
1_04_
1_05_
1count[0]
0count[1]
1count[2]
1count[3]
#5261
0clk
0rst
0_02_
0_10_
1_03_
1_11_
1_04_
1_05_
0count[0]
1count[1]
1count[2]
1count[3]
#5262
0clk
0rst
1_02_
0_10_
1_03_
1_11_
1_04_
1_05_
1count[0]
1count[1]
1count[2]
1count[3]
#5263
0clk
0rst
0_02_
1_10_
0_03_
0_11_
0_04_
0_05_
0count[0]
0count[1]
0count[2]
0count[3]
#5264
0clk
0rst
1_02_
0_10_
0_03_
1_11_
0_04_
0_05_
1count[0]
0count[1]
0count[2]
0count[3]
#5265
0clk
0rst
0_02_
0_10_
1_03_
1_11_
0_04_
0_05_
0count[0]
1count[1]
0count[2]
0count[3]
#5266
0clk
0rst
1_02_
0_10_
1_03_
1_11_
0_04_
0_05_
1count[0]
1count[1]
0count[2]
0count[3]
#5267
0clk
0rst
0_02_
1_10_
0_03_
1_11_
1_04_
0_05_
0count[0]
0count[1]
1count[2]
0count[3]
#5268
0clk
0rst
1_02_
0_10_
0_03_
1_11_
1_04_
0_05_
1count[0]
0count[1]
1count[2]
0count[3]
#5269
0clk
0rst
0_02_
0_10_
1_03_
1_11_
1_04_
0_05_
0count[0]
1count[1]
1count[2]
0count[3]
#5270
0clk
0rst
1_02_
0_10_
1_03_
1_11_
1_04_
0_05_
1count[0]
1count[1]
1count[2]
0count[3]
#5271
0clk
0rst
0_02_
1_10_
0_03_
0_11_
0_04_
1_05_
0count[0]
0count[1]
0count[2]
1count[3]
#5272
0clk
0rst
1_02_
0_10_
0_03_
1_11_
0_04_
1_05_
1count[0]
0count[1]
0count[2]
1count[3]
#5273
0clk
0rst
0_02_
0_10_
1_03_
1_11_
0_04_
1_05_
0count[0]
1count[1]
0count[2]
1count[3]
#5274
0clk
0rst
1_02_
0_10_
1_03_
1_11_
0_04_
1_05_
1count[0]
1count[1]
0count[2]
1count[3]
#5275
0clk
0rst
0_02_
1_10_
0_03_
1_11_
1_04_
1_05_
0count[0]
0count[1]
1count[2]
1count[3]
#5276
0clk
0rst
1_02_
0_10_
0_03_
1_11_
1_04_
1_05_
1count[0]
0count[1]
1count[2]
1count[3]
#5277
0clk
0rst
0_02_
0_10_
1_03_
1_11_
1_04_
1_05_
0count[0]
1count[1]
1count[2]
1count[3]
#5278
0clk
0rst
1_02_
0_10_
1_03_
1_11_
1_04_
1_05_
1count[0]
1count[1]
1count[2]
1count[3]
#5279
0clk
0rst
0_02_
1_10_
0_03_
0_11_
0_04_
0_05_
0count[0]
0count[1]
0count[2]
0count[3]
#5280
0clk
0rst
1_02_
0_10_
0_03_
1_11_
0_04_
0_05_
1count[0]
0count[1]
0count[2]
0count[3]
#5281
0clk
0rst
0_02_
0_10_
1_03_
1_11_
0_04_
0_05_
0count[0]
1count[1]
0count[2]
0count[3]
#5282
0clk
0rst
1_02_
0_10_
1_03_
1_11_
0_04_
0_05_
1count[0]
1count[1]
0count[2]
0count[3]
#5283
0clk
0rst
0_02_
1_10_
0_03_
1_11_
1_04_
0_05_
0count[0]
0count[1]
1count[2]
0count[3]
#5284
0clk
0rst
1_02_
0_10_
0_03_
1_11_
1_04_
0_05_
1count[0]
0count[1]
1count[2]
0count[3]
#5285
0clk
0rst
0_02_
0_10_
1_03_
1_11_
1_04_
0_05_
0count[0]
1count[1]
1count[2]
0count[3]
#5286
0clk
0rst
1_02_
0_10_
1_03_
1_11_
1_04_
0_05_
1count[0]
1count[1]
1count[2]
0count[3]
#5287
0clk
0rst
0_02_
1_10_
0_03_
0_11_
0_04_
1_05_
0count[0]
0count[1]
0count[2]
1count[3]
#5288
0clk
0rst
1_02_
0_10_
0_03_
1_11_
0_04_
1_05_
1count[0]
0count[1]
0count[2]
1count[3]
#5289
0clk
0rst
0_02_
0_10_
1_03_
1_11_
0_04_
1_05_
0count[0]
1count[1]
0count[2]
1count[3]
#5290
0clk
0rst
1_02_
0_10_
1_03_
1_11_
0_04_
1_05_
1count[0]
1count[1]
0count[2]
1count[3]
#5291
0clk
0rst
0_02_
1_10_
0_03_
1_11_
1_04_
1_05_
0count[0]
0count[1]
1count[2]
1count[3]
#5292
0clk
0rst
1_02_
0_10_
0_03_
1_11_
1_04_
1_05_
1count[0]
0count[1]
1count[2]
1count[3]
#5293
0clk
0rst
0_02_
0_10_
1_03_
1_11_
1_04_
1_05_
0count[0]
1count[1]
1count[2]
1count[3]
#5294
0clk
0rst
1_02_
0_10_
1_03_
1_11_
1_04_
1_05_
1count[0]
1count[1]
1count[2]
1count[3]
#5295
0clk
0rst
0_02_
1_10_
0_03_
0_11_
0_04_
0_05_
0count[0]
0count[1]
0count[2]
0count[3]
#5296
0clk
0rst
1_02_
0_10_
0_03_
1_11_
0_04_
0_05_
1count[0]
0count[1]
0count[2]
0count[3]
#5297
0clk
0rst
0_02_
0_10_
1_03_
1_11_
0_04_
0_05_
0count[0]
1count[1]
0count[2]
0count[3]
#5298
0clk
0rst
1_02_
0_10_
1_03_
1_11_
0_04_
0_05_
1count[0]
1count[1]
0count[2]
0count[3]
#5299
0clk
0rst
0_02_
1_10_
0_03_
1_11_
1_04_
0_05_
0count[0]
0count[1]
1count[2]
0count[3]
#5300
0clk
0rst
1_02_
0_10_
0_03_
1_11_
1_04_
0_05_
1count[0]
0count[1]
1count[2]
0count[3]
#5301
0clk
0rst
0_02_
0_10_
1_03_
1_11_
1_04_
0_05_
0count[0]
1count[1]
1count[2]
0count[3]
#5302
0clk
0rst
1_02_
0_10_
1_03_
1_11_
1_04_
0_05_
1count[0]
1count[1]
1count[2]
0count[3]
#5303
0clk
0rst
0_02_
1_10_
0_03_
0_11_
0_04_
1_05_
0count[0]
0count[1]
0count[2]
1count[3]
#5304
0clk
0rst
1_02_
0_10_
0_03_
1_11_
0_04_
1_05_
1count[0]
0count[1]
0count[2]
1count[3]
#5305
0clk
0rst
0_02_
0_10_
1_03_
1_11_
0_04_
1_05_
0count[0]
1count[1]
0count[2]
1count[3]
#5306
0clk
0rst
1_02_
0_10_
1_03_
1_11_
0_04_
1_05_
1count[0]
1count[1]
0count[2]
1count[3]
#5307
0clk
0rst
0_02_
1_10_
0_03_
1_11_
1_04_
1_05_
0count[0]
0count[1]
1count[2]
1count[3]
#5308
0clk
0rst
1_02_
0_10_
0_03_
1_11_
1_04_
1_05_
1count[0]
0count[1]
1count[2]
1count[3]
#5309
0clk
0rst
0_02_
0_10_
1_03_
1_11_
1_04_
1_05_
0count[0]
1count[1]
1count[2]
1count[3]
#5310
0clk
0rst
1_02_
0_10_
1_03_
1_11_
1_04_
1_05_
1count[0]
1count[1]
1count[2]
1count[3]
#5311
0clk
0rst
0_02_
1_10_
0_03_
0_11_
0_04_
0_05_
0count[0]
0count[1]
0count[2]
0count[3]
#5312
0clk
0rst
1_02_
0_10_
0_03_
1_11_
0_04_
0_05_
1count[0]
0count[1]
0count[2]
0count[3]
#5313
0clk
0rst
0_02_
0_10_
1_03_
1_11_
0_04_
0_05_
0count[0]
1count[1]
0count[2]
0count[3]
#5314
0clk
0rst
1_02_
0_10_
1_03_
1_11_
0_04_
0_05_
1count[0]
1count[1]
0count[2]
0count[3]
#5315
0clk
0rst
0_02_
1_10_
0_03_
1_11_
1_04_
0_05_
0count[0]
0count[1]
1count[2]
0count[3]
#5316
0clk
0rst
1_02_
0_10_
0_03_
1_11_
1_04_
0_05_
1count[0]
0count[1]
1count[2]
0count[3]
#5317
0clk
0rst
0_02_
0_10_
1_03_
1_11_
1_04_
0_05_
0count[0]
1count[1]
1count[2]
0count[3]
#5318
0clk
0rst
1_02_
0_10_
1_03_
1_11_
1_04_
0_05_
1count[0]
1count[1]
1count[2]
0count[3]
#5319
0clk
0rst
0_02_
1_10_
0_03_
0_11_
0_04_
1_05_
0count[0]
0count[1]
0count[2]
1count[3]
#5320
0clk
0rst
1_02_
0_10_
0_03_
1_11_
0_04_
1_05_
1count[0]
0count[1]
0count[2]
1count[3]
#5321
0clk
0rst
0_02_
0_10_
1_03_
1_11_
0_04_
1_05_
0count[0]
1count[1]
0count[2]
1count[3]
#5322
0clk
0rst
1_02_
0_10_
1_03_
1_11_
0_04_
1_05_
1count[0]
1count[1]
0count[2]
1count[3]
#5323
0clk
0rst
0_02_
1_10_
0_03_
1_11_
1_04_
1_05_
0count[0]
0count[1]
1count[2]
1count[3]
#5324
0clk
0rst
1_02_
0_10_
0_03_
1_11_
1_04_
1_05_
1count[0]
0count[1]
1count[2]
1count[3]
#5325
0clk
0rst
0_02_
0_10_
1_03_
1_11_
1_04_
1_05_
0count[0]
1count[1]
1count[2]
1count[3]
#5326
0clk
0rst
1_02_
0_10_
1_03_
1_11_
1_04_
1_05_
1count[0]
1count[1]
1count[2]
1count[3]
#5327
0clk
0rst
0_02_
1_10_
0_03_
0_11_
0_04_
0_05_
0count[0]
0count[1]
0count[2]
0count[3]
#5328
0clk
0rst
1_02_
0_10_
0_03_
1_11_
0_04_
0_05_
1count[0]
0count[1]
0count[2]
0count[3]
#5329
0clk
0rst
0_02_
0_10_
1_03_
1_11_
0_04_
0_05_
0count[0]
1count[1]
0count[2]
0count[3]
#5330
0clk
0rst
1_02_
0_10_
1_03_
1_11_
0_04_
0_05_
1count[0]
1count[1]
0count[2]
0count[3]
#5331
0clk
0rst
0_02_
1_10_
0_03_
1_11_
1_04_
0_05_
0count[0]
0count[1]
1count[2]
0count[3]
#5332
0clk
0rst
1_02_
0_10_
0_03_
1_11_
1_04_
0_05_
1count[0]
0count[1]
1count[2]
0count[3]
#5333
0clk
0rst
0_02_
0_10_
1_03_
1_11_
1_04_
0_05_
0count[0]
1count[1]
1count[2]
0count[3]
#5334
0clk
0rst
1_02_
0_10_
1_03_
1_11_
1_04_
0_05_
1count[0]
1count[1]
1count[2]
0count[3]
#5335
0clk
0rst
0_02_
1_10_
0_03_
0_11_
0_04_
1_05_
0count[0]
0count[1]
0count[2]
1count[3]
#5336
0clk
0rst
1_02_
0_10_
0_03_
1_11_
0_04_
1_05_
1count[0]
0count[1]
0count[2]
1count[3]
#5337
0clk
0rst
0_02_
0_10_
1_03_
1_11_
0_04_
1_05_
0count[0]
1count[1]
0count[2]
1count[3]
#5338
0clk
0rst
1_02_
0_10_
1_03_
1_11_
0_04_
1_05_
1count[0]
1count[1]
0count[2]
1count[3]
#5339
0clk
0rst
0_02_
1_10_
0_03_
1_11_
1_04_
1_05_
0count[0]
0count[1]
1count[2]
1count[3]
#5340
0clk
0rst
1_02_
0_10_
0_03_
1_11_
1_04_
1_05_
1count[0]
0count[1]
1count[2]
1count[3]
#5341
0clk
0rst
0_02_
0_10_
1_03_
1_11_
1_04_
1_05_
0count[0]
1count[1]
1count[2]
1count[3]
#5342
0clk
0rst
1_02_
0_10_
1_03_
1_11_
1_04_
1_05_
1count[0]
1count[1]
1count[2]
1count[3]
#5343
0clk
0rst
0_02_
1_10_
0_03_
0_11_
0_04_
0_05_
0count[0]
0count[1]
0count[2]
0count[3]
#5344
0clk
0rst
1_02_
0_10_
0_03_
1_11_
0_04_
0_05_
1count[0]
0count[1]
0count[2]
0count[3]
#5345
0clk
0rst
0_02_
0_10_
1_03_
1_11_
0_04_
0_05_
0count[0]
1count[1]
0count[2]
0count[3]
#5346
0clk
0rst
1_02_
0_10_
1_03_
1_11_
0_04_
0_05_
1count[0]
1count[1]
0count[2]
0count[3]
#5347
0clk
0rst
0_02_
1_10_
0_03_
1_11_
1_04_
0_05_
0count[0]
0count[1]
1count[2]
0count[3]
#5348
0clk
0rst
1_02_
0_10_
0_03_
1_11_
1_04_
0_05_
1count[0]
0count[1]
1count[2]
0count[3]
#5349
0clk
0rst
0_02_
0_10_
1_03_
1_11_
1_04_
0_05_
0count[0]
1count[1]
1count[2]
0count[3]
#5350
0clk
0rst
1_02_
0_10_
1_03_
1_11_
1_04_
0_05_
1count[0]
1count[1]
1count[2]
0count[3]
#5351
0clk
0rst
0_02_
1_10_
0_03_
0_11_
0_04_
1_05_
0count[0]
0count[1]
0count[2]
1count[3]
#5352
0clk
0rst
1_02_
0_10_
0_03_
1_11_
0_04_
1_05_
1count[0]
0count[1]
0count[2]
1count[3]
#5353
0clk
0rst
0_02_
0_10_
1_03_
1_11_
0_04_
1_05_
0count[0]
1count[1]
0count[2]
1count[3]
#5354
0clk
0rst
1_02_
0_10_
1_03_
1_11_
0_04_
1_05_
1count[0]
1count[1]
0count[2]
1count[3]
#5355
0clk
0rst
0_02_
1_10_
0_03_
1_11_
1_04_
1_05_
0count[0]
0count[1]
1count[2]
1count[3]
#5356
0clk
0rst
1_02_
0_10_
0_03_
1_11_
1_04_
1_05_
1count[0]
0count[1]
1count[2]
1count[3]
#5357
0clk
0rst
0_02_
0_10_
1_03_
1_11_
1_04_
1_05_
0count[0]
1count[1]
1count[2]
1count[3]
#5358
0clk
0rst
1_02_
0_10_
1_03_
1_11_
1_04_
1_05_
1count[0]
1count[1]
1count[2]
1count[3]
#5359
0clk
0rst
0_02_
1_10_
0_03_
0_11_
0_04_
0_05_
0count[0]
0count[1]
0count[2]
0count[3]
#5360
0clk
0rst
1_02_
0_10_
0_03_
1_11_
0_04_
0_05_
1count[0]
0count[1]
0count[2]
0count[3]
#5361
0clk
0rst
0_02_
0_10_
1_03_
1_11_
0_04_
0_05_
0count[0]
1count[1]
0count[2]
0count[3]
#5362
0clk
0rst
1_02_
0_10_
1_03_
1_11_
0_04_
0_05_
1count[0]
1count[1]
0count[2]
0count[3]
#5363
0clk
0rst
0_02_
1_10_
0_03_
1_11_
1_04_
0_05_
0count[0]
0count[1]
1count[2]
0count[3]
#5364
0clk
0rst
1_02_
0_10_
0_03_
1_11_
1_04_
0_05_
1count[0]
0count[1]
1count[2]
0count[3]
#5365
0clk
0rst
0_02_
0_10_
1_03_
1_11_
1_04_
0_05_
0count[0]
1count[1]
1count[2]
0count[3]
#5366
0clk
0rst
1_02_
0_10_
1_03_
1_11_
1_04_
0_05_
1count[0]
1count[1]
1count[2]
0count[3]
#5367
0clk
0rst
0_02_
1_10_
0_03_
0_11_
0_04_
1_05_
0count[0]
0count[1]
0count[2]
1count[3]
#5368
0clk
0rst
1_02_
0_10_
0_03_
1_11_
0_04_
1_05_
1count[0]
0count[1]
0count[2]
1count[3]
#5369
0clk
0rst
0_02_
0_10_
1_03_
1_11_
0_04_
1_05_
0count[0]
1count[1]
0count[2]
1count[3]
#5370
0clk
0rst
1_02_
0_10_
1_03_
1_11_
0_04_
1_05_
1count[0]
1count[1]
0count[2]
1count[3]
#5371
0clk
0rst
0_02_
1_10_
0_03_
1_11_
1_04_
1_05_
0count[0]
0count[1]
1count[2]
1count[3]
#5372
0clk
0rst
1_02_
0_10_
0_03_
1_11_
1_04_
1_05_
1count[0]
0count[1]
1count[2]
1count[3]
#5373
0clk
0rst
0_02_
0_10_
1_03_
1_11_
1_04_
1_05_
0count[0]
1count[1]
1count[2]
1count[3]
#5374
0clk
0rst
1_02_
0_10_
1_03_
1_11_
1_04_
1_05_
1count[0]
1count[1]
1count[2]
1count[3]
#5375
0clk
0rst
0_02_
1_10_
0_03_
0_11_
0_04_
0_05_
0count[0]
0count[1]
0count[2]
0count[3]
#5376
0clk
0rst
1_02_
0_10_
0_03_
1_11_
0_04_
0_05_
1count[0]
0count[1]
0count[2]
0count[3]
#5377
0clk
0rst
0_02_
0_10_
1_03_
1_11_
0_04_
0_05_
0count[0]
1count[1]
0count[2]
0count[3]
#5378
0clk
0rst
1_02_
0_10_
1_03_
1_11_
0_04_
0_05_
1count[0]
1count[1]
0count[2]
0count[3]
#5379
0clk
0rst
0_02_
1_10_
0_03_
1_11_
1_04_
0_05_
0count[0]
0count[1]
1count[2]
0count[3]
#5380
0clk
0rst
1_02_
0_10_
0_03_
1_11_
1_04_
0_05_
1count[0]
0count[1]
1count[2]
0count[3]
#5381
0clk
0rst
0_02_
0_10_
1_03_
1_11_
1_04_
0_05_
0count[0]
1count[1]
1count[2]
0count[3]
#5382
0clk
0rst
1_02_
0_10_
1_03_
1_11_
1_04_
0_05_
1count[0]
1count[1]
1count[2]
0count[3]
#5383
0clk
0rst
0_02_
1_10_
0_03_
0_11_
0_04_
1_05_
0count[0]
0count[1]
0count[2]
1count[3]
#5384
0clk
0rst
1_02_
0_10_
0_03_
1_11_
0_04_
1_05_
1count[0]
0count[1]
0count[2]
1count[3]
#5385
0clk
0rst
0_02_
0_10_
1_03_
1_11_
0_04_
1_05_
0count[0]
1count[1]
0count[2]
1count[3]
#5386
0clk
0rst
1_02_
0_10_
1_03_
1_11_
0_04_
1_05_
1count[0]
1count[1]
0count[2]
1count[3]
#5387
0clk
0rst
0_02_
1_10_
0_03_
1_11_
1_04_
1_05_
0count[0]
0count[1]
1count[2]
1count[3]
#5388
0clk
0rst
1_02_
0_10_
0_03_
1_11_
1_04_
1_05_
1count[0]
0count[1]
1count[2]
1count[3]
#5389
0clk
0rst
0_02_
0_10_
1_03_
1_11_
1_04_
1_05_
0count[0]
1count[1]
1count[2]
1count[3]
#5390
0clk
0rst
1_02_
0_10_
1_03_
1_11_
1_04_
1_05_
1count[0]
1count[1]
1count[2]
1count[3]
#5391
0clk
0rst
0_02_
1_10_
0_03_
0_11_
0_04_
0_05_
0count[0]
0count[1]
0count[2]
0count[3]
#5392
0clk
0rst
1_02_
0_10_
0_03_
1_11_
0_04_
0_05_
1count[0]
0count[1]
0count[2]
0count[3]
#5393
0clk
0rst
0_02_
0_10_
1_03_
1_11_
0_04_
0_05_
0count[0]
1count[1]
0count[2]
0count[3]
#5394
0clk
0rst
1_02_
0_10_
1_03_
1_11_
0_04_
0_05_
1count[0]
1count[1]
0count[2]
0count[3]
#5395
0clk
0rst
0_02_
1_10_
0_03_
1_11_
1_04_
0_05_
0count[0]
0count[1]
1count[2]
0count[3]
#5396
0clk
0rst
1_02_
0_10_
0_03_
1_11_
1_04_
0_05_
1count[0]
0count[1]
1count[2]
0count[3]
#5397
0clk
0rst
0_02_
0_10_
1_03_
1_11_
1_04_
0_05_
0count[0]
1count[1]
1count[2]
0count[3]
#5398
0clk
0rst
1_02_
0_10_
1_03_
1_11_
1_04_
0_05_
1count[0]
1count[1]
1count[2]
0count[3]
#5399
0clk
0rst
0_02_
1_10_
0_03_
0_11_
0_04_
1_05_
0count[0]
0count[1]
0count[2]
1count[3]
#5400
0clk
0rst
1_02_
0_10_
0_03_
1_11_
0_04_
1_05_
1count[0]
0count[1]
0count[2]
1count[3]
#5401
0clk
0rst
0_02_
0_10_
1_03_
1_11_
0_04_
1_05_
0count[0]
1count[1]
0count[2]
1count[3]
#5402
0clk
0rst
1_02_
0_10_
1_03_
1_11_
0_04_
1_05_
1count[0]
1count[1]
0count[2]
1count[3]
#5403
0clk
0rst
0_02_
1_10_
0_03_
1_11_
1_04_
1_05_
0count[0]
0count[1]
1count[2]
1count[3]
#5404
0clk
0rst
1_02_
0_10_
0_03_
1_11_
1_04_
1_05_
1count[0]
0count[1]
1count[2]
1count[3]
#5405
0clk
0rst
0_02_
0_10_
1_03_
1_11_
1_04_
1_05_
0count[0]
1count[1]
1count[2]
1count[3]
#5406
0clk
0rst
1_02_
0_10_
1_03_
1_11_
1_04_
1_05_
1count[0]
1count[1]
1count[2]
1count[3]
#5407
0clk
0rst
0_02_
1_10_
0_03_
0_11_
0_04_
0_05_
0count[0]
0count[1]
0count[2]
0count[3]
#5408
0clk
0rst
1_02_
0_10_
0_03_
1_11_
0_04_
0_05_
1count[0]
0count[1]
0count[2]
0count[3]
#5409
0clk
0rst
0_02_
0_10_
1_03_
1_11_
0_04_
0_05_
0count[0]
1count[1]
0count[2]
0count[3]
#5410
0clk
0rst
1_02_
0_10_
1_03_
1_11_
0_04_
0_05_
1count[0]
1count[1]
0count[2]
0count[3]
#5411
0clk
0rst
0_02_
1_10_
0_03_
1_11_
1_04_
0_05_
0count[0]
0count[1]
1count[2]
0count[3]
#5412
0clk
0rst
1_02_
0_10_
0_03_
1_11_
1_04_
0_05_
1count[0]
0count[1]
1count[2]
0count[3]
#5413
0clk
0rst
0_02_
0_10_
1_03_
1_11_
1_04_
0_05_
0count[0]
1count[1]
1count[2]
0count[3]
#5414
0clk
0rst
1_02_
0_10_
1_03_
1_11_
1_04_
0_05_
1count[0]
1count[1]
1count[2]
0count[3]
#5415
0clk
0rst
0_02_
1_10_
0_03_
0_11_
0_04_
1_05_
0count[0]
0count[1]
0count[2]
1count[3]
#5416
0clk
0rst
1_02_
0_10_
0_03_
1_11_
0_04_
1_05_
1count[0]
0count[1]
0count[2]
1count[3]
#5417
0clk
0rst
0_02_
0_10_
1_03_
1_11_
0_04_
1_05_
0count[0]
1count[1]
0count[2]
1count[3]
#5418
0clk
0rst
1_02_
0_10_
1_03_
1_11_
0_04_
1_05_
1count[0]
1count[1]
0count[2]
1count[3]
#5419
0clk
0rst
0_02_
1_10_
0_03_
1_11_
1_04_
1_05_
0count[0]
0count[1]
1count[2]
1count[3]
#5420
0clk
0rst
1_02_
0_10_
0_03_
1_11_
1_04_
1_05_
1count[0]
0count[1]
1count[2]
1count[3]
#5421
0clk
0rst
0_02_
0_10_
1_03_
1_11_
1_04_
1_05_
0count[0]
1count[1]
1count[2]
1count[3]
#5422
0clk
0rst
1_02_
0_10_
1_03_
1_11_
1_04_
1_05_
1count[0]
1count[1]
1count[2]
1count[3]
#5423
0clk
0rst
0_02_
1_10_
0_03_
0_11_
0_04_
0_05_
0count[0]
0count[1]
0count[2]
0count[3]
#5424
0clk
0rst
1_02_
0_10_
0_03_
1_11_
0_04_
0_05_
1count[0]
0count[1]
0count[2]
0count[3]
#5425
0clk
0rst
0_02_
0_10_
1_03_
1_11_
0_04_
0_05_
0count[0]
1count[1]
0count[2]
0count[3]
#5426
0clk
0rst
1_02_
0_10_
1_03_
1_11_
0_04_
0_05_
1count[0]
1count[1]
0count[2]
0count[3]
#5427
0clk
0rst
0_02_
1_10_
0_03_
1_11_
1_04_
0_05_
0count[0]
0count[1]
1count[2]
0count[3]
#5428
0clk
0rst
1_02_
0_10_
0_03_
1_11_
1_04_
0_05_
1count[0]
0count[1]
1count[2]
0count[3]
#5429
0clk
0rst
0_02_
0_10_
1_03_
1_11_
1_04_
0_05_
0count[0]
1count[1]
1count[2]
0count[3]
#5430
0clk
0rst
1_02_
0_10_
1_03_
1_11_
1_04_
0_05_
1count[0]
1count[1]
1count[2]
0count[3]
#5431
0clk
0rst
0_02_
1_10_
0_03_
0_11_
0_04_
1_05_
0count[0]
0count[1]
0count[2]
1count[3]
#5432
0clk
0rst
1_02_
0_10_
0_03_
1_11_
0_04_
1_05_
1count[0]
0count[1]
0count[2]
1count[3]
#5433
0clk
0rst
0_02_
0_10_
1_03_
1_11_
0_04_
1_05_
0count[0]
1count[1]
0count[2]
1count[3]
#5434
0clk
0rst
1_02_
0_10_
1_03_
1_11_
0_04_
1_05_
1count[0]
1count[1]
0count[2]
1count[3]
#5435
0clk
0rst
0_02_
1_10_
0_03_
1_11_
1_04_
1_05_
0count[0]
0count[1]
1count[2]
1count[3]
#5436
0clk
0rst
1_02_
0_10_
0_03_
1_11_
1_04_
1_05_
1count[0]
0count[1]
1count[2]
1count[3]
#5437
0clk
0rst
0_02_
0_10_
1_03_
1_11_
1_04_
1_05_
0count[0]
1count[1]
1count[2]
1count[3]
#5438
0clk
0rst
1_02_
0_10_
1_03_
1_11_
1_04_
1_05_
1count[0]
1count[1]
1count[2]
1count[3]
#5439
0clk
0rst
0_02_
1_10_
0_03_
0_11_
0_04_
0_05_
0count[0]
0count[1]
0count[2]
0count[3]
#5440
0clk
0rst
1_02_
0_10_
0_03_
1_11_
0_04_
0_05_
1count[0]
0count[1]
0count[2]
0count[3]
#5441
0clk
0rst
0_02_
0_10_
1_03_
1_11_
0_04_
0_05_
0count[0]
1count[1]
0count[2]
0count[3]
#5442
0clk
0rst
1_02_
0_10_
1_03_
1_11_
0_04_
0_05_
1count[0]
1count[1]
0count[2]
0count[3]
#5443
0clk
0rst
0_02_
1_10_
0_03_
1_11_
1_04_
0_05_
0count[0]
0count[1]
1count[2]
0count[3]
#5444
0clk
0rst
1_02_
0_10_
0_03_
1_11_
1_04_
0_05_
1count[0]
0count[1]
1count[2]
0count[3]
#5445
0clk
0rst
0_02_
0_10_
1_03_
1_11_
1_04_
0_05_
0count[0]
1count[1]
1count[2]
0count[3]
#5446
0clk
0rst
1_02_
0_10_
1_03_
1_11_
1_04_
0_05_
1count[0]
1count[1]
1count[2]
0count[3]
#5447
0clk
0rst
0_02_
1_10_
0_03_
0_11_
0_04_
1_05_
0count[0]
0count[1]
0count[2]
1count[3]
#5448
0clk
0rst
1_02_
0_10_
0_03_
1_11_
0_04_
1_05_
1count[0]
0count[1]
0count[2]
1count[3]
#5449
0clk
0rst
0_02_
0_10_
1_03_
1_11_
0_04_
1_05_
0count[0]
1count[1]
0count[2]
1count[3]
#5450
0clk
0rst
1_02_
0_10_
1_03_
1_11_
0_04_
1_05_
1count[0]
1count[1]
0count[2]
1count[3]
#5451
0clk
0rst
0_02_
1_10_
0_03_
1_11_
1_04_
1_05_
0count[0]
0count[1]
1count[2]
1count[3]
#5452
0clk
0rst
1_02_
0_10_
0_03_
1_11_
1_04_
1_05_
1count[0]
0count[1]
1count[2]
1count[3]
#5453
0clk
0rst
0_02_
0_10_
1_03_
1_11_
1_04_
1_05_
0count[0]
1count[1]
1count[2]
1count[3]
#5454
0clk
0rst
1_02_
0_10_
1_03_
1_11_
1_04_
1_05_
1count[0]
1count[1]
1count[2]
1count[3]
#5455
0clk
0rst
0_02_
1_10_
0_03_
0_11_
0_04_
0_05_
0count[0]
0count[1]
0count[2]
0count[3]
#5456
0clk
0rst
1_02_
0_10_
0_03_
1_11_
0_04_
0_05_
1count[0]
0count[1]
0count[2]
0count[3]
#5457
0clk
0rst
0_02_
0_10_
1_03_
1_11_
0_04_
0_05_
0count[0]
1count[1]
0count[2]
0count[3]
#5458
0clk
0rst
1_02_
0_10_
1_03_
1_11_
0_04_
0_05_
1count[0]
1count[1]
0count[2]
0count[3]
#5459
0clk
0rst
0_02_
1_10_
0_03_
1_11_
1_04_
0_05_
0count[0]
0count[1]
1count[2]
0count[3]
#5460
0clk
0rst
1_02_
0_10_
0_03_
1_11_
1_04_
0_05_
1count[0]
0count[1]
1count[2]
0count[3]
#5461
0clk
0rst
0_02_
0_10_
1_03_
1_11_
1_04_
0_05_
0count[0]
1count[1]
1count[2]
0count[3]
#5462
0clk
0rst
1_02_
0_10_
1_03_
1_11_
1_04_
0_05_
1count[0]
1count[1]
1count[2]
0count[3]
#5463
0clk
0rst
0_02_
1_10_
0_03_
0_11_
0_04_
1_05_
0count[0]
0count[1]
0count[2]
1count[3]
#5464
0clk
0rst
1_02_
0_10_
0_03_
1_11_
0_04_
1_05_
1count[0]
0count[1]
0count[2]
1count[3]
#5465
0clk
0rst
0_02_
0_10_
1_03_
1_11_
0_04_
1_05_
0count[0]
1count[1]
0count[2]
1count[3]
#5466
0clk
0rst
1_02_
0_10_
1_03_
1_11_
0_04_
1_05_
1count[0]
1count[1]
0count[2]
1count[3]
#5467
0clk
0rst
0_02_
1_10_
0_03_
1_11_
1_04_
1_05_
0count[0]
0count[1]
1count[2]
1count[3]
#5468
0clk
0rst
1_02_
0_10_
0_03_
1_11_
1_04_
1_05_
1count[0]
0count[1]
1count[2]
1count[3]
#5469
0clk
0rst
0_02_
0_10_
1_03_
1_11_
1_04_
1_05_
0count[0]
1count[1]
1count[2]
1count[3]
#5470
0clk
0rst
1_02_
0_10_
1_03_
1_11_
1_04_
1_05_
1count[0]
1count[1]
1count[2]
1count[3]
#5471
0clk
0rst
0_02_
1_10_
0_03_
0_11_
0_04_
0_05_
0count[0]
0count[1]
0count[2]
0count[3]
#5472
0clk
0rst
1_02_
0_10_
0_03_
1_11_
0_04_
0_05_
1count[0]
0count[1]
0count[2]
0count[3]
#5473
0clk
0rst
0_02_
0_10_
1_03_
1_11_
0_04_
0_05_
0count[0]
1count[1]
0count[2]
0count[3]
#5474
0clk
0rst
1_02_
0_10_
1_03_
1_11_
0_04_
0_05_
1count[0]
1count[1]
0count[2]
0count[3]
#5475
0clk
0rst
0_02_
1_10_
0_03_
1_11_
1_04_
0_05_
0count[0]
0count[1]
1count[2]
0count[3]
#5476
0clk
0rst
1_02_
0_10_
0_03_
1_11_
1_04_
0_05_
1count[0]
0count[1]
1count[2]
0count[3]
#5477
0clk
0rst
0_02_
0_10_
1_03_
1_11_
1_04_
0_05_
0count[0]
1count[1]
1count[2]
0count[3]
#5478
0clk
0rst
1_02_
0_10_
1_03_
1_11_
1_04_
0_05_
1count[0]
1count[1]
1count[2]
0count[3]
#5479
0clk
0rst
0_02_
1_10_
0_03_
0_11_
0_04_
1_05_
0count[0]
0count[1]
0count[2]
1count[3]
#5480
0clk
0rst
1_02_
0_10_
0_03_
1_11_
0_04_
1_05_
1count[0]
0count[1]
0count[2]
1count[3]
#5481
0clk
0rst
0_02_
0_10_
1_03_
1_11_
0_04_
1_05_
0count[0]
1count[1]
0count[2]
1count[3]
#5482
0clk
0rst
1_02_
0_10_
1_03_
1_11_
0_04_
1_05_
1count[0]
1count[1]
0count[2]
1count[3]
#5483
0clk
0rst
0_02_
1_10_
0_03_
1_11_
1_04_
1_05_
0count[0]
0count[1]
1count[2]
1count[3]
#5484
0clk
0rst
1_02_
0_10_
0_03_
1_11_
1_04_
1_05_
1count[0]
0count[1]
1count[2]
1count[3]
#5485
0clk
0rst
0_02_
0_10_
1_03_
1_11_
1_04_
1_05_
0count[0]
1count[1]
1count[2]
1count[3]
#5486
0clk
0rst
1_02_
0_10_
1_03_
1_11_
1_04_
1_05_
1count[0]
1count[1]
1count[2]
1count[3]
#5487
0clk
0rst
0_02_
1_10_
0_03_
0_11_
0_04_
0_05_
0count[0]
0count[1]
0count[2]
0count[3]
#5488
0clk
0rst
1_02_
0_10_
0_03_
1_11_
0_04_
0_05_
1count[0]
0count[1]
0count[2]
0count[3]
#5489
0clk
0rst
0_02_
0_10_
1_03_
1_11_
0_04_
0_05_
0count[0]
1count[1]
0count[2]
0count[3]
#5490
0clk
0rst
1_02_
0_10_
1_03_
1_11_
0_04_
0_05_
1count[0]
1count[1]
0count[2]
0count[3]
#5491
0clk
0rst
0_02_
1_10_
0_03_
1_11_
1_04_
0_05_
0count[0]
0count[1]
1count[2]
0count[3]
#5492
0clk
0rst
1_02_
0_10_
0_03_
1_11_
1_04_
0_05_
1count[0]
0count[1]
1count[2]
0count[3]
#5493
0clk
0rst
0_02_
0_10_
1_03_
1_11_
1_04_
0_05_
0count[0]
1count[1]
1count[2]
0count[3]
#5494
0clk
0rst
1_02_
0_10_
1_03_
1_11_
1_04_
0_05_
1count[0]
1count[1]
1count[2]
0count[3]
#5495
0clk
0rst
0_02_
1_10_
0_03_
0_11_
0_04_
1_05_
0count[0]
0count[1]
0count[2]
1count[3]
#5496
0clk
0rst
1_02_
0_10_
0_03_
1_11_
0_04_
1_05_
1count[0]
0count[1]
0count[2]
1count[3]
#5497
0clk
0rst
0_02_
0_10_
1_03_
1_11_
0_04_
1_05_
0count[0]
1count[1]
0count[2]
1count[3]
#5498
0clk
0rst
1_02_
0_10_
1_03_
1_11_
0_04_
1_05_
1count[0]
1count[1]
0count[2]
1count[3]
#5499
0clk
0rst
0_02_
1_10_
0_03_
1_11_
1_04_
1_05_
0count[0]
0count[1]
1count[2]
1count[3]
#5500
0clk
0rst
1_02_
0_10_
0_03_
1_11_
1_04_
1_05_
1count[0]
0count[1]
1count[2]
1count[3]
#5501
0clk
0rst
0_02_
0_10_
1_03_
1_11_
1_04_
1_05_
0count[0]
1count[1]
1count[2]
1count[3]
#5502
0clk
0rst
1_02_
0_10_
1_03_
1_11_
1_04_
1_05_
1count[0]
1count[1]
1count[2]
1count[3]
#5503
0clk
0rst
0_02_
1_10_
0_03_
0_11_
0_04_
0_05_
0count[0]
0count[1]
0count[2]
0count[3]
#5504
0clk
0rst
1_02_
0_10_
0_03_
1_11_
0_04_
0_05_
1count[0]
0count[1]
0count[2]
0count[3]
#5505
0clk
0rst
0_02_
0_10_
1_03_
1_11_
0_04_
0_05_
0count[0]
1count[1]
0count[2]
0count[3]
#5506
0clk
0rst
1_02_
0_10_
1_03_
1_11_
0_04_
0_05_
1count[0]
1count[1]
0count[2]
0count[3]
#5507
0clk
0rst
0_02_
1_10_
0_03_
1_11_
1_04_
0_05_
0count[0]
0count[1]
1count[2]
0count[3]
#5508
0clk
0rst
1_02_
0_10_
0_03_
1_11_
1_04_
0_05_
1count[0]
0count[1]
1count[2]
0count[3]
#5509
0clk
0rst
0_02_
0_10_
1_03_
1_11_
1_04_
0_05_
0count[0]
1count[1]
1count[2]
0count[3]
#5510
0clk
0rst
1_02_
0_10_
1_03_
1_11_
1_04_
0_05_
1count[0]
1count[1]
1count[2]
0count[3]
#5511
0clk
0rst
0_02_
1_10_
0_03_
0_11_
0_04_
1_05_
0count[0]
0count[1]
0count[2]
1count[3]
#5512
0clk
0rst
1_02_
0_10_
0_03_
1_11_
0_04_
1_05_
1count[0]
0count[1]
0count[2]
1count[3]
#5513
0clk
0rst
0_02_
0_10_
1_03_
1_11_
0_04_
1_05_
0count[0]
1count[1]
0count[2]
1count[3]
#5514
0clk
0rst
1_02_
0_10_
1_03_
1_11_
0_04_
1_05_
1count[0]
1count[1]
0count[2]
1count[3]
#5515
0clk
0rst
0_02_
1_10_
0_03_
1_11_
1_04_
1_05_
0count[0]
0count[1]
1count[2]
1count[3]
#5516
0clk
0rst
1_02_
0_10_
0_03_
1_11_
1_04_
1_05_
1count[0]
0count[1]
1count[2]
1count[3]
#5517
0clk
0rst
0_02_
0_10_
1_03_
1_11_
1_04_
1_05_
0count[0]
1count[1]
1count[2]
1count[3]
#5518
0clk
0rst
1_02_
0_10_
1_03_
1_11_
1_04_
1_05_
1count[0]
1count[1]
1count[2]
1count[3]
#5519
0clk
0rst
0_02_
1_10_
0_03_
0_11_
0_04_
0_05_
0count[0]
0count[1]
0count[2]
0count[3]
#5520
0clk
0rst
1_02_
0_10_
0_03_
1_11_
0_04_
0_05_
1count[0]
0count[1]
0count[2]
0count[3]
#5521
0clk
0rst
0_02_
0_10_
1_03_
1_11_
0_04_
0_05_
0count[0]
1count[1]
0count[2]
0count[3]
#5522
0clk
0rst
1_02_
0_10_
1_03_
1_11_
0_04_
0_05_
1count[0]
1count[1]
0count[2]
0count[3]
#5523
0clk
0rst
0_02_
1_10_
0_03_
1_11_
1_04_
0_05_
0count[0]
0count[1]
1count[2]
0count[3]
#5524
0clk
0rst
1_02_
0_10_
0_03_
1_11_
1_04_
0_05_
1count[0]
0count[1]
1count[2]
0count[3]
#5525
0clk
0rst
0_02_
0_10_
1_03_
1_11_
1_04_
0_05_
0count[0]
1count[1]
1count[2]
0count[3]
#5526
0clk
0rst
1_02_
0_10_
1_03_
1_11_
1_04_
0_05_
1count[0]
1count[1]
1count[2]
0count[3]
#5527
0clk
0rst
0_02_
1_10_
0_03_
0_11_
0_04_
1_05_
0count[0]
0count[1]
0count[2]
1count[3]
#5528
0clk
0rst
1_02_
0_10_
0_03_
1_11_
0_04_
1_05_
1count[0]
0count[1]
0count[2]
1count[3]
#5529
0clk
0rst
0_02_
0_10_
1_03_
1_11_
0_04_
1_05_
0count[0]
1count[1]
0count[2]
1count[3]
#5530
0clk
0rst
1_02_
0_10_
1_03_
1_11_
0_04_
1_05_
1count[0]
1count[1]
0count[2]
1count[3]
#5531
0clk
0rst
0_02_
1_10_
0_03_
1_11_
1_04_
1_05_
0count[0]
0count[1]
1count[2]
1count[3]
#5532
0clk
0rst
1_02_
0_10_
0_03_
1_11_
1_04_
1_05_
1count[0]
0count[1]
1count[2]
1count[3]
#5533
0clk
0rst
0_02_
0_10_
1_03_
1_11_
1_04_
1_05_
0count[0]
1count[1]
1count[2]
1count[3]
#5534
0clk
0rst
1_02_
0_10_
1_03_
1_11_
1_04_
1_05_
1count[0]
1count[1]
1count[2]
1count[3]
#5535
0clk
0rst
0_02_
1_10_
0_03_
0_11_
0_04_
0_05_
0count[0]
0count[1]
0count[2]
0count[3]
#5536
0clk
0rst
1_02_
0_10_
0_03_
1_11_
0_04_
0_05_
1count[0]
0count[1]
0count[2]
0count[3]
#5537
0clk
0rst
0_02_
0_10_
1_03_
1_11_
0_04_
0_05_
0count[0]
1count[1]
0count[2]
0count[3]
#5538
0clk
0rst
1_02_
0_10_
1_03_
1_11_
0_04_
0_05_
1count[0]
1count[1]
0count[2]
0count[3]
#5539
0clk
0rst
0_02_
1_10_
0_03_
1_11_
1_04_
0_05_
0count[0]
0count[1]
1count[2]
0count[3]
#5540
0clk
0rst
1_02_
0_10_
0_03_
1_11_
1_04_
0_05_
1count[0]
0count[1]
1count[2]
0count[3]
#5541
0clk
0rst
0_02_
0_10_
1_03_
1_11_
1_04_
0_05_
0count[0]
1count[1]
1count[2]
0count[3]
#5542
0clk
0rst
1_02_
0_10_
1_03_
1_11_
1_04_
0_05_
1count[0]
1count[1]
1count[2]
0count[3]
#5543
0clk
0rst
0_02_
1_10_
0_03_
0_11_
0_04_
1_05_
0count[0]
0count[1]
0count[2]
1count[3]
#5544
0clk
0rst
1_02_
0_10_
0_03_
1_11_
0_04_
1_05_
1count[0]
0count[1]
0count[2]
1count[3]
#5545
0clk
0rst
0_02_
0_10_
1_03_
1_11_
0_04_
1_05_
0count[0]
1count[1]
0count[2]
1count[3]
#5546
0clk
0rst
1_02_
0_10_
1_03_
1_11_
0_04_
1_05_
1count[0]
1count[1]
0count[2]
1count[3]
#5547
0clk
0rst
0_02_
1_10_
0_03_
1_11_
1_04_
1_05_
0count[0]
0count[1]
1count[2]
1count[3]
#5548
0clk
0rst
1_02_
0_10_
0_03_
1_11_
1_04_
1_05_
1count[0]
0count[1]
1count[2]
1count[3]
#5549
0clk
0rst
0_02_
0_10_
1_03_
1_11_
1_04_
1_05_
0count[0]
1count[1]
1count[2]
1count[3]
#5550
0clk
0rst
1_02_
0_10_
1_03_
1_11_
1_04_
1_05_
1count[0]
1count[1]
1count[2]
1count[3]
#5551
0clk
0rst
0_02_
1_10_
0_03_
0_11_
0_04_
0_05_
0count[0]
0count[1]
0count[2]
0count[3]
#5552
0clk
0rst
1_02_
0_10_
0_03_
1_11_
0_04_
0_05_
1count[0]
0count[1]
0count[2]
0count[3]
#5553
0clk
0rst
0_02_
0_10_
1_03_
1_11_
0_04_
0_05_
0count[0]
1count[1]
0count[2]
0count[3]
#5554
0clk
0rst
1_02_
0_10_
1_03_
1_11_
0_04_
0_05_
1count[0]
1count[1]
0count[2]
0count[3]
#5555
0clk
0rst
0_02_
1_10_
0_03_
1_11_
1_04_
0_05_
0count[0]
0count[1]
1count[2]
0count[3]
#5556
0clk
0rst
1_02_
0_10_
0_03_
1_11_
1_04_
0_05_
1count[0]
0count[1]
1count[2]
0count[3]
#5557
0clk
0rst
0_02_
0_10_
1_03_
1_11_
1_04_
0_05_
0count[0]
1count[1]
1count[2]
0count[3]
#5558
0clk
0rst
1_02_
0_10_
1_03_
1_11_
1_04_
0_05_
1count[0]
1count[1]
1count[2]
0count[3]
#5559
0clk
0rst
0_02_
1_10_
0_03_
0_11_
0_04_
1_05_
0count[0]
0count[1]
0count[2]
1count[3]
#5560
0clk
0rst
1_02_
0_10_
0_03_
1_11_
0_04_
1_05_
1count[0]
0count[1]
0count[2]
1count[3]
#5561
0clk
0rst
0_02_
0_10_
1_03_
1_11_
0_04_
1_05_
0count[0]
1count[1]
0count[2]
1count[3]
#5562
0clk
0rst
1_02_
0_10_
1_03_
1_11_
0_04_
1_05_
1count[0]
1count[1]
0count[2]
1count[3]
#5563
0clk
0rst
0_02_
1_10_
0_03_
1_11_
1_04_
1_05_
0count[0]
0count[1]
1count[2]
1count[3]
#5564
0clk
0rst
1_02_
0_10_
0_03_
1_11_
1_04_
1_05_
1count[0]
0count[1]
1count[2]
1count[3]
#5565
0clk
0rst
0_02_
0_10_
1_03_
1_11_
1_04_
1_05_
0count[0]
1count[1]
1count[2]
1count[3]
#5566
0clk
0rst
1_02_
0_10_
1_03_
1_11_
1_04_
1_05_
1count[0]
1count[1]
1count[2]
1count[3]
#5567
0clk
0rst
0_02_
1_10_
0_03_
0_11_
0_04_
0_05_
0count[0]
0count[1]
0count[2]
0count[3]
#5568
0clk
0rst
1_02_
0_10_
0_03_
1_11_
0_04_
0_05_
1count[0]
0count[1]
0count[2]
0count[3]
#5569
0clk
0rst
0_02_
0_10_
1_03_
1_11_
0_04_
0_05_
0count[0]
1count[1]
0count[2]
0count[3]
#5570
0clk
0rst
1_02_
0_10_
1_03_
1_11_
0_04_
0_05_
1count[0]
1count[1]
0count[2]
0count[3]
#5571
0clk
0rst
0_02_
1_10_
0_03_
1_11_
1_04_
0_05_
0count[0]
0count[1]
1count[2]
0count[3]
#5572
0clk
0rst
1_02_
0_10_
0_03_
1_11_
1_04_
0_05_
1count[0]
0count[1]
1count[2]
0count[3]
#5573
0clk
0rst
0_02_
0_10_
1_03_
1_11_
1_04_
0_05_
0count[0]
1count[1]
1count[2]
0count[3]
#5574
0clk
0rst
1_02_
0_10_
1_03_
1_11_
1_04_
0_05_
1count[0]
1count[1]
1count[2]
0count[3]
#5575
0clk
0rst
0_02_
1_10_
0_03_
0_11_
0_04_
1_05_
0count[0]
0count[1]
0count[2]
1count[3]
#5576
0clk
0rst
1_02_
0_10_
0_03_
1_11_
0_04_
1_05_
1count[0]
0count[1]
0count[2]
1count[3]
#5577
0clk
0rst
0_02_
0_10_
1_03_
1_11_
0_04_
1_05_
0count[0]
1count[1]
0count[2]
1count[3]
#5578
0clk
0rst
1_02_
0_10_
1_03_
1_11_
0_04_
1_05_
1count[0]
1count[1]
0count[2]
1count[3]
#5579
0clk
0rst
0_02_
1_10_
0_03_
1_11_
1_04_
1_05_
0count[0]
0count[1]
1count[2]
1count[3]
#5580
0clk
0rst
1_02_
0_10_
0_03_
1_11_
1_04_
1_05_
1count[0]
0count[1]
1count[2]
1count[3]
#5581
0clk
0rst
0_02_
0_10_
1_03_
1_11_
1_04_
1_05_
0count[0]
1count[1]
1count[2]
1count[3]
#5582
0clk
0rst
1_02_
0_10_
1_03_
1_11_
1_04_
1_05_
1count[0]
1count[1]
1count[2]
1count[3]
#5583
0clk
0rst
0_02_
1_10_
0_03_
0_11_
0_04_
0_05_
0count[0]
0count[1]
0count[2]
0count[3]
#5584
0clk
0rst
1_02_
0_10_
0_03_
1_11_
0_04_
0_05_
1count[0]
0count[1]
0count[2]
0count[3]
#5585
0clk
0rst
0_02_
0_10_
1_03_
1_11_
0_04_
0_05_
0count[0]
1count[1]
0count[2]
0count[3]
#5586
0clk
0rst
1_02_
0_10_
1_03_
1_11_
0_04_
0_05_
1count[0]
1count[1]
0count[2]
0count[3]
#5587
0clk
0rst
0_02_
1_10_
0_03_
1_11_
1_04_
0_05_
0count[0]
0count[1]
1count[2]
0count[3]
#5588
0clk
0rst
1_02_
0_10_
0_03_
1_11_
1_04_
0_05_
1count[0]
0count[1]
1count[2]
0count[3]
#5589
0clk
0rst
0_02_
0_10_
1_03_
1_11_
1_04_
0_05_
0count[0]
1count[1]
1count[2]
0count[3]
#5590
0clk
0rst
1_02_
0_10_
1_03_
1_11_
1_04_
0_05_
1count[0]
1count[1]
1count[2]
0count[3]
#5591
0clk
0rst
0_02_
1_10_
0_03_
0_11_
0_04_
1_05_
0count[0]
0count[1]
0count[2]
1count[3]
#5592
0clk
0rst
1_02_
0_10_
0_03_
1_11_
0_04_
1_05_
1count[0]
0count[1]
0count[2]
1count[3]
#5593
0clk
0rst
0_02_
0_10_
1_03_
1_11_
0_04_
1_05_
0count[0]
1count[1]
0count[2]
1count[3]
#5594
0clk
0rst
1_02_
0_10_
1_03_
1_11_
0_04_
1_05_
1count[0]
1count[1]
0count[2]
1count[3]
#5595
0clk
0rst
0_02_
1_10_
0_03_
1_11_
1_04_
1_05_
0count[0]
0count[1]
1count[2]
1count[3]
#5596
0clk
0rst
1_02_
0_10_
0_03_
1_11_
1_04_
1_05_
1count[0]
0count[1]
1count[2]
1count[3]
#5597
0clk
0rst
0_02_
0_10_
1_03_
1_11_
1_04_
1_05_
0count[0]
1count[1]
1count[2]
1count[3]
#5598
0clk
0rst
1_02_
0_10_
1_03_
1_11_
1_04_
1_05_
1count[0]
1count[1]
1count[2]
1count[3]
#5599
0clk
0rst
0_02_
1_10_
0_03_
0_11_
0_04_
0_05_
0count[0]
0count[1]
0count[2]
0count[3]
#5600
0clk
0rst
1_02_
0_10_
0_03_
1_11_
0_04_
0_05_
1count[0]
0count[1]
0count[2]
0count[3]
#5601
0clk
0rst
0_02_
0_10_
1_03_
1_11_
0_04_
0_05_
0count[0]
1count[1]
0count[2]
0count[3]
#5602
0clk
0rst
1_02_
0_10_
1_03_
1_11_
0_04_
0_05_
1count[0]
1count[1]
0count[2]
0count[3]
#5603
0clk
0rst
0_02_
1_10_
0_03_
1_11_
1_04_
0_05_
0count[0]
0count[1]
1count[2]
0count[3]
#5604
0clk
0rst
1_02_
0_10_
0_03_
1_11_
1_04_
0_05_
1count[0]
0count[1]
1count[2]
0count[3]
#5605
0clk
0rst
0_02_
0_10_
1_03_
1_11_
1_04_
0_05_
0count[0]
1count[1]
1count[2]
0count[3]
#5606
0clk
0rst
1_02_
0_10_
1_03_
1_11_
1_04_
0_05_
1count[0]
1count[1]
1count[2]
0count[3]
#5607
0clk
0rst
0_02_
1_10_
0_03_
0_11_
0_04_
1_05_
0count[0]
0count[1]
0count[2]
1count[3]
#5608
0clk
0rst
1_02_
0_10_
0_03_
1_11_
0_04_
1_05_
1count[0]
0count[1]
0count[2]
1count[3]
#5609
0clk
0rst
0_02_
0_10_
1_03_
1_11_
0_04_
1_05_
0count[0]
1count[1]
0count[2]
1count[3]
#5610
0clk
0rst
1_02_
0_10_
1_03_
1_11_
0_04_
1_05_
1count[0]
1count[1]
0count[2]
1count[3]
#5611
0clk
0rst
0_02_
1_10_
0_03_
1_11_
1_04_
1_05_
0count[0]
0count[1]
1count[2]
1count[3]
#5612
0clk
0rst
1_02_
0_10_
0_03_
1_11_
1_04_
1_05_
1count[0]
0count[1]
1count[2]
1count[3]
#5613
0clk
0rst
0_02_
0_10_
1_03_
1_11_
1_04_
1_05_
0count[0]
1count[1]
1count[2]
1count[3]
#5614
0clk
0rst
1_02_
0_10_
1_03_
1_11_
1_04_
1_05_
1count[0]
1count[1]
1count[2]
1count[3]
#5615
0clk
0rst
0_02_
1_10_
0_03_
0_11_
0_04_
0_05_
0count[0]
0count[1]
0count[2]
0count[3]
#5616
0clk
0rst
1_02_
0_10_
0_03_
1_11_
0_04_
0_05_
1count[0]
0count[1]
0count[2]
0count[3]
#5617
0clk
0rst
0_02_
0_10_
1_03_
1_11_
0_04_
0_05_
0count[0]
1count[1]
0count[2]
0count[3]
#5618
0clk
0rst
1_02_
0_10_
1_03_
1_11_
0_04_
0_05_
1count[0]
1count[1]
0count[2]
0count[3]
#5619
0clk
0rst
0_02_
1_10_
0_03_
1_11_
1_04_
0_05_
0count[0]
0count[1]
1count[2]
0count[3]
#5620
0clk
0rst
1_02_
0_10_
0_03_
1_11_
1_04_
0_05_
1count[0]
0count[1]
1count[2]
0count[3]
#5621
0clk
0rst
0_02_
0_10_
1_03_
1_11_
1_04_
0_05_
0count[0]
1count[1]
1count[2]
0count[3]
#5622
0clk
0rst
1_02_
0_10_
1_03_
1_11_
1_04_
0_05_
1count[0]
1count[1]
1count[2]
0count[3]
#5623
0clk
0rst
0_02_
1_10_
0_03_
0_11_
0_04_
1_05_
0count[0]
0count[1]
0count[2]
1count[3]
#5624
0clk
0rst
1_02_
0_10_
0_03_
1_11_
0_04_
1_05_
1count[0]
0count[1]
0count[2]
1count[3]
#5625
0clk
0rst
0_02_
0_10_
1_03_
1_11_
0_04_
1_05_
0count[0]
1count[1]
0count[2]
1count[3]
#5626
0clk
0rst
1_02_
0_10_
1_03_
1_11_
0_04_
1_05_
1count[0]
1count[1]
0count[2]
1count[3]
#5627
0clk
0rst
0_02_
1_10_
0_03_
1_11_
1_04_
1_05_
0count[0]
0count[1]
1count[2]
1count[3]
#5628
0clk
0rst
1_02_
0_10_
0_03_
1_11_
1_04_
1_05_
1count[0]
0count[1]
1count[2]
1count[3]
#5629
0clk
0rst
0_02_
0_10_
1_03_
1_11_
1_04_
1_05_
0count[0]
1count[1]
1count[2]
1count[3]
#5630
0clk
0rst
1_02_
0_10_
1_03_
1_11_
1_04_
1_05_
1count[0]
1count[1]
1count[2]
1count[3]
#5631
0clk
0rst
0_02_
1_10_
0_03_
0_11_
0_04_
0_05_
0count[0]
0count[1]
0count[2]
0count[3]
#5632
0clk
0rst
1_02_
0_10_
0_03_
1_11_
0_04_
0_05_
1count[0]
0count[1]
0count[2]
0count[3]
#5633
0clk
0rst
0_02_
0_10_
1_03_
1_11_
0_04_
0_05_
0count[0]
1count[1]
0count[2]
0count[3]
#5634
0clk
0rst
1_02_
0_10_
1_03_
1_11_
0_04_
0_05_
1count[0]
1count[1]
0count[2]
0count[3]
#5635
0clk
0rst
0_02_
1_10_
0_03_
1_11_
1_04_
0_05_
0count[0]
0count[1]
1count[2]
0count[3]
#5636
0clk
0rst
1_02_
0_10_
0_03_
1_11_
1_04_
0_05_
1count[0]
0count[1]
1count[2]
0count[3]
#5637
0clk
0rst
0_02_
0_10_
1_03_
1_11_
1_04_
0_05_
0count[0]
1count[1]
1count[2]
0count[3]
#5638
0clk
0rst
1_02_
0_10_
1_03_
1_11_
1_04_
0_05_
1count[0]
1count[1]
1count[2]
0count[3]
#5639
0clk
0rst
0_02_
1_10_
0_03_
0_11_
0_04_
1_05_
0count[0]
0count[1]
0count[2]
1count[3]
#5640
0clk
0rst
1_02_
0_10_
0_03_
1_11_
0_04_
1_05_
1count[0]
0count[1]
0count[2]
1count[3]
#5641
0clk
0rst
0_02_
0_10_
1_03_
1_11_
0_04_
1_05_
0count[0]
1count[1]
0count[2]
1count[3]
#5642
0clk
0rst
1_02_
0_10_
1_03_
1_11_
0_04_
1_05_
1count[0]
1count[1]
0count[2]
1count[3]
#5643
0clk
0rst
0_02_
1_10_
0_03_
1_11_
1_04_
1_05_
0count[0]
0count[1]
1count[2]
1count[3]
#5644
0clk
0rst
1_02_
0_10_
0_03_
1_11_
1_04_
1_05_
1count[0]
0count[1]
1count[2]
1count[3]
#5645
0clk
0rst
0_02_
0_10_
1_03_
1_11_
1_04_
1_05_
0count[0]
1count[1]
1count[2]
1count[3]
#5646
0clk
0rst
1_02_
0_10_
1_03_
1_11_
1_04_
1_05_
1count[0]
1count[1]
1count[2]
1count[3]
#5647
0clk
0rst
0_02_
1_10_
0_03_
0_11_
0_04_
0_05_
0count[0]
0count[1]
0count[2]
0count[3]
#5648
0clk
0rst
1_02_
0_10_
0_03_
1_11_
0_04_
0_05_
1count[0]
0count[1]
0count[2]
0count[3]
#5649
0clk
0rst
0_02_
0_10_
1_03_
1_11_
0_04_
0_05_
0count[0]
1count[1]
0count[2]
0count[3]
#5650
0clk
0rst
1_02_
0_10_
1_03_
1_11_
0_04_
0_05_
1count[0]
1count[1]
0count[2]
0count[3]
#5651
0clk
0rst
0_02_
1_10_
0_03_
1_11_
1_04_
0_05_
0count[0]
0count[1]
1count[2]
0count[3]
#5652
0clk
0rst
1_02_
0_10_
0_03_
1_11_
1_04_
0_05_
1count[0]
0count[1]
1count[2]
0count[3]
#5653
0clk
0rst
0_02_
0_10_
1_03_
1_11_
1_04_
0_05_
0count[0]
1count[1]
1count[2]
0count[3]
#5654
0clk
0rst
1_02_
0_10_
1_03_
1_11_
1_04_
0_05_
1count[0]
1count[1]
1count[2]
0count[3]
#5655
0clk
0rst
0_02_
1_10_
0_03_
0_11_
0_04_
1_05_
0count[0]
0count[1]
0count[2]
1count[3]
#5656
0clk
0rst
1_02_
0_10_
0_03_
1_11_
0_04_
1_05_
1count[0]
0count[1]
0count[2]
1count[3]
#5657
0clk
0rst
0_02_
0_10_
1_03_
1_11_
0_04_
1_05_
0count[0]
1count[1]
0count[2]
1count[3]
#5658
0clk
0rst
1_02_
0_10_
1_03_
1_11_
0_04_
1_05_
1count[0]
1count[1]
0count[2]
1count[3]
#5659
0clk
0rst
0_02_
1_10_
0_03_
1_11_
1_04_
1_05_
0count[0]
0count[1]
1count[2]
1count[3]
#5660
0clk
0rst
1_02_
0_10_
0_03_
1_11_
1_04_
1_05_
1count[0]
0count[1]
1count[2]
1count[3]
#5661
0clk
0rst
0_02_
0_10_
1_03_
1_11_
1_04_
1_05_
0count[0]
1count[1]
1count[2]
1count[3]
#5662
0clk
0rst
1_02_
0_10_
1_03_
1_11_
1_04_
1_05_
1count[0]
1count[1]
1count[2]
1count[3]
#5663
0clk
0rst
0_02_
1_10_
0_03_
0_11_
0_04_
0_05_
0count[0]
0count[1]
0count[2]
0count[3]
#5664
0clk
0rst
1_02_
0_10_
0_03_
1_11_
0_04_
0_05_
1count[0]
0count[1]
0count[2]
0count[3]
#5665
0clk
0rst
0_02_
0_10_
1_03_
1_11_
0_04_
0_05_
0count[0]
1count[1]
0count[2]
0count[3]
#5666
0clk
0rst
1_02_
0_10_
1_03_
1_11_
0_04_
0_05_
1count[0]
1count[1]
0count[2]
0count[3]
#5667
0clk
0rst
0_02_
1_10_
0_03_
1_11_
1_04_
0_05_
0count[0]
0count[1]
1count[2]
0count[3]
#5668
0clk
0rst
1_02_
0_10_
0_03_
1_11_
1_04_
0_05_
1count[0]
0count[1]
1count[2]
0count[3]
#5669
0clk
0rst
0_02_
0_10_
1_03_
1_11_
1_04_
0_05_
0count[0]
1count[1]
1count[2]
0count[3]
#5670
0clk
0rst
1_02_
0_10_
1_03_
1_11_
1_04_
0_05_
1count[0]
1count[1]
1count[2]
0count[3]
#5671
0clk
0rst
0_02_
1_10_
0_03_
0_11_
0_04_
1_05_
0count[0]
0count[1]
0count[2]
1count[3]
#5672
0clk
0rst
1_02_
0_10_
0_03_
1_11_
0_04_
1_05_
1count[0]
0count[1]
0count[2]
1count[3]
#5673
0clk
0rst
0_02_
0_10_
1_03_
1_11_
0_04_
1_05_
0count[0]
1count[1]
0count[2]
1count[3]
#5674
0clk
0rst
1_02_
0_10_
1_03_
1_11_
0_04_
1_05_
1count[0]
1count[1]
0count[2]
1count[3]
#5675
0clk
0rst
0_02_
1_10_
0_03_
1_11_
1_04_
1_05_
0count[0]
0count[1]
1count[2]
1count[3]
#5676
0clk
0rst
1_02_
0_10_
0_03_
1_11_
1_04_
1_05_
1count[0]
0count[1]
1count[2]
1count[3]
#5677
0clk
0rst
0_02_
0_10_
1_03_
1_11_
1_04_
1_05_
0count[0]
1count[1]
1count[2]
1count[3]
#5678
0clk
0rst
1_02_
0_10_
1_03_
1_11_
1_04_
1_05_
1count[0]
1count[1]
1count[2]
1count[3]
#5679
0clk
0rst
0_02_
1_10_
0_03_
0_11_
0_04_
0_05_
0count[0]
0count[1]
0count[2]
0count[3]
#5680
0clk
0rst
1_02_
0_10_
0_03_
1_11_
0_04_
0_05_
1count[0]
0count[1]
0count[2]
0count[3]
#5681
0clk
0rst
0_02_
0_10_
1_03_
1_11_
0_04_
0_05_
0count[0]
1count[1]
0count[2]
0count[3]
#5682
0clk
0rst
1_02_
0_10_
1_03_
1_11_
0_04_
0_05_
1count[0]
1count[1]
0count[2]
0count[3]
#5683
0clk
0rst
0_02_
1_10_
0_03_
1_11_
1_04_
0_05_
0count[0]
0count[1]
1count[2]
0count[3]
#5684
0clk
0rst
1_02_
0_10_
0_03_
1_11_
1_04_
0_05_
1count[0]
0count[1]
1count[2]
0count[3]
#5685
0clk
0rst
0_02_
0_10_
1_03_
1_11_
1_04_
0_05_
0count[0]
1count[1]
1count[2]
0count[3]
#5686
0clk
0rst
1_02_
0_10_
1_03_
1_11_
1_04_
0_05_
1count[0]
1count[1]
1count[2]
0count[3]
#5687
0clk
0rst
0_02_
1_10_
0_03_
0_11_
0_04_
1_05_
0count[0]
0count[1]
0count[2]
1count[3]
#5688
0clk
0rst
1_02_
0_10_
0_03_
1_11_
0_04_
1_05_
1count[0]
0count[1]
0count[2]
1count[3]
#5689
0clk
0rst
0_02_
0_10_
1_03_
1_11_
0_04_
1_05_
0count[0]
1count[1]
0count[2]
1count[3]
#5690
0clk
0rst
1_02_
0_10_
1_03_
1_11_
0_04_
1_05_
1count[0]
1count[1]
0count[2]
1count[3]
#5691
0clk
0rst
0_02_
1_10_
0_03_
1_11_
1_04_
1_05_
0count[0]
0count[1]
1count[2]
1count[3]
#5692
0clk
0rst
1_02_
0_10_
0_03_
1_11_
1_04_
1_05_
1count[0]
0count[1]
1count[2]
1count[3]
#5693
0clk
0rst
0_02_
0_10_
1_03_
1_11_
1_04_
1_05_
0count[0]
1count[1]
1count[2]
1count[3]
#5694
0clk
0rst
1_02_
0_10_
1_03_
1_11_
1_04_
1_05_
1count[0]
1count[1]
1count[2]
1count[3]
#5695
0clk
0rst
0_02_
1_10_
0_03_
0_11_
0_04_
0_05_
0count[0]
0count[1]
0count[2]
0count[3]
#5696
0clk
0rst
1_02_
0_10_
0_03_
1_11_
0_04_
0_05_
1count[0]
0count[1]
0count[2]
0count[3]
#5697
0clk
0rst
0_02_
0_10_
1_03_
1_11_
0_04_
0_05_
0count[0]
1count[1]
0count[2]
0count[3]
#5698
0clk
0rst
1_02_
0_10_
1_03_
1_11_
0_04_
0_05_
1count[0]
1count[1]
0count[2]
0count[3]
#5699
0clk
0rst
0_02_
1_10_
0_03_
1_11_
1_04_
0_05_
0count[0]
0count[1]
1count[2]
0count[3]
#5700
0clk
0rst
1_02_
0_10_
0_03_
1_11_
1_04_
0_05_
1count[0]
0count[1]
1count[2]
0count[3]
#5701
0clk
0rst
0_02_
0_10_
1_03_
1_11_
1_04_
0_05_
0count[0]
1count[1]
1count[2]
0count[3]
#5702
0clk
0rst
1_02_
0_10_
1_03_
1_11_
1_04_
0_05_
1count[0]
1count[1]
1count[2]
0count[3]
#5703
0clk
0rst
0_02_
1_10_
0_03_
0_11_
0_04_
1_05_
0count[0]
0count[1]
0count[2]
1count[3]
#5704
0clk
0rst
1_02_
0_10_
0_03_
1_11_
0_04_
1_05_
1count[0]
0count[1]
0count[2]
1count[3]
#5705
0clk
0rst
0_02_
0_10_
1_03_
1_11_
0_04_
1_05_
0count[0]
1count[1]
0count[2]
1count[3]
#5706
0clk
0rst
1_02_
0_10_
1_03_
1_11_
0_04_
1_05_
1count[0]
1count[1]
0count[2]
1count[3]
#5707
0clk
0rst
0_02_
1_10_
0_03_
1_11_
1_04_
1_05_
0count[0]
0count[1]
1count[2]
1count[3]
#5708
0clk
0rst
1_02_
0_10_
0_03_
1_11_
1_04_
1_05_
1count[0]
0count[1]
1count[2]
1count[3]
#5709
0clk
0rst
0_02_
0_10_
1_03_
1_11_
1_04_
1_05_
0count[0]
1count[1]
1count[2]
1count[3]
#5710
0clk
0rst
1_02_
0_10_
1_03_
1_11_
1_04_
1_05_
1count[0]
1count[1]
1count[2]
1count[3]
#5711
0clk
0rst
0_02_
1_10_
0_03_
0_11_
0_04_
0_05_
0count[0]
0count[1]
0count[2]
0count[3]
#5712
0clk
0rst
1_02_
0_10_
0_03_
1_11_
0_04_
0_05_
1count[0]
0count[1]
0count[2]
0count[3]
#5713
0clk
0rst
0_02_
0_10_
1_03_
1_11_
0_04_
0_05_
0count[0]
1count[1]
0count[2]
0count[3]
#5714
0clk
0rst
1_02_
0_10_
1_03_
1_11_
0_04_
0_05_
1count[0]
1count[1]
0count[2]
0count[3]
#5715
0clk
0rst
0_02_
1_10_
0_03_
1_11_
1_04_
0_05_
0count[0]
0count[1]
1count[2]
0count[3]
#5716
0clk
0rst
1_02_
0_10_
0_03_
1_11_
1_04_
0_05_
1count[0]
0count[1]
1count[2]
0count[3]
#5717
0clk
0rst
0_02_
0_10_
1_03_
1_11_
1_04_
0_05_
0count[0]
1count[1]
1count[2]
0count[3]
#5718
0clk
0rst
1_02_
0_10_
1_03_
1_11_
1_04_
0_05_
1count[0]
1count[1]
1count[2]
0count[3]
#5719
0clk
0rst
0_02_
1_10_
0_03_
0_11_
0_04_
1_05_
0count[0]
0count[1]
0count[2]
1count[3]
#5720
0clk
0rst
1_02_
0_10_
0_03_
1_11_
0_04_
1_05_
1count[0]
0count[1]
0count[2]
1count[3]
#5721
0clk
0rst
0_02_
0_10_
1_03_
1_11_
0_04_
1_05_
0count[0]
1count[1]
0count[2]
1count[3]
#5722
0clk
0rst
1_02_
0_10_
1_03_
1_11_
0_04_
1_05_
1count[0]
1count[1]
0count[2]
1count[3]
#5723
0clk
0rst
0_02_
1_10_
0_03_
1_11_
1_04_
1_05_
0count[0]
0count[1]
1count[2]
1count[3]
#5724
0clk
0rst
1_02_
0_10_
0_03_
1_11_
1_04_
1_05_
1count[0]
0count[1]
1count[2]
1count[3]
#5725
0clk
0rst
0_02_
0_10_
1_03_
1_11_
1_04_
1_05_
0count[0]
1count[1]
1count[2]
1count[3]
#5726
0clk
0rst
1_02_
0_10_
1_03_
1_11_
1_04_
1_05_
1count[0]
1count[1]
1count[2]
1count[3]
#5727
0clk
0rst
0_02_
1_10_
0_03_
0_11_
0_04_
0_05_
0count[0]
0count[1]
0count[2]
0count[3]
#5728
0clk
0rst
1_02_
0_10_
0_03_
1_11_
0_04_
0_05_
1count[0]
0count[1]
0count[2]
0count[3]
#5729
0clk
0rst
0_02_
0_10_
1_03_
1_11_
0_04_
0_05_
0count[0]
1count[1]
0count[2]
0count[3]
#5730
0clk
0rst
1_02_
0_10_
1_03_
1_11_
0_04_
0_05_
1count[0]
1count[1]
0count[2]
0count[3]
#5731
0clk
0rst
0_02_
1_10_
0_03_
1_11_
1_04_
0_05_
0count[0]
0count[1]
1count[2]
0count[3]
#5732
0clk
0rst
1_02_
0_10_
0_03_
1_11_
1_04_
0_05_
1count[0]
0count[1]
1count[2]
0count[3]
#5733
0clk
0rst
0_02_
0_10_
1_03_
1_11_
1_04_
0_05_
0count[0]
1count[1]
1count[2]
0count[3]
#5734
0clk
0rst
1_02_
0_10_
1_03_
1_11_
1_04_
0_05_
1count[0]
1count[1]
1count[2]
0count[3]
#5735
0clk
0rst
0_02_
1_10_
0_03_
0_11_
0_04_
1_05_
0count[0]
0count[1]
0count[2]
1count[3]
#5736
0clk
0rst
1_02_
0_10_
0_03_
1_11_
0_04_
1_05_
1count[0]
0count[1]
0count[2]
1count[3]
#5737
0clk
0rst
0_02_
0_10_
1_03_
1_11_
0_04_
1_05_
0count[0]
1count[1]
0count[2]
1count[3]
#5738
0clk
0rst
1_02_
0_10_
1_03_
1_11_
0_04_
1_05_
1count[0]
1count[1]
0count[2]
1count[3]
#5739
0clk
0rst
0_02_
1_10_
0_03_
1_11_
1_04_
1_05_
0count[0]
0count[1]
1count[2]
1count[3]
#5740
0clk
0rst
1_02_
0_10_
0_03_
1_11_
1_04_
1_05_
1count[0]
0count[1]
1count[2]
1count[3]
#5741
0clk
0rst
0_02_
0_10_
1_03_
1_11_
1_04_
1_05_
0count[0]
1count[1]
1count[2]
1count[3]
#5742
0clk
0rst
1_02_
0_10_
1_03_
1_11_
1_04_
1_05_
1count[0]
1count[1]
1count[2]
1count[3]
#5743
0clk
0rst
0_02_
1_10_
0_03_
0_11_
0_04_
0_05_
0count[0]
0count[1]
0count[2]
0count[3]
#5744
0clk
0rst
1_02_
0_10_
0_03_
1_11_
0_04_
0_05_
1count[0]
0count[1]
0count[2]
0count[3]
#5745
0clk
0rst
0_02_
0_10_
1_03_
1_11_
0_04_
0_05_
0count[0]
1count[1]
0count[2]
0count[3]
#5746
0clk
0rst
1_02_
0_10_
1_03_
1_11_
0_04_
0_05_
1count[0]
1count[1]
0count[2]
0count[3]
#5747
0clk
0rst
0_02_
1_10_
0_03_
1_11_
1_04_
0_05_
0count[0]
0count[1]
1count[2]
0count[3]
#5748
0clk
0rst
1_02_
0_10_
0_03_
1_11_
1_04_
0_05_
1count[0]
0count[1]
1count[2]
0count[3]
#5749
0clk
0rst
0_02_
0_10_
1_03_
1_11_
1_04_
0_05_
0count[0]
1count[1]
1count[2]
0count[3]
#5750
0clk
0rst
1_02_
0_10_
1_03_
1_11_
1_04_
0_05_
1count[0]
1count[1]
1count[2]
0count[3]
#5751
0clk
0rst
0_02_
1_10_
0_03_
0_11_
0_04_
1_05_
0count[0]
0count[1]
0count[2]
1count[3]
#5752
0clk
0rst
1_02_
0_10_
0_03_
1_11_
0_04_
1_05_
1count[0]
0count[1]
0count[2]
1count[3]
#5753
0clk
0rst
0_02_
0_10_
1_03_
1_11_
0_04_
1_05_
0count[0]
1count[1]
0count[2]
1count[3]
#5754
0clk
0rst
1_02_
0_10_
1_03_
1_11_
0_04_
1_05_
1count[0]
1count[1]
0count[2]
1count[3]
#5755
0clk
0rst
0_02_
1_10_
0_03_
1_11_
1_04_
1_05_
0count[0]
0count[1]
1count[2]
1count[3]
#5756
0clk
0rst
1_02_
0_10_
0_03_
1_11_
1_04_
1_05_
1count[0]
0count[1]
1count[2]
1count[3]
#5757
0clk
0rst
0_02_
0_10_
1_03_
1_11_
1_04_
1_05_
0count[0]
1count[1]
1count[2]
1count[3]
#5758
0clk
0rst
1_02_
0_10_
1_03_
1_11_
1_04_
1_05_
1count[0]
1count[1]
1count[2]
1count[3]
#5759
0clk
0rst
0_02_
1_10_
0_03_
0_11_
0_04_
0_05_
0count[0]
0count[1]
0count[2]
0count[3]
#5760
0clk
0rst
1_02_
0_10_
0_03_
1_11_
0_04_
0_05_
1count[0]
0count[1]
0count[2]
0count[3]
#5761
0clk
0rst
0_02_
0_10_
1_03_
1_11_
0_04_
0_05_
0count[0]
1count[1]
0count[2]
0count[3]
#5762
0clk
0rst
1_02_
0_10_
1_03_
1_11_
0_04_
0_05_
1count[0]
1count[1]
0count[2]
0count[3]
#5763
0clk
0rst
0_02_
1_10_
0_03_
1_11_
1_04_
0_05_
0count[0]
0count[1]
1count[2]
0count[3]
#5764
0clk
0rst
1_02_
0_10_
0_03_
1_11_
1_04_
0_05_
1count[0]
0count[1]
1count[2]
0count[3]
#5765
0clk
0rst
0_02_
0_10_
1_03_
1_11_
1_04_
0_05_
0count[0]
1count[1]
1count[2]
0count[3]
#5766
0clk
0rst
1_02_
0_10_
1_03_
1_11_
1_04_
0_05_
1count[0]
1count[1]
1count[2]
0count[3]
#5767
0clk
0rst
0_02_
1_10_
0_03_
0_11_
0_04_
1_05_
0count[0]
0count[1]
0count[2]
1count[3]
#5768
0clk
0rst
1_02_
0_10_
0_03_
1_11_
0_04_
1_05_
1count[0]
0count[1]
0count[2]
1count[3]
#5769
0clk
0rst
0_02_
0_10_
1_03_
1_11_
0_04_
1_05_
0count[0]
1count[1]
0count[2]
1count[3]
#5770
0clk
0rst
1_02_
0_10_
1_03_
1_11_
0_04_
1_05_
1count[0]
1count[1]
0count[2]
1count[3]
#5771
0clk
0rst
0_02_
1_10_
0_03_
1_11_
1_04_
1_05_
0count[0]
0count[1]
1count[2]
1count[3]
#5772
0clk
0rst
1_02_
0_10_
0_03_
1_11_
1_04_
1_05_
1count[0]
0count[1]
1count[2]
1count[3]
#5773
0clk
0rst
0_02_
0_10_
1_03_
1_11_
1_04_
1_05_
0count[0]
1count[1]
1count[2]
1count[3]
#5774
0clk
0rst
1_02_
0_10_
1_03_
1_11_
1_04_
1_05_
1count[0]
1count[1]
1count[2]
1count[3]
#5775
0clk
0rst
0_02_
1_10_
0_03_
0_11_
0_04_
0_05_
0count[0]
0count[1]
0count[2]
0count[3]
#5776
0clk
0rst
1_02_
0_10_
0_03_
1_11_
0_04_
0_05_
1count[0]
0count[1]
0count[2]
0count[3]
#5777
0clk
0rst
0_02_
0_10_
1_03_
1_11_
0_04_
0_05_
0count[0]
1count[1]
0count[2]
0count[3]
#5778
0clk
0rst
1_02_
0_10_
1_03_
1_11_
0_04_
0_05_
1count[0]
1count[1]
0count[2]
0count[3]
#5779
0clk
0rst
0_02_
1_10_
0_03_
1_11_
1_04_
0_05_
0count[0]
0count[1]
1count[2]
0count[3]
#5780
0clk
0rst
1_02_
0_10_
0_03_
1_11_
1_04_
0_05_
1count[0]
0count[1]
1count[2]
0count[3]
#5781
0clk
0rst
0_02_
0_10_
1_03_
1_11_
1_04_
0_05_
0count[0]
1count[1]
1count[2]
0count[3]
#5782
0clk
0rst
1_02_
0_10_
1_03_
1_11_
1_04_
0_05_
1count[0]
1count[1]
1count[2]
0count[3]
#5783
0clk
0rst
0_02_
1_10_
0_03_
0_11_
0_04_
1_05_
0count[0]
0count[1]
0count[2]
1count[3]
#5784
0clk
0rst
1_02_
0_10_
0_03_
1_11_
0_04_
1_05_
1count[0]
0count[1]
0count[2]
1count[3]
#5785
0clk
0rst
0_02_
0_10_
1_03_
1_11_
0_04_
1_05_
0count[0]
1count[1]
0count[2]
1count[3]
#5786
0clk
0rst
1_02_
0_10_
1_03_
1_11_
0_04_
1_05_
1count[0]
1count[1]
0count[2]
1count[3]
#5787
0clk
0rst
0_02_
1_10_
0_03_
1_11_
1_04_
1_05_
0count[0]
0count[1]
1count[2]
1count[3]
#5788
0clk
0rst
1_02_
0_10_
0_03_
1_11_
1_04_
1_05_
1count[0]
0count[1]
1count[2]
1count[3]
#5789
0clk
0rst
0_02_
0_10_
1_03_
1_11_
1_04_
1_05_
0count[0]
1count[1]
1count[2]
1count[3]
#5790
0clk
0rst
1_02_
0_10_
1_03_
1_11_
1_04_
1_05_
1count[0]
1count[1]
1count[2]
1count[3]
#5791
0clk
0rst
0_02_
1_10_
0_03_
0_11_
0_04_
0_05_
0count[0]
0count[1]
0count[2]
0count[3]
#5792
0clk
0rst
1_02_
0_10_
0_03_
1_11_
0_04_
0_05_
1count[0]
0count[1]
0count[2]
0count[3]
#5793
0clk
0rst
0_02_
0_10_
1_03_
1_11_
0_04_
0_05_
0count[0]
1count[1]
0count[2]
0count[3]
#5794
0clk
0rst
1_02_
0_10_
1_03_
1_11_
0_04_
0_05_
1count[0]
1count[1]
0count[2]
0count[3]
#5795
0clk
0rst
0_02_
1_10_
0_03_
1_11_
1_04_
0_05_
0count[0]
0count[1]
1count[2]
0count[3]
#5796
0clk
0rst
1_02_
0_10_
0_03_
1_11_
1_04_
0_05_
1count[0]
0count[1]
1count[2]
0count[3]
#5797
0clk
0rst
0_02_
0_10_
1_03_
1_11_
1_04_
0_05_
0count[0]
1count[1]
1count[2]
0count[3]
#5798
0clk
0rst
1_02_
0_10_
1_03_
1_11_
1_04_
0_05_
1count[0]
1count[1]
1count[2]
0count[3]
#5799
0clk
0rst
0_02_
1_10_
0_03_
0_11_
0_04_
1_05_
0count[0]
0count[1]
0count[2]
1count[3]
#5800
0clk
0rst
1_02_
0_10_
0_03_
1_11_
0_04_
1_05_
1count[0]
0count[1]
0count[2]
1count[3]
#5801
0clk
0rst
0_02_
0_10_
1_03_
1_11_
0_04_
1_05_
0count[0]
1count[1]
0count[2]
1count[3]
#5802
0clk
0rst
1_02_
0_10_
1_03_
1_11_
0_04_
1_05_
1count[0]
1count[1]
0count[2]
1count[3]
#5803
0clk
0rst
0_02_
1_10_
0_03_
1_11_
1_04_
1_05_
0count[0]
0count[1]
1count[2]
1count[3]
#5804
0clk
0rst
1_02_
0_10_
0_03_
1_11_
1_04_
1_05_
1count[0]
0count[1]
1count[2]
1count[3]
#5805
0clk
0rst
0_02_
0_10_
1_03_
1_11_
1_04_
1_05_
0count[0]
1count[1]
1count[2]
1count[3]
#5806
0clk
0rst
1_02_
0_10_
1_03_
1_11_
1_04_
1_05_
1count[0]
1count[1]
1count[2]
1count[3]
#5807
0clk
0rst
0_02_
1_10_
0_03_
0_11_
0_04_
0_05_
0count[0]
0count[1]
0count[2]
0count[3]
#5808
0clk
0rst
1_02_
0_10_
0_03_
1_11_
0_04_
0_05_
1count[0]
0count[1]
0count[2]
0count[3]
#5809
0clk
0rst
0_02_
0_10_
1_03_
1_11_
0_04_
0_05_
0count[0]
1count[1]
0count[2]
0count[3]
#5810
0clk
0rst
1_02_
0_10_
1_03_
1_11_
0_04_
0_05_
1count[0]
1count[1]
0count[2]
0count[3]
#5811
0clk
0rst
0_02_
1_10_
0_03_
1_11_
1_04_
0_05_
0count[0]
0count[1]
1count[2]
0count[3]
#5812
0clk
0rst
1_02_
0_10_
0_03_
1_11_
1_04_
0_05_
1count[0]
0count[1]
1count[2]
0count[3]
#5813
0clk
0rst
0_02_
0_10_
1_03_
1_11_
1_04_
0_05_
0count[0]
1count[1]
1count[2]
0count[3]
#5814
0clk
0rst
1_02_
0_10_
1_03_
1_11_
1_04_
0_05_
1count[0]
1count[1]
1count[2]
0count[3]
#5815
0clk
0rst
0_02_
1_10_
0_03_
0_11_
0_04_
1_05_
0count[0]
0count[1]
0count[2]
1count[3]
#5816
0clk
0rst
1_02_
0_10_
0_03_
1_11_
0_04_
1_05_
1count[0]
0count[1]
0count[2]
1count[3]
#5817
0clk
0rst
0_02_
0_10_
1_03_
1_11_
0_04_
1_05_
0count[0]
1count[1]
0count[2]
1count[3]
#5818
0clk
0rst
1_02_
0_10_
1_03_
1_11_
0_04_
1_05_
1count[0]
1count[1]
0count[2]
1count[3]
#5819
0clk
0rst
0_02_
1_10_
0_03_
1_11_
1_04_
1_05_
0count[0]
0count[1]
1count[2]
1count[3]
#5820
0clk
0rst
1_02_
0_10_
0_03_
1_11_
1_04_
1_05_
1count[0]
0count[1]
1count[2]
1count[3]
#5821
0clk
0rst
0_02_
0_10_
1_03_
1_11_
1_04_
1_05_
0count[0]
1count[1]
1count[2]
1count[3]
#5822
0clk
0rst
1_02_
0_10_
1_03_
1_11_
1_04_
1_05_
1count[0]
1count[1]
1count[2]
1count[3]
#5823
0clk
0rst
0_02_
1_10_
0_03_
0_11_
0_04_
0_05_
0count[0]
0count[1]
0count[2]
0count[3]
#5824
0clk
0rst
1_02_
0_10_
0_03_
1_11_
0_04_
0_05_
1count[0]
0count[1]
0count[2]
0count[3]
#5825
0clk
0rst
0_02_
0_10_
1_03_
1_11_
0_04_
0_05_
0count[0]
1count[1]
0count[2]
0count[3]
#5826
0clk
0rst
1_02_
0_10_
1_03_
1_11_
0_04_
0_05_
1count[0]
1count[1]
0count[2]
0count[3]
#5827
0clk
0rst
0_02_
1_10_
0_03_
1_11_
1_04_
0_05_
0count[0]
0count[1]
1count[2]
0count[3]
#5828
0clk
0rst
1_02_
0_10_
0_03_
1_11_
1_04_
0_05_
1count[0]
0count[1]
1count[2]
0count[3]
#5829
0clk
0rst
0_02_
0_10_
1_03_
1_11_
1_04_
0_05_
0count[0]
1count[1]
1count[2]
0count[3]
#5830
0clk
0rst
1_02_
0_10_
1_03_
1_11_
1_04_
0_05_
1count[0]
1count[1]
1count[2]
0count[3]
#5831
0clk
0rst
0_02_
1_10_
0_03_
0_11_
0_04_
1_05_
0count[0]
0count[1]
0count[2]
1count[3]
#5832
0clk
0rst
1_02_
0_10_
0_03_
1_11_
0_04_
1_05_
1count[0]
0count[1]
0count[2]
1count[3]
#5833
0clk
0rst
0_02_
0_10_
1_03_
1_11_
0_04_
1_05_
0count[0]
1count[1]
0count[2]
1count[3]
#5834
0clk
0rst
1_02_
0_10_
1_03_
1_11_
0_04_
1_05_
1count[0]
1count[1]
0count[2]
1count[3]
#5835
0clk
0rst
0_02_
1_10_
0_03_
1_11_
1_04_
1_05_
0count[0]
0count[1]
1count[2]
1count[3]
#5836
0clk
0rst
1_02_
0_10_
0_03_
1_11_
1_04_
1_05_
1count[0]
0count[1]
1count[2]
1count[3]
#5837
0clk
0rst
0_02_
0_10_
1_03_
1_11_
1_04_
1_05_
0count[0]
1count[1]
1count[2]
1count[3]
#5838
0clk
0rst
1_02_
0_10_
1_03_
1_11_
1_04_
1_05_
1count[0]
1count[1]
1count[2]
1count[3]
#5839
0clk
0rst
0_02_
1_10_
0_03_
0_11_
0_04_
0_05_
0count[0]
0count[1]
0count[2]
0count[3]
#5840
0clk
0rst
1_02_
0_10_
0_03_
1_11_
0_04_
0_05_
1count[0]
0count[1]
0count[2]
0count[3]
#5841
0clk
0rst
0_02_
0_10_
1_03_
1_11_
0_04_
0_05_
0count[0]
1count[1]
0count[2]
0count[3]
#5842
0clk
0rst
1_02_
0_10_
1_03_
1_11_
0_04_
0_05_
1count[0]
1count[1]
0count[2]
0count[3]
#5843
0clk
0rst
0_02_
1_10_
0_03_
1_11_
1_04_
0_05_
0count[0]
0count[1]
1count[2]
0count[3]
#5844
0clk
0rst
1_02_
0_10_
0_03_
1_11_
1_04_
0_05_
1count[0]
0count[1]
1count[2]
0count[3]
#5845
0clk
0rst
0_02_
0_10_
1_03_
1_11_
1_04_
0_05_
0count[0]
1count[1]
1count[2]
0count[3]
#5846
0clk
0rst
1_02_
0_10_
1_03_
1_11_
1_04_
0_05_
1count[0]
1count[1]
1count[2]
0count[3]
#5847
0clk
0rst
0_02_
1_10_
0_03_
0_11_
0_04_
1_05_
0count[0]
0count[1]
0count[2]
1count[3]
#5848
0clk
0rst
1_02_
0_10_
0_03_
1_11_
0_04_
1_05_
1count[0]
0count[1]
0count[2]
1count[3]
#5849
0clk
0rst
0_02_
0_10_
1_03_
1_11_
0_04_
1_05_
0count[0]
1count[1]
0count[2]
1count[3]
#5850
0clk
0rst
1_02_
0_10_
1_03_
1_11_
0_04_
1_05_
1count[0]
1count[1]
0count[2]
1count[3]
#5851
0clk
0rst
0_02_
1_10_
0_03_
1_11_
1_04_
1_05_
0count[0]
0count[1]
1count[2]
1count[3]
#5852
0clk
0rst
1_02_
0_10_
0_03_
1_11_
1_04_
1_05_
1count[0]
0count[1]
1count[2]
1count[3]
#5853
0clk
0rst
0_02_
0_10_
1_03_
1_11_
1_04_
1_05_
0count[0]
1count[1]
1count[2]
1count[3]
#5854
0clk
0rst
1_02_
0_10_
1_03_
1_11_
1_04_
1_05_
1count[0]
1count[1]
1count[2]
1count[3]
#5855
0clk
0rst
0_02_
1_10_
0_03_
0_11_
0_04_
0_05_
0count[0]
0count[1]
0count[2]
0count[3]
#5856
0clk
0rst
1_02_
0_10_
0_03_
1_11_
0_04_
0_05_
1count[0]
0count[1]
0count[2]
0count[3]
#5857
0clk
0rst
0_02_
0_10_
1_03_
1_11_
0_04_
0_05_
0count[0]
1count[1]
0count[2]
0count[3]
#5858
0clk
0rst
1_02_
0_10_
1_03_
1_11_
0_04_
0_05_
1count[0]
1count[1]
0count[2]
0count[3]
#5859
0clk
0rst
0_02_
1_10_
0_03_
1_11_
1_04_
0_05_
0count[0]
0count[1]
1count[2]
0count[3]
#5860
0clk
0rst
1_02_
0_10_
0_03_
1_11_
1_04_
0_05_
1count[0]
0count[1]
1count[2]
0count[3]
#5861
0clk
0rst
0_02_
0_10_
1_03_
1_11_
1_04_
0_05_
0count[0]
1count[1]
1count[2]
0count[3]
#5862
0clk
0rst
1_02_
0_10_
1_03_
1_11_
1_04_
0_05_
1count[0]
1count[1]
1count[2]
0count[3]
#5863
0clk
0rst
0_02_
1_10_
0_03_
0_11_
0_04_
1_05_
0count[0]
0count[1]
0count[2]
1count[3]
#5864
0clk
0rst
1_02_
0_10_
0_03_
1_11_
0_04_
1_05_
1count[0]
0count[1]
0count[2]
1count[3]
#5865
0clk
0rst
0_02_
0_10_
1_03_
1_11_
0_04_
1_05_
0count[0]
1count[1]
0count[2]
1count[3]
#5866
0clk
0rst
1_02_
0_10_
1_03_
1_11_
0_04_
1_05_
1count[0]
1count[1]
0count[2]
1count[3]
#5867
0clk
0rst
0_02_
1_10_
0_03_
1_11_
1_04_
1_05_
0count[0]
0count[1]
1count[2]
1count[3]
#5868
0clk
0rst
1_02_
0_10_
0_03_
1_11_
1_04_
1_05_
1count[0]
0count[1]
1count[2]
1count[3]
#5869
0clk
0rst
0_02_
0_10_
1_03_
1_11_
1_04_
1_05_
0count[0]
1count[1]
1count[2]
1count[3]
#5870
0clk
0rst
1_02_
0_10_
1_03_
1_11_
1_04_
1_05_
1count[0]
1count[1]
1count[2]
1count[3]
#5871
0clk
0rst
0_02_
1_10_
0_03_
0_11_
0_04_
0_05_
0count[0]
0count[1]
0count[2]
0count[3]
#5872
0clk
0rst
1_02_
0_10_
0_03_
1_11_
0_04_
0_05_
1count[0]
0count[1]
0count[2]
0count[3]
#5873
0clk
0rst
0_02_
0_10_
1_03_
1_11_
0_04_
0_05_
0count[0]
1count[1]
0count[2]
0count[3]
#5874
0clk
0rst
1_02_
0_10_
1_03_
1_11_
0_04_
0_05_
1count[0]
1count[1]
0count[2]
0count[3]
#5875
0clk
0rst
0_02_
1_10_
0_03_
1_11_
1_04_
0_05_
0count[0]
0count[1]
1count[2]
0count[3]
#5876
0clk
0rst
1_02_
0_10_
0_03_
1_11_
1_04_
0_05_
1count[0]
0count[1]
1count[2]
0count[3]
#5877
0clk
0rst
0_02_
0_10_
1_03_
1_11_
1_04_
0_05_
0count[0]
1count[1]
1count[2]
0count[3]
#5878
0clk
0rst
1_02_
0_10_
1_03_
1_11_
1_04_
0_05_
1count[0]
1count[1]
1count[2]
0count[3]
#5879
0clk
0rst
0_02_
1_10_
0_03_
0_11_
0_04_
1_05_
0count[0]
0count[1]
0count[2]
1count[3]
#5880
0clk
0rst
1_02_
0_10_
0_03_
1_11_
0_04_
1_05_
1count[0]
0count[1]
0count[2]
1count[3]
#5881
0clk
0rst
0_02_
0_10_
1_03_
1_11_
0_04_
1_05_
0count[0]
1count[1]
0count[2]
1count[3]
#5882
0clk
0rst
1_02_
0_10_
1_03_
1_11_
0_04_
1_05_
1count[0]
1count[1]
0count[2]
1count[3]
#5883
0clk
0rst
0_02_
1_10_
0_03_
1_11_
1_04_
1_05_
0count[0]
0count[1]
1count[2]
1count[3]
#5884
0clk
0rst
1_02_
0_10_
0_03_
1_11_
1_04_
1_05_
1count[0]
0count[1]
1count[2]
1count[3]
#5885
0clk
0rst
0_02_
0_10_
1_03_
1_11_
1_04_
1_05_
0count[0]
1count[1]
1count[2]
1count[3]
#5886
0clk
0rst
1_02_
0_10_
1_03_
1_11_
1_04_
1_05_
1count[0]
1count[1]
1count[2]
1count[3]
#5887
0clk
0rst
0_02_
1_10_
0_03_
0_11_
0_04_
0_05_
0count[0]
0count[1]
0count[2]
0count[3]
#5888
0clk
0rst
1_02_
0_10_
0_03_
1_11_
0_04_
0_05_
1count[0]
0count[1]
0count[2]
0count[3]
#5889
0clk
0rst
0_02_
0_10_
1_03_
1_11_
0_04_
0_05_
0count[0]
1count[1]
0count[2]
0count[3]
#5890
0clk
0rst
1_02_
0_10_
1_03_
1_11_
0_04_
0_05_
1count[0]
1count[1]
0count[2]
0count[3]
#5891
0clk
0rst
0_02_
1_10_
0_03_
1_11_
1_04_
0_05_
0count[0]
0count[1]
1count[2]
0count[3]
#5892
0clk
0rst
1_02_
0_10_
0_03_
1_11_
1_04_
0_05_
1count[0]
0count[1]
1count[2]
0count[3]
#5893
0clk
0rst
0_02_
0_10_
1_03_
1_11_
1_04_
0_05_
0count[0]
1count[1]
1count[2]
0count[3]
#5894
0clk
0rst
1_02_
0_10_
1_03_
1_11_
1_04_
0_05_
1count[0]
1count[1]
1count[2]
0count[3]
#5895
0clk
0rst
0_02_
1_10_
0_03_
0_11_
0_04_
1_05_
0count[0]
0count[1]
0count[2]
1count[3]
#5896
0clk
0rst
1_02_
0_10_
0_03_
1_11_
0_04_
1_05_
1count[0]
0count[1]
0count[2]
1count[3]
#5897
0clk
0rst
0_02_
0_10_
1_03_
1_11_
0_04_
1_05_
0count[0]
1count[1]
0count[2]
1count[3]
#5898
0clk
0rst
1_02_
0_10_
1_03_
1_11_
0_04_
1_05_
1count[0]
1count[1]
0count[2]
1count[3]
#5899
0clk
0rst
0_02_
1_10_
0_03_
1_11_
1_04_
1_05_
0count[0]
0count[1]
1count[2]
1count[3]
#5900
0clk
0rst
1_02_
0_10_
0_03_
1_11_
1_04_
1_05_
1count[0]
0count[1]
1count[2]
1count[3]
#5901
0clk
0rst
0_02_
0_10_
1_03_
1_11_
1_04_
1_05_
0count[0]
1count[1]
1count[2]
1count[3]
#5902
0clk
0rst
1_02_
0_10_
1_03_
1_11_
1_04_
1_05_
1count[0]
1count[1]
1count[2]
1count[3]
#5903
0clk
0rst
0_02_
1_10_
0_03_
0_11_
0_04_
0_05_
0count[0]
0count[1]
0count[2]
0count[3]
#5904
0clk
0rst
1_02_
0_10_
0_03_
1_11_
0_04_
0_05_
1count[0]
0count[1]
0count[2]
0count[3]
#5905
0clk
0rst
0_02_
0_10_
1_03_
1_11_
0_04_
0_05_
0count[0]
1count[1]
0count[2]
0count[3]
#5906
0clk
0rst
1_02_
0_10_
1_03_
1_11_
0_04_
0_05_
1count[0]
1count[1]
0count[2]
0count[3]
#5907
0clk
0rst
0_02_
1_10_
0_03_
1_11_
1_04_
0_05_
0count[0]
0count[1]
1count[2]
0count[3]
#5908
0clk
0rst
1_02_
0_10_
0_03_
1_11_
1_04_
0_05_
1count[0]
0count[1]
1count[2]
0count[3]
#5909
0clk
0rst
0_02_
0_10_
1_03_
1_11_
1_04_
0_05_
0count[0]
1count[1]
1count[2]
0count[3]
#5910
0clk
0rst
1_02_
0_10_
1_03_
1_11_
1_04_
0_05_
1count[0]
1count[1]
1count[2]
0count[3]
#5911
0clk
0rst
0_02_
1_10_
0_03_
0_11_
0_04_
1_05_
0count[0]
0count[1]
0count[2]
1count[3]
#5912
0clk
0rst
1_02_
0_10_
0_03_
1_11_
0_04_
1_05_
1count[0]
0count[1]
0count[2]
1count[3]
#5913
0clk
0rst
0_02_
0_10_
1_03_
1_11_
0_04_
1_05_
0count[0]
1count[1]
0count[2]
1count[3]
#5914
0clk
0rst
1_02_
0_10_
1_03_
1_11_
0_04_
1_05_
1count[0]
1count[1]
0count[2]
1count[3]
#5915
0clk
0rst
0_02_
1_10_
0_03_
1_11_
1_04_
1_05_
0count[0]
0count[1]
1count[2]
1count[3]
#5916
0clk
0rst
1_02_
0_10_
0_03_
1_11_
1_04_
1_05_
1count[0]
0count[1]
1count[2]
1count[3]
#5917
0clk
0rst
0_02_
0_10_
1_03_
1_11_
1_04_
1_05_
0count[0]
1count[1]
1count[2]
1count[3]
#5918
0clk
0rst
1_02_
0_10_
1_03_
1_11_
1_04_
1_05_
1count[0]
1count[1]
1count[2]
1count[3]
#5919
0clk
0rst
0_02_
1_10_
0_03_
0_11_
0_04_
0_05_
0count[0]
0count[1]
0count[2]
0count[3]
#5920
0clk
0rst
1_02_
0_10_
0_03_
1_11_
0_04_
0_05_
1count[0]
0count[1]
0count[2]
0count[3]
#5921
0clk
0rst
0_02_
0_10_
1_03_
1_11_
0_04_
0_05_
0count[0]
1count[1]
0count[2]
0count[3]
#5922
0clk
0rst
1_02_
0_10_
1_03_
1_11_
0_04_
0_05_
1count[0]
1count[1]
0count[2]
0count[3]
#5923
0clk
0rst
0_02_
1_10_
0_03_
1_11_
1_04_
0_05_
0count[0]
0count[1]
1count[2]
0count[3]
#5924
0clk
0rst
1_02_
0_10_
0_03_
1_11_
1_04_
0_05_
1count[0]
0count[1]
1count[2]
0count[3]
#5925
0clk
0rst
0_02_
0_10_
1_03_
1_11_
1_04_
0_05_
0count[0]
1count[1]
1count[2]
0count[3]
#5926
0clk
0rst
1_02_
0_10_
1_03_
1_11_
1_04_
0_05_
1count[0]
1count[1]
1count[2]
0count[3]
#5927
0clk
0rst
0_02_
1_10_
0_03_
0_11_
0_04_
1_05_
0count[0]
0count[1]
0count[2]
1count[3]
#5928
0clk
0rst
1_02_
0_10_
0_03_
1_11_
0_04_
1_05_
1count[0]
0count[1]
0count[2]
1count[3]
#5929
0clk
0rst
0_02_
0_10_
1_03_
1_11_
0_04_
1_05_
0count[0]
1count[1]
0count[2]
1count[3]
#5930
0clk
0rst
1_02_
0_10_
1_03_
1_11_
0_04_
1_05_
1count[0]
1count[1]
0count[2]
1count[3]
#5931
0clk
0rst
0_02_
1_10_
0_03_
1_11_
1_04_
1_05_
0count[0]
0count[1]
1count[2]
1count[3]
#5932
0clk
0rst
1_02_
0_10_
0_03_
1_11_
1_04_
1_05_
1count[0]
0count[1]
1count[2]
1count[3]
#5933
0clk
0rst
0_02_
0_10_
1_03_
1_11_
1_04_
1_05_
0count[0]
1count[1]
1count[2]
1count[3]
#5934
0clk
0rst
1_02_
0_10_
1_03_
1_11_
1_04_
1_05_
1count[0]
1count[1]
1count[2]
1count[3]
#5935
0clk
0rst
0_02_
1_10_
0_03_
0_11_
0_04_
0_05_
0count[0]
0count[1]
0count[2]
0count[3]
#5936
0clk
0rst
1_02_
0_10_
0_03_
1_11_
0_04_
0_05_
1count[0]
0count[1]
0count[2]
0count[3]
#5937
0clk
0rst
0_02_
0_10_
1_03_
1_11_
0_04_
0_05_
0count[0]
1count[1]
0count[2]
0count[3]
#5938
0clk
0rst
1_02_
0_10_
1_03_
1_11_
0_04_
0_05_
1count[0]
1count[1]
0count[2]
0count[3]
#5939
0clk
0rst
0_02_
1_10_
0_03_
1_11_
1_04_
0_05_
0count[0]
0count[1]
1count[2]
0count[3]
#5940
0clk
0rst
1_02_
0_10_
0_03_
1_11_
1_04_
0_05_
1count[0]
0count[1]
1count[2]
0count[3]
#5941
0clk
0rst
0_02_
0_10_
1_03_
1_11_
1_04_
0_05_
0count[0]
1count[1]
1count[2]
0count[3]
#5942
0clk
0rst
1_02_
0_10_
1_03_
1_11_
1_04_
0_05_
1count[0]
1count[1]
1count[2]
0count[3]
#5943
0clk
0rst
0_02_
1_10_
0_03_
0_11_
0_04_
1_05_
0count[0]
0count[1]
0count[2]
1count[3]
#5944
0clk
0rst
1_02_
0_10_
0_03_
1_11_
0_04_
1_05_
1count[0]
0count[1]
0count[2]
1count[3]
#5945
0clk
0rst
0_02_
0_10_
1_03_
1_11_
0_04_
1_05_
0count[0]
1count[1]
0count[2]
1count[3]
#5946
0clk
0rst
1_02_
0_10_
1_03_
1_11_
0_04_
1_05_
1count[0]
1count[1]
0count[2]
1count[3]
#5947
0clk
0rst
0_02_
1_10_
0_03_
1_11_
1_04_
1_05_
0count[0]
0count[1]
1count[2]
1count[3]
#5948
0clk
0rst
1_02_
0_10_
0_03_
1_11_
1_04_
1_05_
1count[0]
0count[1]
1count[2]
1count[3]
#5949
0clk
0rst
0_02_
0_10_
1_03_
1_11_
1_04_
1_05_
0count[0]
1count[1]
1count[2]
1count[3]
#5950
0clk
0rst
1_02_
0_10_
1_03_
1_11_
1_04_
1_05_
1count[0]
1count[1]
1count[2]
1count[3]
#5951
0clk
0rst
0_02_
1_10_
0_03_
0_11_
0_04_
0_05_
0count[0]
0count[1]
0count[2]
0count[3]
#5952
0clk
0rst
1_02_
0_10_
0_03_
1_11_
0_04_
0_05_
1count[0]
0count[1]
0count[2]
0count[3]
#5953
0clk
0rst
0_02_
0_10_
1_03_
1_11_
0_04_
0_05_
0count[0]
1count[1]
0count[2]
0count[3]
#5954
0clk
0rst
1_02_
0_10_
1_03_
1_11_
0_04_
0_05_
1count[0]
1count[1]
0count[2]
0count[3]
#5955
0clk
0rst
0_02_
1_10_
0_03_
1_11_
1_04_
0_05_
0count[0]
0count[1]
1count[2]
0count[3]
#5956
0clk
0rst
1_02_
0_10_
0_03_
1_11_
1_04_
0_05_
1count[0]
0count[1]
1count[2]
0count[3]
#5957
0clk
0rst
0_02_
0_10_
1_03_
1_11_
1_04_
0_05_
0count[0]
1count[1]
1count[2]
0count[3]
#5958
0clk
0rst
1_02_
0_10_
1_03_
1_11_
1_04_
0_05_
1count[0]
1count[1]
1count[2]
0count[3]
#5959
0clk
0rst
0_02_
1_10_
0_03_
0_11_
0_04_
1_05_
0count[0]
0count[1]
0count[2]
1count[3]
#5960
0clk
0rst
1_02_
0_10_
0_03_
1_11_
0_04_
1_05_
1count[0]
0count[1]
0count[2]
1count[3]
#5961
0clk
0rst
0_02_
0_10_
1_03_
1_11_
0_04_
1_05_
0count[0]
1count[1]
0count[2]
1count[3]
#5962
0clk
0rst
1_02_
0_10_
1_03_
1_11_
0_04_
1_05_
1count[0]
1count[1]
0count[2]
1count[3]
#5963
0clk
0rst
0_02_
1_10_
0_03_
1_11_
1_04_
1_05_
0count[0]
0count[1]
1count[2]
1count[3]
#5964
0clk
0rst
1_02_
0_10_
0_03_
1_11_
1_04_
1_05_
1count[0]
0count[1]
1count[2]
1count[3]
#5965
0clk
0rst
0_02_
0_10_
1_03_
1_11_
1_04_
1_05_
0count[0]
1count[1]
1count[2]
1count[3]
#5966
0clk
0rst
1_02_
0_10_
1_03_
1_11_
1_04_
1_05_
1count[0]
1count[1]
1count[2]
1count[3]
#5967
0clk
0rst
0_02_
1_10_
0_03_
0_11_
0_04_
0_05_
0count[0]
0count[1]
0count[2]
0count[3]
#5968
0clk
0rst
1_02_
0_10_
0_03_
1_11_
0_04_
0_05_
1count[0]
0count[1]
0count[2]
0count[3]
#5969
0clk
0rst
0_02_
0_10_
1_03_
1_11_
0_04_
0_05_
0count[0]
1count[1]
0count[2]
0count[3]
#5970
0clk
0rst
1_02_
0_10_
1_03_
1_11_
0_04_
0_05_
1count[0]
1count[1]
0count[2]
0count[3]
#5971
0clk
0rst
0_02_
1_10_
0_03_
1_11_
1_04_
0_05_
0count[0]
0count[1]
1count[2]
0count[3]
#5972
0clk
0rst
1_02_
0_10_
0_03_
1_11_
1_04_
0_05_
1count[0]
0count[1]
1count[2]
0count[3]
#5973
0clk
0rst
0_02_
0_10_
1_03_
1_11_
1_04_
0_05_
0count[0]
1count[1]
1count[2]
0count[3]
#5974
0clk
0rst
1_02_
0_10_
1_03_
1_11_
1_04_
0_05_
1count[0]
1count[1]
1count[2]
0count[3]
#5975
0clk
0rst
0_02_
1_10_
0_03_
0_11_
0_04_
1_05_
0count[0]
0count[1]
0count[2]
1count[3]
#5976
0clk
0rst
1_02_
0_10_
0_03_
1_11_
0_04_
1_05_
1count[0]
0count[1]
0count[2]
1count[3]
#5977
0clk
0rst
0_02_
0_10_
1_03_
1_11_
0_04_
1_05_
0count[0]
1count[1]
0count[2]
1count[3]
#5978
0clk
0rst
1_02_
0_10_
1_03_
1_11_
0_04_
1_05_
1count[0]
1count[1]
0count[2]
1count[3]
#5979
0clk
0rst
0_02_
1_10_
0_03_
1_11_
1_04_
1_05_
0count[0]
0count[1]
1count[2]
1count[3]
#5980
0clk
0rst
1_02_
0_10_
0_03_
1_11_
1_04_
1_05_
1count[0]
0count[1]
1count[2]
1count[3]
#5981
0clk
0rst
0_02_
0_10_
1_03_
1_11_
1_04_
1_05_
0count[0]
1count[1]
1count[2]
1count[3]
#5982
0clk
0rst
1_02_
0_10_
1_03_
1_11_
1_04_
1_05_
1count[0]
1count[1]
1count[2]
1count[3]
#5983
0clk
0rst
0_02_
1_10_
0_03_
0_11_
0_04_
0_05_
0count[0]
0count[1]
0count[2]
0count[3]
#5984
0clk
0rst
1_02_
0_10_
0_03_
1_11_
0_04_
0_05_
1count[0]
0count[1]
0count[2]
0count[3]
#5985
0clk
0rst
0_02_
0_10_
1_03_
1_11_
0_04_
0_05_
0count[0]
1count[1]
0count[2]
0count[3]
#5986
0clk
0rst
1_02_
0_10_
1_03_
1_11_
0_04_
0_05_
1count[0]
1count[1]
0count[2]
0count[3]
#5987
0clk
0rst
0_02_
1_10_
0_03_
1_11_
1_04_
0_05_
0count[0]
0count[1]
1count[2]
0count[3]
#5988
0clk
0rst
1_02_
0_10_
0_03_
1_11_
1_04_
0_05_
1count[0]
0count[1]
1count[2]
0count[3]
#5989
0clk
0rst
0_02_
0_10_
1_03_
1_11_
1_04_
0_05_
0count[0]
1count[1]
1count[2]
0count[3]
#5990
0clk
0rst
1_02_
0_10_
1_03_
1_11_
1_04_
0_05_
1count[0]
1count[1]
1count[2]
0count[3]
#5991
0clk
0rst
0_02_
1_10_
0_03_
0_11_
0_04_
1_05_
0count[0]
0count[1]
0count[2]
1count[3]
#5992
0clk
0rst
1_02_
0_10_
0_03_
1_11_
0_04_
1_05_
1count[0]
0count[1]
0count[2]
1count[3]
#5993
0clk
0rst
0_02_
0_10_
1_03_
1_11_
0_04_
1_05_
0count[0]
1count[1]
0count[2]
1count[3]
#5994
0clk
0rst
1_02_
0_10_
1_03_
1_11_
0_04_
1_05_
1count[0]
1count[1]
0count[2]
1count[3]
#5995
0clk
0rst
0_02_
1_10_
0_03_
1_11_
1_04_
1_05_
0count[0]
0count[1]
1count[2]
1count[3]
#5996
0clk
0rst
1_02_
0_10_
0_03_
1_11_
1_04_
1_05_
1count[0]
0count[1]
1count[2]
1count[3]
#5997
0clk
0rst
0_02_
0_10_
1_03_
1_11_
1_04_
1_05_
0count[0]
1count[1]
1count[2]
1count[3]
#5998
0clk
0rst
1_02_
0_10_
1_03_
1_11_
1_04_
1_05_
1count[0]
1count[1]
1count[2]
1count[3]
#5999
0clk
0rst
0_02_
1_10_
0_03_
0_11_
0_04_
0_05_
0count[0]
0count[1]
0count[2]
0count[3]
#6000
0clk
0rst
1_02_
0_10_
0_03_
1_11_
0_04_
0_05_
1count[0]
0count[1]
0count[2]
0count[3]
#6001
0clk
0rst
0_02_
0_10_
1_03_
1_11_
0_04_
0_05_
0count[0]
1count[1]
0count[2]
0count[3]
#6002
0clk
0rst
1_02_
0_10_
1_03_
1_11_
0_04_
0_05_
1count[0]
1count[1]
0count[2]
0count[3]
#6003
0clk
0rst
0_02_
1_10_
0_03_
1_11_
1_04_
0_05_
0count[0]
0count[1]
1count[2]
0count[3]
#6004
0clk
0rst
1_02_
0_10_
0_03_
1_11_
1_04_
0_05_
1count[0]
0count[1]
1count[2]
0count[3]
#6005
0clk
0rst
0_02_
0_10_
1_03_
1_11_
1_04_
0_05_
0count[0]
1count[1]
1count[2]
0count[3]
#6006
0clk
0rst
1_02_
0_10_
1_03_
1_11_
1_04_
0_05_
1count[0]
1count[1]
1count[2]
0count[3]
#6007
0clk
0rst
0_02_
1_10_
0_03_
0_11_
0_04_
1_05_
0count[0]
0count[1]
0count[2]
1count[3]
#6008
0clk
0rst
1_02_
0_10_
0_03_
1_11_
0_04_
1_05_
1count[0]
0count[1]
0count[2]
1count[3]
#6009
0clk
0rst
0_02_
0_10_
1_03_
1_11_
0_04_
1_05_
0count[0]
1count[1]
0count[2]
1count[3]
#6010
0clk
0rst
1_02_
0_10_
1_03_
1_11_
0_04_
1_05_
1count[0]
1count[1]
0count[2]
1count[3]
#6011
0clk
0rst
0_02_
1_10_
0_03_
1_11_
1_04_
1_05_
0count[0]
0count[1]
1count[2]
1count[3]
#6012
0clk
0rst
1_02_
0_10_
0_03_
1_11_
1_04_
1_05_
1count[0]
0count[1]
1count[2]
1count[3]
#6013
0clk
0rst
0_02_
0_10_
1_03_
1_11_
1_04_
1_05_
0count[0]
1count[1]
1count[2]
1count[3]
#6014
0clk
0rst
1_02_
0_10_
1_03_
1_11_
1_04_
1_05_
1count[0]
1count[1]
1count[2]
1count[3]
#6015
0clk
0rst
0_02_
1_10_
0_03_
0_11_
0_04_
0_05_
0count[0]
0count[1]
0count[2]
0count[3]
#6016
0clk
0rst
1_02_
0_10_
0_03_
1_11_
0_04_
0_05_
1count[0]
0count[1]
0count[2]
0count[3]
#6017
0clk
0rst
0_02_
0_10_
1_03_
1_11_
0_04_
0_05_
0count[0]
1count[1]
0count[2]
0count[3]
#6018
0clk
0rst
1_02_
0_10_
1_03_
1_11_
0_04_
0_05_
1count[0]
1count[1]
0count[2]
0count[3]
#6019
0clk
0rst
0_02_
1_10_
0_03_
1_11_
1_04_
0_05_
0count[0]
0count[1]
1count[2]
0count[3]
#6020
0clk
0rst
1_02_
0_10_
0_03_
1_11_
1_04_
0_05_
1count[0]
0count[1]
1count[2]
0count[3]
#6021
0clk
0rst
0_02_
0_10_
1_03_
1_11_
1_04_
0_05_
0count[0]
1count[1]
1count[2]
0count[3]
#6022
0clk
0rst
1_02_
0_10_
1_03_
1_11_
1_04_
0_05_
1count[0]
1count[1]
1count[2]
0count[3]
#6023
0clk
0rst
0_02_
1_10_
0_03_
0_11_
0_04_
1_05_
0count[0]
0count[1]
0count[2]
1count[3]
#6024
0clk
0rst
1_02_
0_10_
0_03_
1_11_
0_04_
1_05_
1count[0]
0count[1]
0count[2]
1count[3]
#6025
0clk
0rst
0_02_
0_10_
1_03_
1_11_
0_04_
1_05_
0count[0]
1count[1]
0count[2]
1count[3]
#6026
0clk
0rst
1_02_
0_10_
1_03_
1_11_
0_04_
1_05_
1count[0]
1count[1]
0count[2]
1count[3]
#6027
0clk
0rst
0_02_
1_10_
0_03_
1_11_
1_04_
1_05_
0count[0]
0count[1]
1count[2]
1count[3]
#6028
0clk
0rst
1_02_
0_10_
0_03_
1_11_
1_04_
1_05_
1count[0]
0count[1]
1count[2]
1count[3]
#6029
0clk
0rst
0_02_
0_10_
1_03_
1_11_
1_04_
1_05_
0count[0]
1count[1]
1count[2]
1count[3]
#6030
0clk
0rst
1_02_
0_10_
1_03_
1_11_
1_04_
1_05_
1count[0]
1count[1]
1count[2]
1count[3]
#6031
0clk
0rst
0_02_
1_10_
0_03_
0_11_
0_04_
0_05_
0count[0]
0count[1]
0count[2]
0count[3]
#6032
0clk
0rst
1_02_
0_10_
0_03_
1_11_
0_04_
0_05_
1count[0]
0count[1]
0count[2]
0count[3]
#6033
0clk
0rst
0_02_
0_10_
1_03_
1_11_
0_04_
0_05_
0count[0]
1count[1]
0count[2]
0count[3]
#6034
0clk
0rst
1_02_
0_10_
1_03_
1_11_
0_04_
0_05_
1count[0]
1count[1]
0count[2]
0count[3]
#6035
0clk
0rst
0_02_
1_10_
0_03_
1_11_
1_04_
0_05_
0count[0]
0count[1]
1count[2]
0count[3]
#6036
0clk
0rst
1_02_
0_10_
0_03_
1_11_
1_04_
0_05_
1count[0]
0count[1]
1count[2]
0count[3]
#6037
0clk
0rst
0_02_
0_10_
1_03_
1_11_
1_04_
0_05_
0count[0]
1count[1]
1count[2]
0count[3]
#6038
0clk
0rst
1_02_
0_10_
1_03_
1_11_
1_04_
0_05_
1count[0]
1count[1]
1count[2]
0count[3]
#6039
0clk
0rst
0_02_
1_10_
0_03_
0_11_
0_04_
1_05_
0count[0]
0count[1]
0count[2]
1count[3]
#6040
0clk
0rst
1_02_
0_10_
0_03_
1_11_
0_04_
1_05_
1count[0]
0count[1]
0count[2]
1count[3]
#6041
0clk
0rst
0_02_
0_10_
1_03_
1_11_
0_04_
1_05_
0count[0]
1count[1]
0count[2]
1count[3]
#6042
0clk
0rst
1_02_
0_10_
1_03_
1_11_
0_04_
1_05_
1count[0]
1count[1]
0count[2]
1count[3]
#6043
0clk
0rst
0_02_
1_10_
0_03_
1_11_
1_04_
1_05_
0count[0]
0count[1]
1count[2]
1count[3]
#6044
0clk
0rst
1_02_
0_10_
0_03_
1_11_
1_04_
1_05_
1count[0]
0count[1]
1count[2]
1count[3]
#6045
0clk
0rst
0_02_
0_10_
1_03_
1_11_
1_04_
1_05_
0count[0]
1count[1]
1count[2]
1count[3]
#6046
0clk
0rst
1_02_
0_10_
1_03_
1_11_
1_04_
1_05_
1count[0]
1count[1]
1count[2]
1count[3]
#6047
0clk
0rst
0_02_
1_10_
0_03_
0_11_
0_04_
0_05_
0count[0]
0count[1]
0count[2]
0count[3]
#6048
0clk
0rst
1_02_
0_10_
0_03_
1_11_
0_04_
0_05_
1count[0]
0count[1]
0count[2]
0count[3]
#6049
0clk
0rst
0_02_
0_10_
1_03_
1_11_
0_04_
0_05_
0count[0]
1count[1]
0count[2]
0count[3]
#6050
0clk
0rst
1_02_
0_10_
1_03_
1_11_
0_04_
0_05_
1count[0]
1count[1]
0count[2]
0count[3]
#6051
0clk
0rst
0_02_
1_10_
0_03_
1_11_
1_04_
0_05_
0count[0]
0count[1]
1count[2]
0count[3]
#6052
0clk
0rst
1_02_
0_10_
0_03_
1_11_
1_04_
0_05_
1count[0]
0count[1]
1count[2]
0count[3]
#6053
0clk
0rst
0_02_
0_10_
1_03_
1_11_
1_04_
0_05_
0count[0]
1count[1]
1count[2]
0count[3]
#6054
0clk
0rst
1_02_
0_10_
1_03_
1_11_
1_04_
0_05_
1count[0]
1count[1]
1count[2]
0count[3]
#6055
0clk
0rst
0_02_
1_10_
0_03_
0_11_
0_04_
1_05_
0count[0]
0count[1]
0count[2]
1count[3]
#6056
0clk
0rst
1_02_
0_10_
0_03_
1_11_
0_04_
1_05_
1count[0]
0count[1]
0count[2]
1count[3]
#6057
0clk
0rst
0_02_
0_10_
1_03_
1_11_
0_04_
1_05_
0count[0]
1count[1]
0count[2]
1count[3]
#6058
0clk
0rst
1_02_
0_10_
1_03_
1_11_
0_04_
1_05_
1count[0]
1count[1]
0count[2]
1count[3]
#6059
0clk
0rst
0_02_
1_10_
0_03_
1_11_
1_04_
1_05_
0count[0]
0count[1]
1count[2]
1count[3]
#6060
0clk
0rst
1_02_
0_10_
0_03_
1_11_
1_04_
1_05_
1count[0]
0count[1]
1count[2]
1count[3]
#6061
0clk
0rst
0_02_
0_10_
1_03_
1_11_
1_04_
1_05_
0count[0]
1count[1]
1count[2]
1count[3]
#6062
0clk
0rst
1_02_
0_10_
1_03_
1_11_
1_04_
1_05_
1count[0]
1count[1]
1count[2]
1count[3]
#6063
0clk
0rst
0_02_
1_10_
0_03_
0_11_
0_04_
0_05_
0count[0]
0count[1]
0count[2]
0count[3]
#6064
0clk
0rst
1_02_
0_10_
0_03_
1_11_
0_04_
0_05_
1count[0]
0count[1]
0count[2]
0count[3]
#6065
0clk
0rst
0_02_
0_10_
1_03_
1_11_
0_04_
0_05_
0count[0]
1count[1]
0count[2]
0count[3]
#6066
0clk
0rst
1_02_
0_10_
1_03_
1_11_
0_04_
0_05_
1count[0]
1count[1]
0count[2]
0count[3]
#6067
0clk
0rst
0_02_
1_10_
0_03_
1_11_
1_04_
0_05_
0count[0]
0count[1]
1count[2]
0count[3]
#6068
0clk
0rst
1_02_
0_10_
0_03_
1_11_
1_04_
0_05_
1count[0]
0count[1]
1count[2]
0count[3]
#6069
0clk
0rst
0_02_
0_10_
1_03_
1_11_
1_04_
0_05_
0count[0]
1count[1]
1count[2]
0count[3]
#6070
0clk
0rst
1_02_
0_10_
1_03_
1_11_
1_04_
0_05_
1count[0]
1count[1]
1count[2]
0count[3]
#6071
0clk
0rst
0_02_
1_10_
0_03_
0_11_
0_04_
1_05_
0count[0]
0count[1]
0count[2]
1count[3]
#6072
0clk
0rst
1_02_
0_10_
0_03_
1_11_
0_04_
1_05_
1count[0]
0count[1]
0count[2]
1count[3]
#6073
0clk
0rst
0_02_
0_10_
1_03_
1_11_
0_04_
1_05_
0count[0]
1count[1]
0count[2]
1count[3]
#6074
0clk
0rst
1_02_
0_10_
1_03_
1_11_
0_04_
1_05_
1count[0]
1count[1]
0count[2]
1count[3]
#6075
0clk
0rst
0_02_
1_10_
0_03_
1_11_
1_04_
1_05_
0count[0]
0count[1]
1count[2]
1count[3]
#6076
0clk
0rst
1_02_
0_10_
0_03_
1_11_
1_04_
1_05_
1count[0]
0count[1]
1count[2]
1count[3]
#6077
0clk
0rst
0_02_
0_10_
1_03_
1_11_
1_04_
1_05_
0count[0]
1count[1]
1count[2]
1count[3]
#6078
0clk
0rst
1_02_
0_10_
1_03_
1_11_
1_04_
1_05_
1count[0]
1count[1]
1count[2]
1count[3]
#6079
0clk
0rst
0_02_
1_10_
0_03_
0_11_
0_04_
0_05_
0count[0]
0count[1]
0count[2]
0count[3]
#6080
0clk
0rst
1_02_
0_10_
0_03_
1_11_
0_04_
0_05_
1count[0]
0count[1]
0count[2]
0count[3]
#6081
0clk
0rst
0_02_
0_10_
1_03_
1_11_
0_04_
0_05_
0count[0]
1count[1]
0count[2]
0count[3]
#6082
0clk
0rst
1_02_
0_10_
1_03_
1_11_
0_04_
0_05_
1count[0]
1count[1]
0count[2]
0count[3]
#6083
0clk
0rst
0_02_
1_10_
0_03_
1_11_
1_04_
0_05_
0count[0]
0count[1]
1count[2]
0count[3]
#6084
0clk
0rst
1_02_
0_10_
0_03_
1_11_
1_04_
0_05_
1count[0]
0count[1]
1count[2]
0count[3]
#6085
0clk
0rst
0_02_
0_10_
1_03_
1_11_
1_04_
0_05_
0count[0]
1count[1]
1count[2]
0count[3]
#6086
0clk
0rst
1_02_
0_10_
1_03_
1_11_
1_04_
0_05_
1count[0]
1count[1]
1count[2]
0count[3]
#6087
0clk
0rst
0_02_
1_10_
0_03_
0_11_
0_04_
1_05_
0count[0]
0count[1]
0count[2]
1count[3]
#6088
0clk
0rst
1_02_
0_10_
0_03_
1_11_
0_04_
1_05_
1count[0]
0count[1]
0count[2]
1count[3]
#6089
0clk
0rst
0_02_
0_10_
1_03_
1_11_
0_04_
1_05_
0count[0]
1count[1]
0count[2]
1count[3]
#6090
0clk
0rst
1_02_
0_10_
1_03_
1_11_
0_04_
1_05_
1count[0]
1count[1]
0count[2]
1count[3]
#6091
0clk
0rst
0_02_
1_10_
0_03_
1_11_
1_04_
1_05_
0count[0]
0count[1]
1count[2]
1count[3]
#6092
0clk
0rst
1_02_
0_10_
0_03_
1_11_
1_04_
1_05_
1count[0]
0count[1]
1count[2]
1count[3]
#6093
0clk
0rst
0_02_
0_10_
1_03_
1_11_
1_04_
1_05_
0count[0]
1count[1]
1count[2]
1count[3]
#6094
0clk
0rst
1_02_
0_10_
1_03_
1_11_
1_04_
1_05_
1count[0]
1count[1]
1count[2]
1count[3]
#6095
0clk
0rst
0_02_
1_10_
0_03_
0_11_
0_04_
0_05_
0count[0]
0count[1]
0count[2]
0count[3]
#6096
0clk
0rst
1_02_
0_10_
0_03_
1_11_
0_04_
0_05_
1count[0]
0count[1]
0count[2]
0count[3]
#6097
0clk
0rst
0_02_
0_10_
1_03_
1_11_
0_04_
0_05_
0count[0]
1count[1]
0count[2]
0count[3]
#6098
0clk
0rst
1_02_
0_10_
1_03_
1_11_
0_04_
0_05_
1count[0]
1count[1]
0count[2]
0count[3]
#6099
0clk
0rst
0_02_
1_10_
0_03_
1_11_
1_04_
0_05_
0count[0]
0count[1]
1count[2]
0count[3]
#6100
0clk
0rst
1_02_
0_10_
0_03_
1_11_
1_04_
0_05_
1count[0]
0count[1]
1count[2]
0count[3]
#6101
0clk
0rst
0_02_
0_10_
1_03_
1_11_
1_04_
0_05_
0count[0]
1count[1]
1count[2]
0count[3]
#6102
0clk
0rst
1_02_
0_10_
1_03_
1_11_
1_04_
0_05_
1count[0]
1count[1]
1count[2]
0count[3]
#6103
0clk
0rst
0_02_
1_10_
0_03_
0_11_
0_04_
1_05_
0count[0]
0count[1]
0count[2]
1count[3]
#6104
0clk
0rst
1_02_
0_10_
0_03_
1_11_
0_04_
1_05_
1count[0]
0count[1]
0count[2]
1count[3]
#6105
0clk
0rst
0_02_
0_10_
1_03_
1_11_
0_04_
1_05_
0count[0]
1count[1]
0count[2]
1count[3]
#6106
0clk
0rst
1_02_
0_10_
1_03_
1_11_
0_04_
1_05_
1count[0]
1count[1]
0count[2]
1count[3]
#6107
0clk
0rst
0_02_
1_10_
0_03_
1_11_
1_04_
1_05_
0count[0]
0count[1]
1count[2]
1count[3]
#6108
0clk
0rst
1_02_
0_10_
0_03_
1_11_
1_04_
1_05_
1count[0]
0count[1]
1count[2]
1count[3]
#6109
0clk
0rst
0_02_
0_10_
1_03_
1_11_
1_04_
1_05_
0count[0]
1count[1]
1count[2]
1count[3]
#6110
0clk
0rst
1_02_
0_10_
1_03_
1_11_
1_04_
1_05_
1count[0]
1count[1]
1count[2]
1count[3]
#6111
0clk
0rst
0_02_
1_10_
0_03_
0_11_
0_04_
0_05_
0count[0]
0count[1]
0count[2]
0count[3]
#6112
0clk
0rst
1_02_
0_10_
0_03_
1_11_
0_04_
0_05_
1count[0]
0count[1]
0count[2]
0count[3]
#6113
0clk
0rst
0_02_
0_10_
1_03_
1_11_
0_04_
0_05_
0count[0]
1count[1]
0count[2]
0count[3]
#6114
0clk
0rst
1_02_
0_10_
1_03_
1_11_
0_04_
0_05_
1count[0]
1count[1]
0count[2]
0count[3]
#6115
0clk
0rst
0_02_
1_10_
0_03_
1_11_
1_04_
0_05_
0count[0]
0count[1]
1count[2]
0count[3]
#6116
0clk
0rst
1_02_
0_10_
0_03_
1_11_
1_04_
0_05_
1count[0]
0count[1]
1count[2]
0count[3]
#6117
0clk
0rst
0_02_
0_10_
1_03_
1_11_
1_04_
0_05_
0count[0]
1count[1]
1count[2]
0count[3]
#6118
0clk
0rst
1_02_
0_10_
1_03_
1_11_
1_04_
0_05_
1count[0]
1count[1]
1count[2]
0count[3]
#6119
0clk
0rst
0_02_
1_10_
0_03_
0_11_
0_04_
1_05_
0count[0]
0count[1]
0count[2]
1count[3]
#6120
0clk
0rst
1_02_
0_10_
0_03_
1_11_
0_04_
1_05_
1count[0]
0count[1]
0count[2]
1count[3]
#6121
0clk
0rst
0_02_
0_10_
1_03_
1_11_
0_04_
1_05_
0count[0]
1count[1]
0count[2]
1count[3]
#6122
0clk
0rst
1_02_
0_10_
1_03_
1_11_
0_04_
1_05_
1count[0]
1count[1]
0count[2]
1count[3]
#6123
0clk
0rst
0_02_
1_10_
0_03_
1_11_
1_04_
1_05_
0count[0]
0count[1]
1count[2]
1count[3]
#6124
0clk
0rst
1_02_
0_10_
0_03_
1_11_
1_04_
1_05_
1count[0]
0count[1]
1count[2]
1count[3]
#6125
0clk
0rst
0_02_
0_10_
1_03_
1_11_
1_04_
1_05_
0count[0]
1count[1]
1count[2]
1count[3]
#6126
0clk
0rst
1_02_
0_10_
1_03_
1_11_
1_04_
1_05_
1count[0]
1count[1]
1count[2]
1count[3]
#6127
0clk
0rst
0_02_
1_10_
0_03_
0_11_
0_04_
0_05_
0count[0]
0count[1]
0count[2]
0count[3]
#6128
0clk
0rst
1_02_
0_10_
0_03_
1_11_
0_04_
0_05_
1count[0]
0count[1]
0count[2]
0count[3]
#6129
0clk
0rst
0_02_
0_10_
1_03_
1_11_
0_04_
0_05_
0count[0]
1count[1]
0count[2]
0count[3]
#6130
0clk
0rst
1_02_
0_10_
1_03_
1_11_
0_04_
0_05_
1count[0]
1count[1]
0count[2]
0count[3]
#6131
0clk
0rst
0_02_
1_10_
0_03_
1_11_
1_04_
0_05_
0count[0]
0count[1]
1count[2]
0count[3]
#6132
0clk
0rst
1_02_
0_10_
0_03_
1_11_
1_04_
0_05_
1count[0]
0count[1]
1count[2]
0count[3]
#6133
0clk
0rst
0_02_
0_10_
1_03_
1_11_
1_04_
0_05_
0count[0]
1count[1]
1count[2]
0count[3]
#6134
0clk
0rst
1_02_
0_10_
1_03_
1_11_
1_04_
0_05_
1count[0]
1count[1]
1count[2]
0count[3]
#6135
0clk
0rst
0_02_
1_10_
0_03_
0_11_
0_04_
1_05_
0count[0]
0count[1]
0count[2]
1count[3]
#6136
0clk
0rst
1_02_
0_10_
0_03_
1_11_
0_04_
1_05_
1count[0]
0count[1]
0count[2]
1count[3]
#6137
0clk
0rst
0_02_
0_10_
1_03_
1_11_
0_04_
1_05_
0count[0]
1count[1]
0count[2]
1count[3]
#6138
0clk
0rst
1_02_
0_10_
1_03_
1_11_
0_04_
1_05_
1count[0]
1count[1]
0count[2]
1count[3]
#6139
0clk
0rst
0_02_
1_10_
0_03_
1_11_
1_04_
1_05_
0count[0]
0count[1]
1count[2]
1count[3]
#6140
0clk
0rst
1_02_
0_10_
0_03_
1_11_
1_04_
1_05_
1count[0]
0count[1]
1count[2]
1count[3]
#6141
0clk
0rst
0_02_
0_10_
1_03_
1_11_
1_04_
1_05_
0count[0]
1count[1]
1count[2]
1count[3]
#6142
0clk
0rst
1_02_
0_10_
1_03_
1_11_
1_04_
1_05_
1count[0]
1count[1]
1count[2]
1count[3]
#6143
0clk
0rst
0_02_
1_10_
0_03_
0_11_
0_04_
0_05_
0count[0]
0count[1]
0count[2]
0count[3]
#6144
0clk
0rst
1_02_
0_10_
0_03_
1_11_
0_04_
0_05_
1count[0]
0count[1]
0count[2]
0count[3]
#6145
0clk
0rst
0_02_
0_10_
1_03_
1_11_
0_04_
0_05_
0count[0]
1count[1]
0count[2]
0count[3]
#6146
0clk
0rst
1_02_
0_10_
1_03_
1_11_
0_04_
0_05_
1count[0]
1count[1]
0count[2]
0count[3]
#6147
0clk
0rst
0_02_
1_10_
0_03_
1_11_
1_04_
0_05_
0count[0]
0count[1]
1count[2]
0count[3]
#6148
0clk
0rst
1_02_
0_10_
0_03_
1_11_
1_04_
0_05_
1count[0]
0count[1]
1count[2]
0count[3]
#6149
0clk
0rst
0_02_
0_10_
1_03_
1_11_
1_04_
0_05_
0count[0]
1count[1]
1count[2]
0count[3]
#6150
0clk
0rst
1_02_
0_10_
1_03_
1_11_
1_04_
0_05_
1count[0]
1count[1]
1count[2]
0count[3]
#6151
0clk
0rst
0_02_
1_10_
0_03_
0_11_
0_04_
1_05_
0count[0]
0count[1]
0count[2]
1count[3]
#6152
0clk
0rst
1_02_
0_10_
0_03_
1_11_
0_04_
1_05_
1count[0]
0count[1]
0count[2]
1count[3]
#6153
0clk
0rst
0_02_
0_10_
1_03_
1_11_
0_04_
1_05_
0count[0]
1count[1]
0count[2]
1count[3]
#6154
0clk
0rst
1_02_
0_10_
1_03_
1_11_
0_04_
1_05_
1count[0]
1count[1]
0count[2]
1count[3]
#6155
0clk
0rst
0_02_
1_10_
0_03_
1_11_
1_04_
1_05_
0count[0]
0count[1]
1count[2]
1count[3]
#6156
0clk
0rst
1_02_
0_10_
0_03_
1_11_
1_04_
1_05_
1count[0]
0count[1]
1count[2]
1count[3]
#6157
0clk
0rst
0_02_
0_10_
1_03_
1_11_
1_04_
1_05_
0count[0]
1count[1]
1count[2]
1count[3]
#6158
0clk
0rst
1_02_
0_10_
1_03_
1_11_
1_04_
1_05_
1count[0]
1count[1]
1count[2]
1count[3]
#6159
0clk
0rst
0_02_
1_10_
0_03_
0_11_
0_04_
0_05_
0count[0]
0count[1]
0count[2]
0count[3]
#6160
0clk
0rst
1_02_
0_10_
0_03_
1_11_
0_04_
0_05_
1count[0]
0count[1]
0count[2]
0count[3]
#6161
0clk
0rst
0_02_
0_10_
1_03_
1_11_
0_04_
0_05_
0count[0]
1count[1]
0count[2]
0count[3]
#6162
0clk
0rst
1_02_
0_10_
1_03_
1_11_
0_04_
0_05_
1count[0]
1count[1]
0count[2]
0count[3]
#6163
0clk
0rst
0_02_
1_10_
0_03_
1_11_
1_04_
0_05_
0count[0]
0count[1]
1count[2]
0count[3]
#6164
0clk
0rst
1_02_
0_10_
0_03_
1_11_
1_04_
0_05_
1count[0]
0count[1]
1count[2]
0count[3]
#6165
0clk
0rst
0_02_
0_10_
1_03_
1_11_
1_04_
0_05_
0count[0]
1count[1]
1count[2]
0count[3]
#6166
0clk
0rst
1_02_
0_10_
1_03_
1_11_
1_04_
0_05_
1count[0]
1count[1]
1count[2]
0count[3]
#6167
0clk
0rst
0_02_
1_10_
0_03_
0_11_
0_04_
1_05_
0count[0]
0count[1]
0count[2]
1count[3]
#6168
0clk
0rst
1_02_
0_10_
0_03_
1_11_
0_04_
1_05_
1count[0]
0count[1]
0count[2]
1count[3]
#6169
0clk
0rst
0_02_
0_10_
1_03_
1_11_
0_04_
1_05_
0count[0]
1count[1]
0count[2]
1count[3]
#6170
0clk
0rst
1_02_
0_10_
1_03_
1_11_
0_04_
1_05_
1count[0]
1count[1]
0count[2]
1count[3]
#6171
0clk
0rst
0_02_
1_10_
0_03_
1_11_
1_04_
1_05_
0count[0]
0count[1]
1count[2]
1count[3]
#6172
0clk
0rst
1_02_
0_10_
0_03_
1_11_
1_04_
1_05_
1count[0]
0count[1]
1count[2]
1count[3]
#6173
0clk
0rst
0_02_
0_10_
1_03_
1_11_
1_04_
1_05_
0count[0]
1count[1]
1count[2]
1count[3]
#6174
0clk
0rst
1_02_
0_10_
1_03_
1_11_
1_04_
1_05_
1count[0]
1count[1]
1count[2]
1count[3]
#6175
0clk
0rst
0_02_
1_10_
0_03_
0_11_
0_04_
0_05_
0count[0]
0count[1]
0count[2]
0count[3]
#6176
0clk
0rst
1_02_
0_10_
0_03_
1_11_
0_04_
0_05_
1count[0]
0count[1]
0count[2]
0count[3]
#6177
0clk
0rst
0_02_
0_10_
1_03_
1_11_
0_04_
0_05_
0count[0]
1count[1]
0count[2]
0count[3]
#6178
0clk
0rst
1_02_
0_10_
1_03_
1_11_
0_04_
0_05_
1count[0]
1count[1]
0count[2]
0count[3]
#6179
0clk
0rst
0_02_
1_10_
0_03_
1_11_
1_04_
0_05_
0count[0]
0count[1]
1count[2]
0count[3]
#6180
0clk
0rst
1_02_
0_10_
0_03_
1_11_
1_04_
0_05_
1count[0]
0count[1]
1count[2]
0count[3]
#6181
0clk
0rst
0_02_
0_10_
1_03_
1_11_
1_04_
0_05_
0count[0]
1count[1]
1count[2]
0count[3]
#6182
0clk
0rst
1_02_
0_10_
1_03_
1_11_
1_04_
0_05_
1count[0]
1count[1]
1count[2]
0count[3]
#6183
0clk
0rst
0_02_
1_10_
0_03_
0_11_
0_04_
1_05_
0count[0]
0count[1]
0count[2]
1count[3]
#6184
0clk
0rst
1_02_
0_10_
0_03_
1_11_
0_04_
1_05_
1count[0]
0count[1]
0count[2]
1count[3]
#6185
0clk
0rst
0_02_
0_10_
1_03_
1_11_
0_04_
1_05_
0count[0]
1count[1]
0count[2]
1count[3]
#6186
0clk
0rst
1_02_
0_10_
1_03_
1_11_
0_04_
1_05_
1count[0]
1count[1]
0count[2]
1count[3]
#6187
0clk
0rst
0_02_
1_10_
0_03_
1_11_
1_04_
1_05_
0count[0]
0count[1]
1count[2]
1count[3]
#6188
0clk
0rst
1_02_
0_10_
0_03_
1_11_
1_04_
1_05_
1count[0]
0count[1]
1count[2]
1count[3]
#6189
0clk
0rst
0_02_
0_10_
1_03_
1_11_
1_04_
1_05_
0count[0]
1count[1]
1count[2]
1count[3]
#6190
0clk
0rst
1_02_
0_10_
1_03_
1_11_
1_04_
1_05_
1count[0]
1count[1]
1count[2]
1count[3]
#6191
0clk
0rst
0_02_
1_10_
0_03_
0_11_
0_04_
0_05_
0count[0]
0count[1]
0count[2]
0count[3]
#6192
0clk
0rst
1_02_
0_10_
0_03_
1_11_
0_04_
0_05_
1count[0]
0count[1]
0count[2]
0count[3]
#6193
0clk
0rst
0_02_
0_10_
1_03_
1_11_
0_04_
0_05_
0count[0]
1count[1]
0count[2]
0count[3]
#6194
0clk
0rst
1_02_
0_10_
1_03_
1_11_
0_04_
0_05_
1count[0]
1count[1]
0count[2]
0count[3]
#6195
0clk
0rst
0_02_
1_10_
0_03_
1_11_
1_04_
0_05_
0count[0]
0count[1]
1count[2]
0count[3]
#6196
0clk
0rst
1_02_
0_10_
0_03_
1_11_
1_04_
0_05_
1count[0]
0count[1]
1count[2]
0count[3]
#6197
0clk
0rst
0_02_
0_10_
1_03_
1_11_
1_04_
0_05_
0count[0]
1count[1]
1count[2]
0count[3]
#6198
0clk
0rst
1_02_
0_10_
1_03_
1_11_
1_04_
0_05_
1count[0]
1count[1]
1count[2]
0count[3]
#6199
0clk
0rst
0_02_
1_10_
0_03_
0_11_
0_04_
1_05_
0count[0]
0count[1]
0count[2]
1count[3]
#6200
0clk
0rst
1_02_
0_10_
0_03_
1_11_
0_04_
1_05_
1count[0]
0count[1]
0count[2]
1count[3]
#6201
0clk
0rst
0_02_
0_10_
1_03_
1_11_
0_04_
1_05_
0count[0]
1count[1]
0count[2]
1count[3]
#6202
0clk
0rst
1_02_
0_10_
1_03_
1_11_
0_04_
1_05_
1count[0]
1count[1]
0count[2]
1count[3]
#6203
0clk
0rst
0_02_
1_10_
0_03_
1_11_
1_04_
1_05_
0count[0]
0count[1]
1count[2]
1count[3]
#6204
0clk
0rst
1_02_
0_10_
0_03_
1_11_
1_04_
1_05_
1count[0]
0count[1]
1count[2]
1count[3]
#6205
0clk
0rst
0_02_
0_10_
1_03_
1_11_
1_04_
1_05_
0count[0]
1count[1]
1count[2]
1count[3]
#6206
0clk
0rst
1_02_
0_10_
1_03_
1_11_
1_04_
1_05_
1count[0]
1count[1]
1count[2]
1count[3]
#6207
0clk
0rst
0_02_
1_10_
0_03_
0_11_
0_04_
0_05_
0count[0]
0count[1]
0count[2]
0count[3]
#6208
0clk
0rst
1_02_
0_10_
0_03_
1_11_
0_04_
0_05_
1count[0]
0count[1]
0count[2]
0count[3]
#6209
0clk
0rst
0_02_
0_10_
1_03_
1_11_
0_04_
0_05_
0count[0]
1count[1]
0count[2]
0count[3]
#6210
0clk
0rst
1_02_
0_10_
1_03_
1_11_
0_04_
0_05_
1count[0]
1count[1]
0count[2]
0count[3]
#6211
0clk
0rst
0_02_
1_10_
0_03_
1_11_
1_04_
0_05_
0count[0]
0count[1]
1count[2]
0count[3]
#6212
0clk
0rst
1_02_
0_10_
0_03_
1_11_
1_04_
0_05_
1count[0]
0count[1]
1count[2]
0count[3]
#6213
0clk
0rst
0_02_
0_10_
1_03_
1_11_
1_04_
0_05_
0count[0]
1count[1]
1count[2]
0count[3]
#6214
0clk
0rst
1_02_
0_10_
1_03_
1_11_
1_04_
0_05_
1count[0]
1count[1]
1count[2]
0count[3]
#6215
0clk
0rst
0_02_
1_10_
0_03_
0_11_
0_04_
1_05_
0count[0]
0count[1]
0count[2]
1count[3]
#6216
0clk
0rst
1_02_
0_10_
0_03_
1_11_
0_04_
1_05_
1count[0]
0count[1]
0count[2]
1count[3]
#6217
0clk
0rst
0_02_
0_10_
1_03_
1_11_
0_04_
1_05_
0count[0]
1count[1]
0count[2]
1count[3]
#6218
0clk
0rst
1_02_
0_10_
1_03_
1_11_
0_04_
1_05_
1count[0]
1count[1]
0count[2]
1count[3]
#6219
0clk
0rst
0_02_
1_10_
0_03_
1_11_
1_04_
1_05_
0count[0]
0count[1]
1count[2]
1count[3]
#6220
0clk
0rst
1_02_
0_10_
0_03_
1_11_
1_04_
1_05_
1count[0]
0count[1]
1count[2]
1count[3]
#6221
0clk
0rst
0_02_
0_10_
1_03_
1_11_
1_04_
1_05_
0count[0]
1count[1]
1count[2]
1count[3]
#6222
0clk
0rst
1_02_
0_10_
1_03_
1_11_
1_04_
1_05_
1count[0]
1count[1]
1count[2]
1count[3]
#6223
0clk
0rst
0_02_
1_10_
0_03_
0_11_
0_04_
0_05_
0count[0]
0count[1]
0count[2]
0count[3]
#6224
0clk
0rst
1_02_
0_10_
0_03_
1_11_
0_04_
0_05_
1count[0]
0count[1]
0count[2]
0count[3]
#6225
0clk
0rst
0_02_
0_10_
1_03_
1_11_
0_04_
0_05_
0count[0]
1count[1]
0count[2]
0count[3]
#6226
0clk
0rst
1_02_
0_10_
1_03_
1_11_
0_04_
0_05_
1count[0]
1count[1]
0count[2]
0count[3]
#6227
0clk
0rst
0_02_
1_10_
0_03_
1_11_
1_04_
0_05_
0count[0]
0count[1]
1count[2]
0count[3]
#6228
0clk
0rst
1_02_
0_10_
0_03_
1_11_
1_04_
0_05_
1count[0]
0count[1]
1count[2]
0count[3]
#6229
0clk
0rst
0_02_
0_10_
1_03_
1_11_
1_04_
0_05_
0count[0]
1count[1]
1count[2]
0count[3]
#6230
0clk
0rst
1_02_
0_10_
1_03_
1_11_
1_04_
0_05_
1count[0]
1count[1]
1count[2]
0count[3]
#6231
0clk
0rst
0_02_
1_10_
0_03_
0_11_
0_04_
1_05_
0count[0]
0count[1]
0count[2]
1count[3]
#6232
0clk
0rst
1_02_
0_10_
0_03_
1_11_
0_04_
1_05_
1count[0]
0count[1]
0count[2]
1count[3]
#6233
0clk
0rst
0_02_
0_10_
1_03_
1_11_
0_04_
1_05_
0count[0]
1count[1]
0count[2]
1count[3]
#6234
0clk
0rst
1_02_
0_10_
1_03_
1_11_
0_04_
1_05_
1count[0]
1count[1]
0count[2]
1count[3]
#6235
0clk
0rst
0_02_
1_10_
0_03_
1_11_
1_04_
1_05_
0count[0]
0count[1]
1count[2]
1count[3]
#6236
0clk
0rst
1_02_
0_10_
0_03_
1_11_
1_04_
1_05_
1count[0]
0count[1]
1count[2]
1count[3]
#6237
0clk
0rst
0_02_
0_10_
1_03_
1_11_
1_04_
1_05_
0count[0]
1count[1]
1count[2]
1count[3]
#6238
0clk
0rst
1_02_
0_10_
1_03_
1_11_
1_04_
1_05_
1count[0]
1count[1]
1count[2]
1count[3]
#6239
0clk
0rst
0_02_
1_10_
0_03_
0_11_
0_04_
0_05_
0count[0]
0count[1]
0count[2]
0count[3]
#6240
0clk
0rst
1_02_
0_10_
0_03_
1_11_
0_04_
0_05_
1count[0]
0count[1]
0count[2]
0count[3]
#6241
0clk
0rst
0_02_
0_10_
1_03_
1_11_
0_04_
0_05_
0count[0]
1count[1]
0count[2]
0count[3]
#6242
0clk
0rst
1_02_
0_10_
1_03_
1_11_
0_04_
0_05_
1count[0]
1count[1]
0count[2]
0count[3]
#6243
0clk
0rst
0_02_
1_10_
0_03_
1_11_
1_04_
0_05_
0count[0]
0count[1]
1count[2]
0count[3]
#6244
0clk
0rst
1_02_
0_10_
0_03_
1_11_
1_04_
0_05_
1count[0]
0count[1]
1count[2]
0count[3]
#6245
0clk
0rst
0_02_
0_10_
1_03_
1_11_
1_04_
0_05_
0count[0]
1count[1]
1count[2]
0count[3]
#6246
0clk
0rst
1_02_
0_10_
1_03_
1_11_
1_04_
0_05_
1count[0]
1count[1]
1count[2]
0count[3]
#6247
0clk
0rst
0_02_
1_10_
0_03_
0_11_
0_04_
1_05_
0count[0]
0count[1]
0count[2]
1count[3]
#6248
0clk
0rst
1_02_
0_10_
0_03_
1_11_
0_04_
1_05_
1count[0]
0count[1]
0count[2]
1count[3]
#6249
0clk
0rst
0_02_
0_10_
1_03_
1_11_
0_04_
1_05_
0count[0]
1count[1]
0count[2]
1count[3]
#6250
0clk
0rst
1_02_
0_10_
1_03_
1_11_
0_04_
1_05_
1count[0]
1count[1]
0count[2]
1count[3]
#6251
0clk
0rst
0_02_
1_10_
0_03_
1_11_
1_04_
1_05_
0count[0]
0count[1]
1count[2]
1count[3]
#6252
0clk
0rst
1_02_
0_10_
0_03_
1_11_
1_04_
1_05_
1count[0]
0count[1]
1count[2]
1count[3]
#6253
0clk
0rst
0_02_
0_10_
1_03_
1_11_
1_04_
1_05_
0count[0]
1count[1]
1count[2]
1count[3]
#6254
0clk
0rst
1_02_
0_10_
1_03_
1_11_
1_04_
1_05_
1count[0]
1count[1]
1count[2]
1count[3]
#6255
0clk
0rst
0_02_
1_10_
0_03_
0_11_
0_04_
0_05_
0count[0]
0count[1]
0count[2]
0count[3]
#6256
0clk
0rst
1_02_
0_10_
0_03_
1_11_
0_04_
0_05_
1count[0]
0count[1]
0count[2]
0count[3]
#6257
0clk
0rst
0_02_
0_10_
1_03_
1_11_
0_04_
0_05_
0count[0]
1count[1]
0count[2]
0count[3]
#6258
0clk
0rst
1_02_
0_10_
1_03_
1_11_
0_04_
0_05_
1count[0]
1count[1]
0count[2]
0count[3]
#6259
0clk
0rst
0_02_
1_10_
0_03_
1_11_
1_04_
0_05_
0count[0]
0count[1]
1count[2]
0count[3]
#6260
0clk
0rst
1_02_
0_10_
0_03_
1_11_
1_04_
0_05_
1count[0]
0count[1]
1count[2]
0count[3]
#6261
0clk
0rst
0_02_
0_10_
1_03_
1_11_
1_04_
0_05_
0count[0]
1count[1]
1count[2]
0count[3]
#6262
0clk
0rst
1_02_
0_10_
1_03_
1_11_
1_04_
0_05_
1count[0]
1count[1]
1count[2]
0count[3]
#6263
0clk
0rst
0_02_
1_10_
0_03_
0_11_
0_04_
1_05_
0count[0]
0count[1]
0count[2]
1count[3]
#6264
0clk
0rst
1_02_
0_10_
0_03_
1_11_
0_04_
1_05_
1count[0]
0count[1]
0count[2]
1count[3]
#6265
0clk
0rst
0_02_
0_10_
1_03_
1_11_
0_04_
1_05_
0count[0]
1count[1]
0count[2]
1count[3]
#6266
0clk
0rst
1_02_
0_10_
1_03_
1_11_
0_04_
1_05_
1count[0]
1count[1]
0count[2]
1count[3]
#6267
0clk
0rst
0_02_
1_10_
0_03_
1_11_
1_04_
1_05_
0count[0]
0count[1]
1count[2]
1count[3]
#6268
0clk
0rst
1_02_
0_10_
0_03_
1_11_
1_04_
1_05_
1count[0]
0count[1]
1count[2]
1count[3]
#6269
0clk
0rst
0_02_
0_10_
1_03_
1_11_
1_04_
1_05_
0count[0]
1count[1]
1count[2]
1count[3]
#6270
0clk
0rst
1_02_
0_10_
1_03_
1_11_
1_04_
1_05_
1count[0]
1count[1]
1count[2]
1count[3]
#6271
0clk
0rst
0_02_
1_10_
0_03_
0_11_
0_04_
0_05_
0count[0]
0count[1]
0count[2]
0count[3]
#6272
0clk
0rst
1_02_
0_10_
0_03_
1_11_
0_04_
0_05_
1count[0]
0count[1]
0count[2]
0count[3]
#6273
0clk
0rst
0_02_
0_10_
1_03_
1_11_
0_04_
0_05_
0count[0]
1count[1]
0count[2]
0count[3]
#6274
0clk
0rst
1_02_
0_10_
1_03_
1_11_
0_04_
0_05_
1count[0]
1count[1]
0count[2]
0count[3]
#6275
0clk
0rst
0_02_
1_10_
0_03_
1_11_
1_04_
0_05_
0count[0]
0count[1]
1count[2]
0count[3]
#6276
0clk
0rst
1_02_
0_10_
0_03_
1_11_
1_04_
0_05_
1count[0]
0count[1]
1count[2]
0count[3]
#6277
0clk
0rst
0_02_
0_10_
1_03_
1_11_
1_04_
0_05_
0count[0]
1count[1]
1count[2]
0count[3]
#6278
0clk
0rst
1_02_
0_10_
1_03_
1_11_
1_04_
0_05_
1count[0]
1count[1]
1count[2]
0count[3]
#6279
0clk
0rst
0_02_
1_10_
0_03_
0_11_
0_04_
1_05_
0count[0]
0count[1]
0count[2]
1count[3]
#6280
0clk
0rst
1_02_
0_10_
0_03_
1_11_
0_04_
1_05_
1count[0]
0count[1]
0count[2]
1count[3]
#6281
0clk
0rst
0_02_
0_10_
1_03_
1_11_
0_04_
1_05_
0count[0]
1count[1]
0count[2]
1count[3]
#6282
0clk
0rst
1_02_
0_10_
1_03_
1_11_
0_04_
1_05_
1count[0]
1count[1]
0count[2]
1count[3]
#6283
0clk
0rst
0_02_
1_10_
0_03_
1_11_
1_04_
1_05_
0count[0]
0count[1]
1count[2]
1count[3]
#6284
0clk
0rst
1_02_
0_10_
0_03_
1_11_
1_04_
1_05_
1count[0]
0count[1]
1count[2]
1count[3]
#6285
0clk
0rst
0_02_
0_10_
1_03_
1_11_
1_04_
1_05_
0count[0]
1count[1]
1count[2]
1count[3]
#6286
0clk
0rst
1_02_
0_10_
1_03_
1_11_
1_04_
1_05_
1count[0]
1count[1]
1count[2]
1count[3]
#6287
0clk
0rst
0_02_
1_10_
0_03_
0_11_
0_04_
0_05_
0count[0]
0count[1]
0count[2]
0count[3]
#6288
0clk
0rst
1_02_
0_10_
0_03_
1_11_
0_04_
0_05_
1count[0]
0count[1]
0count[2]
0count[3]
#6289
0clk
0rst
0_02_
0_10_
1_03_
1_11_
0_04_
0_05_
0count[0]
1count[1]
0count[2]
0count[3]
#6290
0clk
0rst
1_02_
0_10_
1_03_
1_11_
0_04_
0_05_
1count[0]
1count[1]
0count[2]
0count[3]
#6291
0clk
0rst
0_02_
1_10_
0_03_
1_11_
1_04_
0_05_
0count[0]
0count[1]
1count[2]
0count[3]
#6292
0clk
0rst
1_02_
0_10_
0_03_
1_11_
1_04_
0_05_
1count[0]
0count[1]
1count[2]
0count[3]
#6293
0clk
0rst
0_02_
0_10_
1_03_
1_11_
1_04_
0_05_
0count[0]
1count[1]
1count[2]
0count[3]
#6294
0clk
0rst
1_02_
0_10_
1_03_
1_11_
1_04_
0_05_
1count[0]
1count[1]
1count[2]
0count[3]
#6295
0clk
0rst
0_02_
1_10_
0_03_
0_11_
0_04_
1_05_
0count[0]
0count[1]
0count[2]
1count[3]
#6296
0clk
0rst
1_02_
0_10_
0_03_
1_11_
0_04_
1_05_
1count[0]
0count[1]
0count[2]
1count[3]
#6297
0clk
0rst
0_02_
0_10_
1_03_
1_11_
0_04_
1_05_
0count[0]
1count[1]
0count[2]
1count[3]
#6298
0clk
0rst
1_02_
0_10_
1_03_
1_11_
0_04_
1_05_
1count[0]
1count[1]
0count[2]
1count[3]
#6299
0clk
0rst
0_02_
1_10_
0_03_
1_11_
1_04_
1_05_
0count[0]
0count[1]
1count[2]
1count[3]
#6300
0clk
0rst
1_02_
0_10_
0_03_
1_11_
1_04_
1_05_
1count[0]
0count[1]
1count[2]
1count[3]
#6301
0clk
0rst
0_02_
0_10_
1_03_
1_11_
1_04_
1_05_
0count[0]
1count[1]
1count[2]
1count[3]
#6302
0clk
0rst
1_02_
0_10_
1_03_
1_11_
1_04_
1_05_
1count[0]
1count[1]
1count[2]
1count[3]
#6303
0clk
0rst
0_02_
1_10_
0_03_
0_11_
0_04_
0_05_
0count[0]
0count[1]
0count[2]
0count[3]
#6304
0clk
0rst
1_02_
0_10_
0_03_
1_11_
0_04_
0_05_
1count[0]
0count[1]
0count[2]
0count[3]
#6305
0clk
0rst
0_02_
0_10_
1_03_
1_11_
0_04_
0_05_
0count[0]
1count[1]
0count[2]
0count[3]
#6306
0clk
0rst
1_02_
0_10_
1_03_
1_11_
0_04_
0_05_
1count[0]
1count[1]
0count[2]
0count[3]
#6307
0clk
0rst
0_02_
1_10_
0_03_
1_11_
1_04_
0_05_
0count[0]
0count[1]
1count[2]
0count[3]
#6308
0clk
0rst
1_02_
0_10_
0_03_
1_11_
1_04_
0_05_
1count[0]
0count[1]
1count[2]
0count[3]
#6309
0clk
0rst
0_02_
0_10_
1_03_
1_11_
1_04_
0_05_
0count[0]
1count[1]
1count[2]
0count[3]
#6310
0clk
0rst
1_02_
0_10_
1_03_
1_11_
1_04_
0_05_
1count[0]
1count[1]
1count[2]
0count[3]
#6311
0clk
0rst
0_02_
1_10_
0_03_
0_11_
0_04_
1_05_
0count[0]
0count[1]
0count[2]
1count[3]
#6312
0clk
0rst
1_02_
0_10_
0_03_
1_11_
0_04_
1_05_
1count[0]
0count[1]
0count[2]
1count[3]
#6313
0clk
0rst
0_02_
0_10_
1_03_
1_11_
0_04_
1_05_
0count[0]
1count[1]
0count[2]
1count[3]
#6314
0clk
0rst
1_02_
0_10_
1_03_
1_11_
0_04_
1_05_
1count[0]
1count[1]
0count[2]
1count[3]
#6315
0clk
0rst
0_02_
1_10_
0_03_
1_11_
1_04_
1_05_
0count[0]
0count[1]
1count[2]
1count[3]
#6316
0clk
0rst
1_02_
0_10_
0_03_
1_11_
1_04_
1_05_
1count[0]
0count[1]
1count[2]
1count[3]
#6317
0clk
0rst
0_02_
0_10_
1_03_
1_11_
1_04_
1_05_
0count[0]
1count[1]
1count[2]
1count[3]
#6318
0clk
0rst
1_02_
0_10_
1_03_
1_11_
1_04_
1_05_
1count[0]
1count[1]
1count[2]
1count[3]
#6319
0clk
0rst
0_02_
1_10_
0_03_
0_11_
0_04_
0_05_
0count[0]
0count[1]
0count[2]
0count[3]
#6320
0clk
0rst
1_02_
0_10_
0_03_
1_11_
0_04_
0_05_
1count[0]
0count[1]
0count[2]
0count[3]
#6321
0clk
0rst
0_02_
0_10_
1_03_
1_11_
0_04_
0_05_
0count[0]
1count[1]
0count[2]
0count[3]
#6322
0clk
0rst
1_02_
0_10_
1_03_
1_11_
0_04_
0_05_
1count[0]
1count[1]
0count[2]
0count[3]
#6323
0clk
0rst
0_02_
1_10_
0_03_
1_11_
1_04_
0_05_
0count[0]
0count[1]
1count[2]
0count[3]
#6324
0clk
0rst
1_02_
0_10_
0_03_
1_11_
1_04_
0_05_
1count[0]
0count[1]
1count[2]
0count[3]
#6325
0clk
0rst
0_02_
0_10_
1_03_
1_11_
1_04_
0_05_
0count[0]
1count[1]
1count[2]
0count[3]
#6326
0clk
0rst
1_02_
0_10_
1_03_
1_11_
1_04_
0_05_
1count[0]
1count[1]
1count[2]
0count[3]
#6327
0clk
0rst
0_02_
1_10_
0_03_
0_11_
0_04_
1_05_
0count[0]
0count[1]
0count[2]
1count[3]
#6328
0clk
0rst
1_02_
0_10_
0_03_
1_11_
0_04_
1_05_
1count[0]
0count[1]
0count[2]
1count[3]
#6329
0clk
0rst
0_02_
0_10_
1_03_
1_11_
0_04_
1_05_
0count[0]
1count[1]
0count[2]
1count[3]
#6330
0clk
0rst
1_02_
0_10_
1_03_
1_11_
0_04_
1_05_
1count[0]
1count[1]
0count[2]
1count[3]
#6331
0clk
0rst
0_02_
1_10_
0_03_
1_11_
1_04_
1_05_
0count[0]
0count[1]
1count[2]
1count[3]
#6332
0clk
0rst
1_02_
0_10_
0_03_
1_11_
1_04_
1_05_
1count[0]
0count[1]
1count[2]
1count[3]
#6333
0clk
0rst
0_02_
0_10_
1_03_
1_11_
1_04_
1_05_
0count[0]
1count[1]
1count[2]
1count[3]
#6334
0clk
0rst
1_02_
0_10_
1_03_
1_11_
1_04_
1_05_
1count[0]
1count[1]
1count[2]
1count[3]
#6335
0clk
0rst
0_02_
1_10_
0_03_
0_11_
0_04_
0_05_
0count[0]
0count[1]
0count[2]
0count[3]
#6336
0clk
0rst
1_02_
0_10_
0_03_
1_11_
0_04_
0_05_
1count[0]
0count[1]
0count[2]
0count[3]
#6337
0clk
0rst
0_02_
0_10_
1_03_
1_11_
0_04_
0_05_
0count[0]
1count[1]
0count[2]
0count[3]
#6338
0clk
0rst
1_02_
0_10_
1_03_
1_11_
0_04_
0_05_
1count[0]
1count[1]
0count[2]
0count[3]
#6339
0clk
0rst
0_02_
1_10_
0_03_
1_11_
1_04_
0_05_
0count[0]
0count[1]
1count[2]
0count[3]
#6340
0clk
0rst
1_02_
0_10_
0_03_
1_11_
1_04_
0_05_
1count[0]
0count[1]
1count[2]
0count[3]
#6341
0clk
0rst
0_02_
0_10_
1_03_
1_11_
1_04_
0_05_
0count[0]
1count[1]
1count[2]
0count[3]
#6342
0clk
0rst
1_02_
0_10_
1_03_
1_11_
1_04_
0_05_
1count[0]
1count[1]
1count[2]
0count[3]
#6343
0clk
0rst
0_02_
1_10_
0_03_
0_11_
0_04_
1_05_
0count[0]
0count[1]
0count[2]
1count[3]
#6344
0clk
0rst
1_02_
0_10_
0_03_
1_11_
0_04_
1_05_
1count[0]
0count[1]
0count[2]
1count[3]
#6345
0clk
0rst
0_02_
0_10_
1_03_
1_11_
0_04_
1_05_
0count[0]
1count[1]
0count[2]
1count[3]
#6346
0clk
0rst
1_02_
0_10_
1_03_
1_11_
0_04_
1_05_
1count[0]
1count[1]
0count[2]
1count[3]
#6347
0clk
0rst
0_02_
1_10_
0_03_
1_11_
1_04_
1_05_
0count[0]
0count[1]
1count[2]
1count[3]
#6348
0clk
0rst
1_02_
0_10_
0_03_
1_11_
1_04_
1_05_
1count[0]
0count[1]
1count[2]
1count[3]
#6349
0clk
0rst
0_02_
0_10_
1_03_
1_11_
1_04_
1_05_
0count[0]
1count[1]
1count[2]
1count[3]
#6350
0clk
0rst
1_02_
0_10_
1_03_
1_11_
1_04_
1_05_
1count[0]
1count[1]
1count[2]
1count[3]
#6351
0clk
0rst
0_02_
1_10_
0_03_
0_11_
0_04_
0_05_
0count[0]
0count[1]
0count[2]
0count[3]
#6352
0clk
0rst
1_02_
0_10_
0_03_
1_11_
0_04_
0_05_
1count[0]
0count[1]
0count[2]
0count[3]
#6353
0clk
0rst
0_02_
0_10_
1_03_
1_11_
0_04_
0_05_
0count[0]
1count[1]
0count[2]
0count[3]
#6354
0clk
0rst
1_02_
0_10_
1_03_
1_11_
0_04_
0_05_
1count[0]
1count[1]
0count[2]
0count[3]
#6355
0clk
0rst
0_02_
1_10_
0_03_
1_11_
1_04_
0_05_
0count[0]
0count[1]
1count[2]
0count[3]
#6356
0clk
0rst
1_02_
0_10_
0_03_
1_11_
1_04_
0_05_
1count[0]
0count[1]
1count[2]
0count[3]
#6357
0clk
0rst
0_02_
0_10_
1_03_
1_11_
1_04_
0_05_
0count[0]
1count[1]
1count[2]
0count[3]
#6358
0clk
0rst
1_02_
0_10_
1_03_
1_11_
1_04_
0_05_
1count[0]
1count[1]
1count[2]
0count[3]
#6359
0clk
0rst
0_02_
1_10_
0_03_
0_11_
0_04_
1_05_
0count[0]
0count[1]
0count[2]
1count[3]
#6360
0clk
0rst
1_02_
0_10_
0_03_
1_11_
0_04_
1_05_
1count[0]
0count[1]
0count[2]
1count[3]
#6361
0clk
0rst
0_02_
0_10_
1_03_
1_11_
0_04_
1_05_
0count[0]
1count[1]
0count[2]
1count[3]
#6362
0clk
0rst
1_02_
0_10_
1_03_
1_11_
0_04_
1_05_
1count[0]
1count[1]
0count[2]
1count[3]
#6363
0clk
0rst
0_02_
1_10_
0_03_
1_11_
1_04_
1_05_
0count[0]
0count[1]
1count[2]
1count[3]
#6364
0clk
0rst
1_02_
0_10_
0_03_
1_11_
1_04_
1_05_
1count[0]
0count[1]
1count[2]
1count[3]
#6365
0clk
0rst
0_02_
0_10_
1_03_
1_11_
1_04_
1_05_
0count[0]
1count[1]
1count[2]
1count[3]
#6366
0clk
0rst
1_02_
0_10_
1_03_
1_11_
1_04_
1_05_
1count[0]
1count[1]
1count[2]
1count[3]
#6367
0clk
0rst
0_02_
1_10_
0_03_
0_11_
0_04_
0_05_
0count[0]
0count[1]
0count[2]
0count[3]
#6368
0clk
0rst
1_02_
0_10_
0_03_
1_11_
0_04_
0_05_
1count[0]
0count[1]
0count[2]
0count[3]
#6369
0clk
0rst
0_02_
0_10_
1_03_
1_11_
0_04_
0_05_
0count[0]
1count[1]
0count[2]
0count[3]
#6370
0clk
0rst
1_02_
0_10_
1_03_
1_11_
0_04_
0_05_
1count[0]
1count[1]
0count[2]
0count[3]
#6371
0clk
0rst
0_02_
1_10_
0_03_
1_11_
1_04_
0_05_
0count[0]
0count[1]
1count[2]
0count[3]
#6372
0clk
0rst
1_02_
0_10_
0_03_
1_11_
1_04_
0_05_
1count[0]
0count[1]
1count[2]
0count[3]
#6373
0clk
0rst
0_02_
0_10_
1_03_
1_11_
1_04_
0_05_
0count[0]
1count[1]
1count[2]
0count[3]
#6374
0clk
0rst
1_02_
0_10_
1_03_
1_11_
1_04_
0_05_
1count[0]
1count[1]
1count[2]
0count[3]
#6375
0clk
0rst
0_02_
1_10_
0_03_
0_11_
0_04_
1_05_
0count[0]
0count[1]
0count[2]
1count[3]
#6376
0clk
0rst
1_02_
0_10_
0_03_
1_11_
0_04_
1_05_
1count[0]
0count[1]
0count[2]
1count[3]
#6377
0clk
0rst
0_02_
0_10_
1_03_
1_11_
0_04_
1_05_
0count[0]
1count[1]
0count[2]
1count[3]
#6378
0clk
0rst
1_02_
0_10_
1_03_
1_11_
0_04_
1_05_
1count[0]
1count[1]
0count[2]
1count[3]
#6379
0clk
0rst
0_02_
1_10_
0_03_
1_11_
1_04_
1_05_
0count[0]
0count[1]
1count[2]
1count[3]
#6380
0clk
0rst
1_02_
0_10_
0_03_
1_11_
1_04_
1_05_
1count[0]
0count[1]
1count[2]
1count[3]
#6381
0clk
0rst
0_02_
0_10_
1_03_
1_11_
1_04_
1_05_
0count[0]
1count[1]
1count[2]
1count[3]
#6382
0clk
0rst
1_02_
0_10_
1_03_
1_11_
1_04_
1_05_
1count[0]
1count[1]
1count[2]
1count[3]
#6383
0clk
0rst
0_02_
1_10_
0_03_
0_11_
0_04_
0_05_
0count[0]
0count[1]
0count[2]
0count[3]
#6384
0clk
0rst
1_02_
0_10_
0_03_
1_11_
0_04_
0_05_
1count[0]
0count[1]
0count[2]
0count[3]
#6385
0clk
0rst
0_02_
0_10_
1_03_
1_11_
0_04_
0_05_
0count[0]
1count[1]
0count[2]
0count[3]
#6386
0clk
0rst
1_02_
0_10_
1_03_
1_11_
0_04_
0_05_
1count[0]
1count[1]
0count[2]
0count[3]
#6387
0clk
0rst
0_02_
1_10_
0_03_
1_11_
1_04_
0_05_
0count[0]
0count[1]
1count[2]
0count[3]
#6388
0clk
0rst
1_02_
0_10_
0_03_
1_11_
1_04_
0_05_
1count[0]
0count[1]
1count[2]
0count[3]
#6389
0clk
0rst
0_02_
0_10_
1_03_
1_11_
1_04_
0_05_
0count[0]
1count[1]
1count[2]
0count[3]
#6390
0clk
0rst
1_02_
0_10_
1_03_
1_11_
1_04_
0_05_
1count[0]
1count[1]
1count[2]
0count[3]
#6391
0clk
0rst
0_02_
1_10_
0_03_
0_11_
0_04_
1_05_
0count[0]
0count[1]
0count[2]
1count[3]
#6392
0clk
0rst
1_02_
0_10_
0_03_
1_11_
0_04_
1_05_
1count[0]
0count[1]
0count[2]
1count[3]
#6393
0clk
0rst
0_02_
0_10_
1_03_
1_11_
0_04_
1_05_
0count[0]
1count[1]
0count[2]
1count[3]
#6394
0clk
0rst
1_02_
0_10_
1_03_
1_11_
0_04_
1_05_
1count[0]
1count[1]
0count[2]
1count[3]
#6395
0clk
0rst
0_02_
1_10_
0_03_
1_11_
1_04_
1_05_
0count[0]
0count[1]
1count[2]
1count[3]
#6396
0clk
0rst
1_02_
0_10_
0_03_
1_11_
1_04_
1_05_
1count[0]
0count[1]
1count[2]
1count[3]
#6397
0clk
0rst
0_02_
0_10_
1_03_
1_11_
1_04_
1_05_
0count[0]
1count[1]
1count[2]
1count[3]
#6398
0clk
0rst
1_02_
0_10_
1_03_
1_11_
1_04_
1_05_
1count[0]
1count[1]
1count[2]
1count[3]
#6399
0clk
0rst
0_02_
1_10_
0_03_
0_11_
0_04_
0_05_
0count[0]
0count[1]
0count[2]
0count[3]
#6400
0clk
0rst
1_02_
0_10_
0_03_
1_11_
0_04_
0_05_
1count[0]
0count[1]
0count[2]
0count[3]
#6401
0clk
0rst
0_02_
0_10_
1_03_
1_11_
0_04_
0_05_
0count[0]
1count[1]
0count[2]
0count[3]
#6402
0clk
0rst
1_02_
0_10_
1_03_
1_11_
0_04_
0_05_
1count[0]
1count[1]
0count[2]
0count[3]
#6403
0clk
0rst
0_02_
1_10_
0_03_
1_11_
1_04_
0_05_
0count[0]
0count[1]
1count[2]
0count[3]
#6404
0clk
0rst
1_02_
0_10_
0_03_
1_11_
1_04_
0_05_
1count[0]
0count[1]
1count[2]
0count[3]
#6405
0clk
0rst
0_02_
0_10_
1_03_
1_11_
1_04_
0_05_
0count[0]
1count[1]
1count[2]
0count[3]
#6406
0clk
0rst
1_02_
0_10_
1_03_
1_11_
1_04_
0_05_
1count[0]
1count[1]
1count[2]
0count[3]
#6407
0clk
0rst
0_02_
1_10_
0_03_
0_11_
0_04_
1_05_
0count[0]
0count[1]
0count[2]
1count[3]
#6408
0clk
0rst
1_02_
0_10_
0_03_
1_11_
0_04_
1_05_
1count[0]
0count[1]
0count[2]
1count[3]
#6409
0clk
0rst
0_02_
0_10_
1_03_
1_11_
0_04_
1_05_
0count[0]
1count[1]
0count[2]
1count[3]
#6410
0clk
0rst
1_02_
0_10_
1_03_
1_11_
0_04_
1_05_
1count[0]
1count[1]
0count[2]
1count[3]
#6411
0clk
0rst
0_02_
1_10_
0_03_
1_11_
1_04_
1_05_
0count[0]
0count[1]
1count[2]
1count[3]
#6412
0clk
0rst
1_02_
0_10_
0_03_
1_11_
1_04_
1_05_
1count[0]
0count[1]
1count[2]
1count[3]
#6413
0clk
0rst
0_02_
0_10_
1_03_
1_11_
1_04_
1_05_
0count[0]
1count[1]
1count[2]
1count[3]
#6414
0clk
0rst
1_02_
0_10_
1_03_
1_11_
1_04_
1_05_
1count[0]
1count[1]
1count[2]
1count[3]
#6415
0clk
0rst
0_02_
1_10_
0_03_
0_11_
0_04_
0_05_
0count[0]
0count[1]
0count[2]
0count[3]
#6416
0clk
0rst
1_02_
0_10_
0_03_
1_11_
0_04_
0_05_
1count[0]
0count[1]
0count[2]
0count[3]
#6417
0clk
0rst
0_02_
0_10_
1_03_
1_11_
0_04_
0_05_
0count[0]
1count[1]
0count[2]
0count[3]
#6418
0clk
0rst
1_02_
0_10_
1_03_
1_11_
0_04_
0_05_
1count[0]
1count[1]
0count[2]
0count[3]
#6419
0clk
0rst
0_02_
1_10_
0_03_
1_11_
1_04_
0_05_
0count[0]
0count[1]
1count[2]
0count[3]
#6420
0clk
0rst
1_02_
0_10_
0_03_
1_11_
1_04_
0_05_
1count[0]
0count[1]
1count[2]
0count[3]
#6421
0clk
0rst
0_02_
0_10_
1_03_
1_11_
1_04_
0_05_
0count[0]
1count[1]
1count[2]
0count[3]
#6422
0clk
0rst
1_02_
0_10_
1_03_
1_11_
1_04_
0_05_
1count[0]
1count[1]
1count[2]
0count[3]
#6423
0clk
0rst
0_02_
1_10_
0_03_
0_11_
0_04_
1_05_
0count[0]
0count[1]
0count[2]
1count[3]
#6424
0clk
0rst
1_02_
0_10_
0_03_
1_11_
0_04_
1_05_
1count[0]
0count[1]
0count[2]
1count[3]
#6425
0clk
0rst
0_02_
0_10_
1_03_
1_11_
0_04_
1_05_
0count[0]
1count[1]
0count[2]
1count[3]
#6426
0clk
0rst
1_02_
0_10_
1_03_
1_11_
0_04_
1_05_
1count[0]
1count[1]
0count[2]
1count[3]
#6427
0clk
0rst
0_02_
1_10_
0_03_
1_11_
1_04_
1_05_
0count[0]
0count[1]
1count[2]
1count[3]
#6428
0clk
0rst
1_02_
0_10_
0_03_
1_11_
1_04_
1_05_
1count[0]
0count[1]
1count[2]
1count[3]
#6429
0clk
0rst
0_02_
0_10_
1_03_
1_11_
1_04_
1_05_
0count[0]
1count[1]
1count[2]
1count[3]
#6430
0clk
0rst
1_02_
0_10_
1_03_
1_11_
1_04_
1_05_
1count[0]
1count[1]
1count[2]
1count[3]
#6431
0clk
0rst
0_02_
1_10_
0_03_
0_11_
0_04_
0_05_
0count[0]
0count[1]
0count[2]
0count[3]
#6432
0clk
0rst
1_02_
0_10_
0_03_
1_11_
0_04_
0_05_
1count[0]
0count[1]
0count[2]
0count[3]
#6433
0clk
0rst
0_02_
0_10_
1_03_
1_11_
0_04_
0_05_
0count[0]
1count[1]
0count[2]
0count[3]
#6434
0clk
0rst
1_02_
0_10_
1_03_
1_11_
0_04_
0_05_
1count[0]
1count[1]
0count[2]
0count[3]
#6435
0clk
0rst
0_02_
1_10_
0_03_
1_11_
1_04_
0_05_
0count[0]
0count[1]
1count[2]
0count[3]
#6436
0clk
0rst
1_02_
0_10_
0_03_
1_11_
1_04_
0_05_
1count[0]
0count[1]
1count[2]
0count[3]
#6437
0clk
0rst
0_02_
0_10_
1_03_
1_11_
1_04_
0_05_
0count[0]
1count[1]
1count[2]
0count[3]
#6438
0clk
0rst
1_02_
0_10_
1_03_
1_11_
1_04_
0_05_
1count[0]
1count[1]
1count[2]
0count[3]
#6439
0clk
0rst
0_02_
1_10_
0_03_
0_11_
0_04_
1_05_
0count[0]
0count[1]
0count[2]
1count[3]
#6440
0clk
0rst
1_02_
0_10_
0_03_
1_11_
0_04_
1_05_
1count[0]
0count[1]
0count[2]
1count[3]
#6441
0clk
0rst
0_02_
0_10_
1_03_
1_11_
0_04_
1_05_
0count[0]
1count[1]
0count[2]
1count[3]
#6442
0clk
0rst
1_02_
0_10_
1_03_
1_11_
0_04_
1_05_
1count[0]
1count[1]
0count[2]
1count[3]
#6443
0clk
0rst
0_02_
1_10_
0_03_
1_11_
1_04_
1_05_
0count[0]
0count[1]
1count[2]
1count[3]
#6444
0clk
0rst
1_02_
0_10_
0_03_
1_11_
1_04_
1_05_
1count[0]
0count[1]
1count[2]
1count[3]
#6445
0clk
0rst
0_02_
0_10_
1_03_
1_11_
1_04_
1_05_
0count[0]
1count[1]
1count[2]
1count[3]
#6446
0clk
0rst
1_02_
0_10_
1_03_
1_11_
1_04_
1_05_
1count[0]
1count[1]
1count[2]
1count[3]
#6447
0clk
0rst
0_02_
1_10_
0_03_
0_11_
0_04_
0_05_
0count[0]
0count[1]
0count[2]
0count[3]
#6448
0clk
0rst
1_02_
0_10_
0_03_
1_11_
0_04_
0_05_
1count[0]
0count[1]
0count[2]
0count[3]
#6449
0clk
0rst
0_02_
0_10_
1_03_
1_11_
0_04_
0_05_
0count[0]
1count[1]
0count[2]
0count[3]
#6450
0clk
0rst
1_02_
0_10_
1_03_
1_11_
0_04_
0_05_
1count[0]
1count[1]
0count[2]
0count[3]
#6451
0clk
0rst
0_02_
1_10_
0_03_
1_11_
1_04_
0_05_
0count[0]
0count[1]
1count[2]
0count[3]
#6452
0clk
0rst
1_02_
0_10_
0_03_
1_11_
1_04_
0_05_
1count[0]
0count[1]
1count[2]
0count[3]
#6453
0clk
0rst
0_02_
0_10_
1_03_
1_11_
1_04_
0_05_
0count[0]
1count[1]
1count[2]
0count[3]
#6454
0clk
0rst
1_02_
0_10_
1_03_
1_11_
1_04_
0_05_
1count[0]
1count[1]
1count[2]
0count[3]
#6455
0clk
0rst
0_02_
1_10_
0_03_
0_11_
0_04_
1_05_
0count[0]
0count[1]
0count[2]
1count[3]
#6456
0clk
0rst
1_02_
0_10_
0_03_
1_11_
0_04_
1_05_
1count[0]
0count[1]
0count[2]
1count[3]
#6457
0clk
0rst
0_02_
0_10_
1_03_
1_11_
0_04_
1_05_
0count[0]
1count[1]
0count[2]
1count[3]
#6458
0clk
0rst
1_02_
0_10_
1_03_
1_11_
0_04_
1_05_
1count[0]
1count[1]
0count[2]
1count[3]
#6459
0clk
0rst
0_02_
1_10_
0_03_
1_11_
1_04_
1_05_
0count[0]
0count[1]
1count[2]
1count[3]
#6460
0clk
0rst
1_02_
0_10_
0_03_
1_11_
1_04_
1_05_
1count[0]
0count[1]
1count[2]
1count[3]
#6461
0clk
0rst
0_02_
0_10_
1_03_
1_11_
1_04_
1_05_
0count[0]
1count[1]
1count[2]
1count[3]
#6462
0clk
0rst
1_02_
0_10_
1_03_
1_11_
1_04_
1_05_
1count[0]
1count[1]
1count[2]
1count[3]
#6463
0clk
0rst
0_02_
1_10_
0_03_
0_11_
0_04_
0_05_
0count[0]
0count[1]
0count[2]
0count[3]
#6464
0clk
0rst
1_02_
0_10_
0_03_
1_11_
0_04_
0_05_
1count[0]
0count[1]
0count[2]
0count[3]
#6465
0clk
0rst
0_02_
0_10_
1_03_
1_11_
0_04_
0_05_
0count[0]
1count[1]
0count[2]
0count[3]
#6466
0clk
0rst
1_02_
0_10_
1_03_
1_11_
0_04_
0_05_
1count[0]
1count[1]
0count[2]
0count[3]
#6467
0clk
0rst
0_02_
1_10_
0_03_
1_11_
1_04_
0_05_
0count[0]
0count[1]
1count[2]
0count[3]
#6468
0clk
0rst
1_02_
0_10_
0_03_
1_11_
1_04_
0_05_
1count[0]
0count[1]
1count[2]
0count[3]
#6469
0clk
0rst
0_02_
0_10_
1_03_
1_11_
1_04_
0_05_
0count[0]
1count[1]
1count[2]
0count[3]
#6470
0clk
0rst
1_02_
0_10_
1_03_
1_11_
1_04_
0_05_
1count[0]
1count[1]
1count[2]
0count[3]
#6471
0clk
0rst
0_02_
1_10_
0_03_
0_11_
0_04_
1_05_
0count[0]
0count[1]
0count[2]
1count[3]
#6472
0clk
0rst
1_02_
0_10_
0_03_
1_11_
0_04_
1_05_
1count[0]
0count[1]
0count[2]
1count[3]
#6473
0clk
0rst
0_02_
0_10_
1_03_
1_11_
0_04_
1_05_
0count[0]
1count[1]
0count[2]
1count[3]
#6474
0clk
0rst
1_02_
0_10_
1_03_
1_11_
0_04_
1_05_
1count[0]
1count[1]
0count[2]
1count[3]
#6475
0clk
0rst
0_02_
1_10_
0_03_
1_11_
1_04_
1_05_
0count[0]
0count[1]
1count[2]
1count[3]
#6476
0clk
0rst
1_02_
0_10_
0_03_
1_11_
1_04_
1_05_
1count[0]
0count[1]
1count[2]
1count[3]
#6477
0clk
0rst
0_02_
0_10_
1_03_
1_11_
1_04_
1_05_
0count[0]
1count[1]
1count[2]
1count[3]
#6478
0clk
0rst
1_02_
0_10_
1_03_
1_11_
1_04_
1_05_
1count[0]
1count[1]
1count[2]
1count[3]
#6479
0clk
0rst
0_02_
1_10_
0_03_
0_11_
0_04_
0_05_
0count[0]
0count[1]
0count[2]
0count[3]
#6480
0clk
0rst
1_02_
0_10_
0_03_
1_11_
0_04_
0_05_
1count[0]
0count[1]
0count[2]
0count[3]
#6481
0clk
0rst
0_02_
0_10_
1_03_
1_11_
0_04_
0_05_
0count[0]
1count[1]
0count[2]
0count[3]
#6482
0clk
0rst
1_02_
0_10_
1_03_
1_11_
0_04_
0_05_
1count[0]
1count[1]
0count[2]
0count[3]
#6483
0clk
0rst
0_02_
1_10_
0_03_
1_11_
1_04_
0_05_
0count[0]
0count[1]
1count[2]
0count[3]
#6484
0clk
0rst
1_02_
0_10_
0_03_
1_11_
1_04_
0_05_
1count[0]
0count[1]
1count[2]
0count[3]
#6485
0clk
0rst
0_02_
0_10_
1_03_
1_11_
1_04_
0_05_
0count[0]
1count[1]
1count[2]
0count[3]
#6486
0clk
0rst
1_02_
0_10_
1_03_
1_11_
1_04_
0_05_
1count[0]
1count[1]
1count[2]
0count[3]
#6487
0clk
0rst
0_02_
1_10_
0_03_
0_11_
0_04_
1_05_
0count[0]
0count[1]
0count[2]
1count[3]
#6488
0clk
0rst
1_02_
0_10_
0_03_
1_11_
0_04_
1_05_
1count[0]
0count[1]
0count[2]
1count[3]
#6489
0clk
0rst
0_02_
0_10_
1_03_
1_11_
0_04_
1_05_
0count[0]
1count[1]
0count[2]
1count[3]
#6490
0clk
0rst
1_02_
0_10_
1_03_
1_11_
0_04_
1_05_
1count[0]
1count[1]
0count[2]
1count[3]
#6491
0clk
0rst
0_02_
1_10_
0_03_
1_11_
1_04_
1_05_
0count[0]
0count[1]
1count[2]
1count[3]
#6492
0clk
0rst
1_02_
0_10_
0_03_
1_11_
1_04_
1_05_
1count[0]
0count[1]
1count[2]
1count[3]
#6493
0clk
0rst
0_02_
0_10_
1_03_
1_11_
1_04_
1_05_
0count[0]
1count[1]
1count[2]
1count[3]
#6494
0clk
0rst
1_02_
0_10_
1_03_
1_11_
1_04_
1_05_
1count[0]
1count[1]
1count[2]
1count[3]
#6495
0clk
0rst
0_02_
1_10_
0_03_
0_11_
0_04_
0_05_
0count[0]
0count[1]
0count[2]
0count[3]
#6496
0clk
0rst
1_02_
0_10_
0_03_
1_11_
0_04_
0_05_
1count[0]
0count[1]
0count[2]
0count[3]
#6497
0clk
0rst
0_02_
0_10_
1_03_
1_11_
0_04_
0_05_
0count[0]
1count[1]
0count[2]
0count[3]
#6498
0clk
0rst
1_02_
0_10_
1_03_
1_11_
0_04_
0_05_
1count[0]
1count[1]
0count[2]
0count[3]
#6499
0clk
0rst
0_02_
1_10_
0_03_
1_11_
1_04_
0_05_
0count[0]
0count[1]
1count[2]
0count[3]
#6500
0clk
0rst
1_02_
0_10_
0_03_
1_11_
1_04_
0_05_
1count[0]
0count[1]
1count[2]
0count[3]
#6501
0clk
0rst
0_02_
0_10_
1_03_
1_11_
1_04_
0_05_
0count[0]
1count[1]
1count[2]
0count[3]
#6502
0clk
0rst
1_02_
0_10_
1_03_
1_11_
1_04_
0_05_
1count[0]
1count[1]
1count[2]
0count[3]
#6503
0clk
0rst
0_02_
1_10_
0_03_
0_11_
0_04_
1_05_
0count[0]
0count[1]
0count[2]
1count[3]
#6504
0clk
0rst
1_02_
0_10_
0_03_
1_11_
0_04_
1_05_
1count[0]
0count[1]
0count[2]
1count[3]
#6505
0clk
0rst
0_02_
0_10_
1_03_
1_11_
0_04_
1_05_
0count[0]
1count[1]
0count[2]
1count[3]
#6506
0clk
0rst
1_02_
0_10_
1_03_
1_11_
0_04_
1_05_
1count[0]
1count[1]
0count[2]
1count[3]
#6507
0clk
0rst
0_02_
1_10_
0_03_
1_11_
1_04_
1_05_
0count[0]
0count[1]
1count[2]
1count[3]
#6508
0clk
0rst
1_02_
0_10_
0_03_
1_11_
1_04_
1_05_
1count[0]
0count[1]
1count[2]
1count[3]
#6509
0clk
0rst
0_02_
0_10_
1_03_
1_11_
1_04_
1_05_
0count[0]
1count[1]
1count[2]
1count[3]
#6510
0clk
0rst
1_02_
0_10_
1_03_
1_11_
1_04_
1_05_
1count[0]
1count[1]
1count[2]
1count[3]
#6511
0clk
0rst
0_02_
1_10_
0_03_
0_11_
0_04_
0_05_
0count[0]
0count[1]
0count[2]
0count[3]
#6512
0clk
0rst
1_02_
0_10_
0_03_
1_11_
0_04_
0_05_
1count[0]
0count[1]
0count[2]
0count[3]
#6513
0clk
0rst
0_02_
0_10_
1_03_
1_11_
0_04_
0_05_
0count[0]
1count[1]
0count[2]
0count[3]
#6514
0clk
0rst
1_02_
0_10_
1_03_
1_11_
0_04_
0_05_
1count[0]
1count[1]
0count[2]
0count[3]
#6515
0clk
0rst
0_02_
1_10_
0_03_
1_11_
1_04_
0_05_
0count[0]
0count[1]
1count[2]
0count[3]
#6516
0clk
0rst
1_02_
0_10_
0_03_
1_11_
1_04_
0_05_
1count[0]
0count[1]
1count[2]
0count[3]
#6517
0clk
0rst
0_02_
0_10_
1_03_
1_11_
1_04_
0_05_
0count[0]
1count[1]
1count[2]
0count[3]
#6518
0clk
0rst
1_02_
0_10_
1_03_
1_11_
1_04_
0_05_
1count[0]
1count[1]
1count[2]
0count[3]
#6519
0clk
0rst
0_02_
1_10_
0_03_
0_11_
0_04_
1_05_
0count[0]
0count[1]
0count[2]
1count[3]
#6520
0clk
0rst
1_02_
0_10_
0_03_
1_11_
0_04_
1_05_
1count[0]
0count[1]
0count[2]
1count[3]
#6521
0clk
0rst
0_02_
0_10_
1_03_
1_11_
0_04_
1_05_
0count[0]
1count[1]
0count[2]
1count[3]
#6522
0clk
0rst
1_02_
0_10_
1_03_
1_11_
0_04_
1_05_
1count[0]
1count[1]
0count[2]
1count[3]
#6523
0clk
0rst
0_02_
1_10_
0_03_
1_11_
1_04_
1_05_
0count[0]
0count[1]
1count[2]
1count[3]
#6524
0clk
0rst
1_02_
0_10_
0_03_
1_11_
1_04_
1_05_
1count[0]
0count[1]
1count[2]
1count[3]
#6525
0clk
0rst
0_02_
0_10_
1_03_
1_11_
1_04_
1_05_
0count[0]
1count[1]
1count[2]
1count[3]
#6526
0clk
0rst
1_02_
0_10_
1_03_
1_11_
1_04_
1_05_
1count[0]
1count[1]
1count[2]
1count[3]
#6527
0clk
0rst
0_02_
1_10_
0_03_
0_11_
0_04_
0_05_
0count[0]
0count[1]
0count[2]
0count[3]
#6528
0clk
0rst
1_02_
0_10_
0_03_
1_11_
0_04_
0_05_
1count[0]
0count[1]
0count[2]
0count[3]
#6529
0clk
0rst
0_02_
0_10_
1_03_
1_11_
0_04_
0_05_
0count[0]
1count[1]
0count[2]
0count[3]
#6530
0clk
0rst
1_02_
0_10_
1_03_
1_11_
0_04_
0_05_
1count[0]
1count[1]
0count[2]
0count[3]
#6531
0clk
0rst
0_02_
1_10_
0_03_
1_11_
1_04_
0_05_
0count[0]
0count[1]
1count[2]
0count[3]
#6532
0clk
0rst
1_02_
0_10_
0_03_
1_11_
1_04_
0_05_
1count[0]
0count[1]
1count[2]
0count[3]
#6533
0clk
0rst
0_02_
0_10_
1_03_
1_11_
1_04_
0_05_
0count[0]
1count[1]
1count[2]
0count[3]
#6534
0clk
0rst
1_02_
0_10_
1_03_
1_11_
1_04_
0_05_
1count[0]
1count[1]
1count[2]
0count[3]
#6535
0clk
0rst
0_02_
1_10_
0_03_
0_11_
0_04_
1_05_
0count[0]
0count[1]
0count[2]
1count[3]
#6536
0clk
0rst
1_02_
0_10_
0_03_
1_11_
0_04_
1_05_
1count[0]
0count[1]
0count[2]
1count[3]
#6537
0clk
0rst
0_02_
0_10_
1_03_
1_11_
0_04_
1_05_
0count[0]
1count[1]
0count[2]
1count[3]
#6538
0clk
0rst
1_02_
0_10_
1_03_
1_11_
0_04_
1_05_
1count[0]
1count[1]
0count[2]
1count[3]
#6539
0clk
0rst
0_02_
1_10_
0_03_
1_11_
1_04_
1_05_
0count[0]
0count[1]
1count[2]
1count[3]
#6540
0clk
0rst
1_02_
0_10_
0_03_
1_11_
1_04_
1_05_
1count[0]
0count[1]
1count[2]
1count[3]
#6541
0clk
0rst
0_02_
0_10_
1_03_
1_11_
1_04_
1_05_
0count[0]
1count[1]
1count[2]
1count[3]
#6542
0clk
0rst
1_02_
0_10_
1_03_
1_11_
1_04_
1_05_
1count[0]
1count[1]
1count[2]
1count[3]
#6543
0clk
0rst
0_02_
1_10_
0_03_
0_11_
0_04_
0_05_
0count[0]
0count[1]
0count[2]
0count[3]
#6544
0clk
0rst
1_02_
0_10_
0_03_
1_11_
0_04_
0_05_
1count[0]
0count[1]
0count[2]
0count[3]
#6545
0clk
0rst
0_02_
0_10_
1_03_
1_11_
0_04_
0_05_
0count[0]
1count[1]
0count[2]
0count[3]
#6546
0clk
0rst
1_02_
0_10_
1_03_
1_11_
0_04_
0_05_
1count[0]
1count[1]
0count[2]
0count[3]
#6547
0clk
0rst
0_02_
1_10_
0_03_
1_11_
1_04_
0_05_
0count[0]
0count[1]
1count[2]
0count[3]
#6548
0clk
0rst
1_02_
0_10_
0_03_
1_11_
1_04_
0_05_
1count[0]
0count[1]
1count[2]
0count[3]
#6549
0clk
0rst
0_02_
0_10_
1_03_
1_11_
1_04_
0_05_
0count[0]
1count[1]
1count[2]
0count[3]
#6550
0clk
0rst
1_02_
0_10_
1_03_
1_11_
1_04_
0_05_
1count[0]
1count[1]
1count[2]
0count[3]
#6551
0clk
0rst
0_02_
1_10_
0_03_
0_11_
0_04_
1_05_
0count[0]
0count[1]
0count[2]
1count[3]
#6552
0clk
0rst
1_02_
0_10_
0_03_
1_11_
0_04_
1_05_
1count[0]
0count[1]
0count[2]
1count[3]
#6553
0clk
0rst
0_02_
0_10_
1_03_
1_11_
0_04_
1_05_
0count[0]
1count[1]
0count[2]
1count[3]
#6554
0clk
0rst
1_02_
0_10_
1_03_
1_11_
0_04_
1_05_
1count[0]
1count[1]
0count[2]
1count[3]
#6555
0clk
0rst
0_02_
1_10_
0_03_
1_11_
1_04_
1_05_
0count[0]
0count[1]
1count[2]
1count[3]
#6556
0clk
0rst
1_02_
0_10_
0_03_
1_11_
1_04_
1_05_
1count[0]
0count[1]
1count[2]
1count[3]
#6557
0clk
0rst
0_02_
0_10_
1_03_
1_11_
1_04_
1_05_
0count[0]
1count[1]
1count[2]
1count[3]
#6558
0clk
0rst
1_02_
0_10_
1_03_
1_11_
1_04_
1_05_
1count[0]
1count[1]
1count[2]
1count[3]
#6559
0clk
0rst
0_02_
1_10_
0_03_
0_11_
0_04_
0_05_
0count[0]
0count[1]
0count[2]
0count[3]
#6560
0clk
0rst
1_02_
0_10_
0_03_
1_11_
0_04_
0_05_
1count[0]
0count[1]
0count[2]
0count[3]
#6561
0clk
0rst
0_02_
0_10_
1_03_
1_11_
0_04_
0_05_
0count[0]
1count[1]
0count[2]
0count[3]
#6562
0clk
0rst
1_02_
0_10_
1_03_
1_11_
0_04_
0_05_
1count[0]
1count[1]
0count[2]
0count[3]
#6563
0clk
0rst
0_02_
1_10_
0_03_
1_11_
1_04_
0_05_
0count[0]
0count[1]
1count[2]
0count[3]
#6564
0clk
0rst
1_02_
0_10_
0_03_
1_11_
1_04_
0_05_
1count[0]
0count[1]
1count[2]
0count[3]
#6565
0clk
0rst
0_02_
0_10_
1_03_
1_11_
1_04_
0_05_
0count[0]
1count[1]
1count[2]
0count[3]
#6566
0clk
0rst
1_02_
0_10_
1_03_
1_11_
1_04_
0_05_
1count[0]
1count[1]
1count[2]
0count[3]
#6567
0clk
0rst
0_02_
1_10_
0_03_
0_11_
0_04_
1_05_
0count[0]
0count[1]
0count[2]
1count[3]
#6568
0clk
0rst
1_02_
0_10_
0_03_
1_11_
0_04_
1_05_
1count[0]
0count[1]
0count[2]
1count[3]
#6569
0clk
0rst
0_02_
0_10_
1_03_
1_11_
0_04_
1_05_
0count[0]
1count[1]
0count[2]
1count[3]
#6570
0clk
0rst
1_02_
0_10_
1_03_
1_11_
0_04_
1_05_
1count[0]
1count[1]
0count[2]
1count[3]
#6571
0clk
0rst
0_02_
1_10_
0_03_
1_11_
1_04_
1_05_
0count[0]
0count[1]
1count[2]
1count[3]
#6572
0clk
0rst
1_02_
0_10_
0_03_
1_11_
1_04_
1_05_
1count[0]
0count[1]
1count[2]
1count[3]
#6573
0clk
0rst
0_02_
0_10_
1_03_
1_11_
1_04_
1_05_
0count[0]
1count[1]
1count[2]
1count[3]
#6574
0clk
0rst
1_02_
0_10_
1_03_
1_11_
1_04_
1_05_
1count[0]
1count[1]
1count[2]
1count[3]
#6575
0clk
0rst
0_02_
1_10_
0_03_
0_11_
0_04_
0_05_
0count[0]
0count[1]
0count[2]
0count[3]
#6576
0clk
0rst
1_02_
0_10_
0_03_
1_11_
0_04_
0_05_
1count[0]
0count[1]
0count[2]
0count[3]
#6577
0clk
0rst
0_02_
0_10_
1_03_
1_11_
0_04_
0_05_
0count[0]
1count[1]
0count[2]
0count[3]
#6578
0clk
0rst
1_02_
0_10_
1_03_
1_11_
0_04_
0_05_
1count[0]
1count[1]
0count[2]
0count[3]
#6579
0clk
0rst
0_02_
1_10_
0_03_
1_11_
1_04_
0_05_
0count[0]
0count[1]
1count[2]
0count[3]
#6580
0clk
0rst
1_02_
0_10_
0_03_
1_11_
1_04_
0_05_
1count[0]
0count[1]
1count[2]
0count[3]
#6581
0clk
0rst
0_02_
0_10_
1_03_
1_11_
1_04_
0_05_
0count[0]
1count[1]
1count[2]
0count[3]
#6582
0clk
0rst
1_02_
0_10_
1_03_
1_11_
1_04_
0_05_
1count[0]
1count[1]
1count[2]
0count[3]
#6583
0clk
0rst
0_02_
1_10_
0_03_
0_11_
0_04_
1_05_
0count[0]
0count[1]
0count[2]
1count[3]
#6584
0clk
0rst
1_02_
0_10_
0_03_
1_11_
0_04_
1_05_
1count[0]
0count[1]
0count[2]
1count[3]
#6585
0clk
0rst
0_02_
0_10_
1_03_
1_11_
0_04_
1_05_
0count[0]
1count[1]
0count[2]
1count[3]
#6586
0clk
0rst
1_02_
0_10_
1_03_
1_11_
0_04_
1_05_
1count[0]
1count[1]
0count[2]
1count[3]
#6587
0clk
0rst
0_02_
1_10_
0_03_
1_11_
1_04_
1_05_
0count[0]
0count[1]
1count[2]
1count[3]
#6588
0clk
0rst
1_02_
0_10_
0_03_
1_11_
1_04_
1_05_
1count[0]
0count[1]
1count[2]
1count[3]
#6589
0clk
0rst
0_02_
0_10_
1_03_
1_11_
1_04_
1_05_
0count[0]
1count[1]
1count[2]
1count[3]
#6590
0clk
0rst
1_02_
0_10_
1_03_
1_11_
1_04_
1_05_
1count[0]
1count[1]
1count[2]
1count[3]
#6591
0clk
0rst
0_02_
1_10_
0_03_
0_11_
0_04_
0_05_
0count[0]
0count[1]
0count[2]
0count[3]
#6592
0clk
0rst
1_02_
0_10_
0_03_
1_11_
0_04_
0_05_
1count[0]
0count[1]
0count[2]
0count[3]
#6593
0clk
0rst
0_02_
0_10_
1_03_
1_11_
0_04_
0_05_
0count[0]
1count[1]
0count[2]
0count[3]
#6594
0clk
0rst
1_02_
0_10_
1_03_
1_11_
0_04_
0_05_
1count[0]
1count[1]
0count[2]
0count[3]
#6595
0clk
0rst
0_02_
1_10_
0_03_
1_11_
1_04_
0_05_
0count[0]
0count[1]
1count[2]
0count[3]
#6596
0clk
0rst
1_02_
0_10_
0_03_
1_11_
1_04_
0_05_
1count[0]
0count[1]
1count[2]
0count[3]
#6597
0clk
0rst
0_02_
0_10_
1_03_
1_11_
1_04_
0_05_
0count[0]
1count[1]
1count[2]
0count[3]
#6598
0clk
0rst
1_02_
0_10_
1_03_
1_11_
1_04_
0_05_
1count[0]
1count[1]
1count[2]
0count[3]
#6599
0clk
0rst
0_02_
1_10_
0_03_
0_11_
0_04_
1_05_
0count[0]
0count[1]
0count[2]
1count[3]
#6600
0clk
0rst
1_02_
0_10_
0_03_
1_11_
0_04_
1_05_
1count[0]
0count[1]
0count[2]
1count[3]
#6601
0clk
0rst
0_02_
0_10_
1_03_
1_11_
0_04_
1_05_
0count[0]
1count[1]
0count[2]
1count[3]
#6602
0clk
0rst
1_02_
0_10_
1_03_
1_11_
0_04_
1_05_
1count[0]
1count[1]
0count[2]
1count[3]
#6603
0clk
0rst
0_02_
1_10_
0_03_
1_11_
1_04_
1_05_
0count[0]
0count[1]
1count[2]
1count[3]
#6604
0clk
0rst
1_02_
0_10_
0_03_
1_11_
1_04_
1_05_
1count[0]
0count[1]
1count[2]
1count[3]
#6605
0clk
0rst
0_02_
0_10_
1_03_
1_11_
1_04_
1_05_
0count[0]
1count[1]
1count[2]
1count[3]
#6606
0clk
0rst
1_02_
0_10_
1_03_
1_11_
1_04_
1_05_
1count[0]
1count[1]
1count[2]
1count[3]
#6607
0clk
0rst
0_02_
1_10_
0_03_
0_11_
0_04_
0_05_
0count[0]
0count[1]
0count[2]
0count[3]
#6608
0clk
0rst
1_02_
0_10_
0_03_
1_11_
0_04_
0_05_
1count[0]
0count[1]
0count[2]
0count[3]
#6609
0clk
0rst
0_02_
0_10_
1_03_
1_11_
0_04_
0_05_
0count[0]
1count[1]
0count[2]
0count[3]
#6610
0clk
0rst
1_02_
0_10_
1_03_
1_11_
0_04_
0_05_
1count[0]
1count[1]
0count[2]
0count[3]
#6611
0clk
0rst
0_02_
1_10_
0_03_
1_11_
1_04_
0_05_
0count[0]
0count[1]
1count[2]
0count[3]
#6612
0clk
0rst
1_02_
0_10_
0_03_
1_11_
1_04_
0_05_
1count[0]
0count[1]
1count[2]
0count[3]
#6613
0clk
0rst
0_02_
0_10_
1_03_
1_11_
1_04_
0_05_
0count[0]
1count[1]
1count[2]
0count[3]
#6614
0clk
0rst
1_02_
0_10_
1_03_
1_11_
1_04_
0_05_
1count[0]
1count[1]
1count[2]
0count[3]
#6615
0clk
0rst
0_02_
1_10_
0_03_
0_11_
0_04_
1_05_
0count[0]
0count[1]
0count[2]
1count[3]
#6616
0clk
0rst
1_02_
0_10_
0_03_
1_11_
0_04_
1_05_
1count[0]
0count[1]
0count[2]
1count[3]
#6617
0clk
0rst
0_02_
0_10_
1_03_
1_11_
0_04_
1_05_
0count[0]
1count[1]
0count[2]
1count[3]
#6618
0clk
0rst
1_02_
0_10_
1_03_
1_11_
0_04_
1_05_
1count[0]
1count[1]
0count[2]
1count[3]
#6619
0clk
0rst
0_02_
1_10_
0_03_
1_11_
1_04_
1_05_
0count[0]
0count[1]
1count[2]
1count[3]
#6620
0clk
0rst
1_02_
0_10_
0_03_
1_11_
1_04_
1_05_
1count[0]
0count[1]
1count[2]
1count[3]
#6621
0clk
0rst
0_02_
0_10_
1_03_
1_11_
1_04_
1_05_
0count[0]
1count[1]
1count[2]
1count[3]
#6622
0clk
0rst
1_02_
0_10_
1_03_
1_11_
1_04_
1_05_
1count[0]
1count[1]
1count[2]
1count[3]
#6623
0clk
0rst
0_02_
1_10_
0_03_
0_11_
0_04_
0_05_
0count[0]
0count[1]
0count[2]
0count[3]
#6624
0clk
0rst
1_02_
0_10_
0_03_
1_11_
0_04_
0_05_
1count[0]
0count[1]
0count[2]
0count[3]
#6625
0clk
0rst
0_02_
0_10_
1_03_
1_11_
0_04_
0_05_
0count[0]
1count[1]
0count[2]
0count[3]
#6626
0clk
0rst
1_02_
0_10_
1_03_
1_11_
0_04_
0_05_
1count[0]
1count[1]
0count[2]
0count[3]
#6627
0clk
0rst
0_02_
1_10_
0_03_
1_11_
1_04_
0_05_
0count[0]
0count[1]
1count[2]
0count[3]
#6628
0clk
0rst
1_02_
0_10_
0_03_
1_11_
1_04_
0_05_
1count[0]
0count[1]
1count[2]
0count[3]
#6629
0clk
0rst
0_02_
0_10_
1_03_
1_11_
1_04_
0_05_
0count[0]
1count[1]
1count[2]
0count[3]
#6630
0clk
0rst
1_02_
0_10_
1_03_
1_11_
1_04_
0_05_
1count[0]
1count[1]
1count[2]
0count[3]
#6631
0clk
0rst
0_02_
1_10_
0_03_
0_11_
0_04_
1_05_
0count[0]
0count[1]
0count[2]
1count[3]
#6632
0clk
0rst
1_02_
0_10_
0_03_
1_11_
0_04_
1_05_
1count[0]
0count[1]
0count[2]
1count[3]
#6633
0clk
0rst
0_02_
0_10_
1_03_
1_11_
0_04_
1_05_
0count[0]
1count[1]
0count[2]
1count[3]
#6634
0clk
0rst
1_02_
0_10_
1_03_
1_11_
0_04_
1_05_
1count[0]
1count[1]
0count[2]
1count[3]
#6635
0clk
0rst
0_02_
1_10_
0_03_
1_11_
1_04_
1_05_
0count[0]
0count[1]
1count[2]
1count[3]
#6636
0clk
0rst
1_02_
0_10_
0_03_
1_11_
1_04_
1_05_
1count[0]
0count[1]
1count[2]
1count[3]
#6637
0clk
0rst
0_02_
0_10_
1_03_
1_11_
1_04_
1_05_
0count[0]
1count[1]
1count[2]
1count[3]
#6638
0clk
0rst
1_02_
0_10_
1_03_
1_11_
1_04_
1_05_
1count[0]
1count[1]
1count[2]
1count[3]
#6639
0clk
0rst
0_02_
1_10_
0_03_
0_11_
0_04_
0_05_
0count[0]
0count[1]
0count[2]
0count[3]
#6640
0clk
0rst
1_02_
0_10_
0_03_
1_11_
0_04_
0_05_
1count[0]
0count[1]
0count[2]
0count[3]
#6641
0clk
0rst
0_02_
0_10_
1_03_
1_11_
0_04_
0_05_
0count[0]
1count[1]
0count[2]
0count[3]
#6642
0clk
0rst
1_02_
0_10_
1_03_
1_11_
0_04_
0_05_
1count[0]
1count[1]
0count[2]
0count[3]
#6643
0clk
0rst
0_02_
1_10_
0_03_
1_11_
1_04_
0_05_
0count[0]
0count[1]
1count[2]
0count[3]
#6644
0clk
0rst
1_02_
0_10_
0_03_
1_11_
1_04_
0_05_
1count[0]
0count[1]
1count[2]
0count[3]
#6645
0clk
0rst
0_02_
0_10_
1_03_
1_11_
1_04_
0_05_
0count[0]
1count[1]
1count[2]
0count[3]
#6646
0clk
0rst
1_02_
0_10_
1_03_
1_11_
1_04_
0_05_
1count[0]
1count[1]
1count[2]
0count[3]
#6647
0clk
0rst
0_02_
1_10_
0_03_
0_11_
0_04_
1_05_
0count[0]
0count[1]
0count[2]
1count[3]
#6648
0clk
0rst
1_02_
0_10_
0_03_
1_11_
0_04_
1_05_
1count[0]
0count[1]
0count[2]
1count[3]
#6649
0clk
0rst
0_02_
0_10_
1_03_
1_11_
0_04_
1_05_
0count[0]
1count[1]
0count[2]
1count[3]
#6650
0clk
0rst
1_02_
0_10_
1_03_
1_11_
0_04_
1_05_
1count[0]
1count[1]
0count[2]
1count[3]
#6651
0clk
0rst
0_02_
1_10_
0_03_
1_11_
1_04_
1_05_
0count[0]
0count[1]
1count[2]
1count[3]
#6652
0clk
0rst
1_02_
0_10_
0_03_
1_11_
1_04_
1_05_
1count[0]
0count[1]
1count[2]
1count[3]
#6653
0clk
0rst
0_02_
0_10_
1_03_
1_11_
1_04_
1_05_
0count[0]
1count[1]
1count[2]
1count[3]
#6654
0clk
0rst
1_02_
0_10_
1_03_
1_11_
1_04_
1_05_
1count[0]
1count[1]
1count[2]
1count[3]
#6655
0clk
0rst
0_02_
1_10_
0_03_
0_11_
0_04_
0_05_
0count[0]
0count[1]
0count[2]
0count[3]
#6656
0clk
0rst
1_02_
0_10_
0_03_
1_11_
0_04_
0_05_
1count[0]
0count[1]
0count[2]
0count[3]
#6657
0clk
0rst
0_02_
0_10_
1_03_
1_11_
0_04_
0_05_
0count[0]
1count[1]
0count[2]
0count[3]
#6658
0clk
0rst
1_02_
0_10_
1_03_
1_11_
0_04_
0_05_
1count[0]
1count[1]
0count[2]
0count[3]
#6659
0clk
0rst
0_02_
1_10_
0_03_
1_11_
1_04_
0_05_
0count[0]
0count[1]
1count[2]
0count[3]
#6660
0clk
0rst
1_02_
0_10_
0_03_
1_11_
1_04_
0_05_
1count[0]
0count[1]
1count[2]
0count[3]
#6661
0clk
0rst
0_02_
0_10_
1_03_
1_11_
1_04_
0_05_
0count[0]
1count[1]
1count[2]
0count[3]
#6662
0clk
0rst
1_02_
0_10_
1_03_
1_11_
1_04_
0_05_
1count[0]
1count[1]
1count[2]
0count[3]
#6663
0clk
0rst
0_02_
1_10_
0_03_
0_11_
0_04_
1_05_
0count[0]
0count[1]
0count[2]
1count[3]
#6664
0clk
0rst
1_02_
0_10_
0_03_
1_11_
0_04_
1_05_
1count[0]
0count[1]
0count[2]
1count[3]
#6665
0clk
0rst
0_02_
0_10_
1_03_
1_11_
0_04_
1_05_
0count[0]
1count[1]
0count[2]
1count[3]
#6666
0clk
0rst
1_02_
0_10_
1_03_
1_11_
0_04_
1_05_
1count[0]
1count[1]
0count[2]
1count[3]
#6667
0clk
0rst
0_02_
1_10_
0_03_
1_11_
1_04_
1_05_
0count[0]
0count[1]
1count[2]
1count[3]
#6668
0clk
0rst
1_02_
0_10_
0_03_
1_11_
1_04_
1_05_
1count[0]
0count[1]
1count[2]
1count[3]
#6669
0clk
0rst
0_02_
0_10_
1_03_
1_11_
1_04_
1_05_
0count[0]
1count[1]
1count[2]
1count[3]
#6670
0clk
0rst
1_02_
0_10_
1_03_
1_11_
1_04_
1_05_
1count[0]
1count[1]
1count[2]
1count[3]
#6671
0clk
0rst
0_02_
1_10_
0_03_
0_11_
0_04_
0_05_
0count[0]
0count[1]
0count[2]
0count[3]
#6672
0clk
0rst
1_02_
0_10_
0_03_
1_11_
0_04_
0_05_
1count[0]
0count[1]
0count[2]
0count[3]
#6673
0clk
0rst
0_02_
0_10_
1_03_
1_11_
0_04_
0_05_
0count[0]
1count[1]
0count[2]
0count[3]
#6674
0clk
0rst
1_02_
0_10_
1_03_
1_11_
0_04_
0_05_
1count[0]
1count[1]
0count[2]
0count[3]
#6675
0clk
0rst
0_02_
1_10_
0_03_
1_11_
1_04_
0_05_
0count[0]
0count[1]
1count[2]
0count[3]
#6676
0clk
0rst
1_02_
0_10_
0_03_
1_11_
1_04_
0_05_
1count[0]
0count[1]
1count[2]
0count[3]
#6677
0clk
0rst
0_02_
0_10_
1_03_
1_11_
1_04_
0_05_
0count[0]
1count[1]
1count[2]
0count[3]
#6678
0clk
0rst
1_02_
0_10_
1_03_
1_11_
1_04_
0_05_
1count[0]
1count[1]
1count[2]
0count[3]
#6679
0clk
0rst
0_02_
1_10_
0_03_
0_11_
0_04_
1_05_
0count[0]
0count[1]
0count[2]
1count[3]
#6680
0clk
0rst
1_02_
0_10_
0_03_
1_11_
0_04_
1_05_
1count[0]
0count[1]
0count[2]
1count[3]
#6681
0clk
0rst
0_02_
0_10_
1_03_
1_11_
0_04_
1_05_
0count[0]
1count[1]
0count[2]
1count[3]
#6682
0clk
0rst
1_02_
0_10_
1_03_
1_11_
0_04_
1_05_
1count[0]
1count[1]
0count[2]
1count[3]
#6683
0clk
0rst
0_02_
1_10_
0_03_
1_11_
1_04_
1_05_
0count[0]
0count[1]
1count[2]
1count[3]
#6684
0clk
0rst
1_02_
0_10_
0_03_
1_11_
1_04_
1_05_
1count[0]
0count[1]
1count[2]
1count[3]
#6685
0clk
0rst
0_02_
0_10_
1_03_
1_11_
1_04_
1_05_
0count[0]
1count[1]
1count[2]
1count[3]
#6686
0clk
0rst
1_02_
0_10_
1_03_
1_11_
1_04_
1_05_
1count[0]
1count[1]
1count[2]
1count[3]
#6687
0clk
0rst
0_02_
1_10_
0_03_
0_11_
0_04_
0_05_
0count[0]
0count[1]
0count[2]
0count[3]
#6688
0clk
0rst
1_02_
0_10_
0_03_
1_11_
0_04_
0_05_
1count[0]
0count[1]
0count[2]
0count[3]
#6689
0clk
0rst
0_02_
0_10_
1_03_
1_11_
0_04_
0_05_
0count[0]
1count[1]
0count[2]
0count[3]
#6690
0clk
0rst
1_02_
0_10_
1_03_
1_11_
0_04_
0_05_
1count[0]
1count[1]
0count[2]
0count[3]
#6691
0clk
0rst
0_02_
1_10_
0_03_
1_11_
1_04_
0_05_
0count[0]
0count[1]
1count[2]
0count[3]
#6692
0clk
0rst
1_02_
0_10_
0_03_
1_11_
1_04_
0_05_
1count[0]
0count[1]
1count[2]
0count[3]
#6693
0clk
0rst
0_02_
0_10_
1_03_
1_11_
1_04_
0_05_
0count[0]
1count[1]
1count[2]
0count[3]
#6694
0clk
0rst
1_02_
0_10_
1_03_
1_11_
1_04_
0_05_
1count[0]
1count[1]
1count[2]
0count[3]
#6695
0clk
0rst
0_02_
1_10_
0_03_
0_11_
0_04_
1_05_
0count[0]
0count[1]
0count[2]
1count[3]
#6696
0clk
0rst
1_02_
0_10_
0_03_
1_11_
0_04_
1_05_
1count[0]
0count[1]
0count[2]
1count[3]
#6697
0clk
0rst
0_02_
0_10_
1_03_
1_11_
0_04_
1_05_
0count[0]
1count[1]
0count[2]
1count[3]
#6698
0clk
0rst
1_02_
0_10_
1_03_
1_11_
0_04_
1_05_
1count[0]
1count[1]
0count[2]
1count[3]
#6699
0clk
0rst
0_02_
1_10_
0_03_
1_11_
1_04_
1_05_
0count[0]
0count[1]
1count[2]
1count[3]
#6700
0clk
0rst
1_02_
0_10_
0_03_
1_11_
1_04_
1_05_
1count[0]
0count[1]
1count[2]
1count[3]
#6701
0clk
0rst
0_02_
0_10_
1_03_
1_11_
1_04_
1_05_
0count[0]
1count[1]
1count[2]
1count[3]
#6702
0clk
0rst
1_02_
0_10_
1_03_
1_11_
1_04_
1_05_
1count[0]
1count[1]
1count[2]
1count[3]
#6703
0clk
0rst
0_02_
1_10_
0_03_
0_11_
0_04_
0_05_
0count[0]
0count[1]
0count[2]
0count[3]
#6704
0clk
0rst
1_02_
0_10_
0_03_
1_11_
0_04_
0_05_
1count[0]
0count[1]
0count[2]
0count[3]
#6705
0clk
0rst
0_02_
0_10_
1_03_
1_11_
0_04_
0_05_
0count[0]
1count[1]
0count[2]
0count[3]
#6706
0clk
0rst
1_02_
0_10_
1_03_
1_11_
0_04_
0_05_
1count[0]
1count[1]
0count[2]
0count[3]
#6707
0clk
0rst
0_02_
1_10_
0_03_
1_11_
1_04_
0_05_
0count[0]
0count[1]
1count[2]
0count[3]
#6708
0clk
0rst
1_02_
0_10_
0_03_
1_11_
1_04_
0_05_
1count[0]
0count[1]
1count[2]
0count[3]
#6709
0clk
0rst
0_02_
0_10_
1_03_
1_11_
1_04_
0_05_
0count[0]
1count[1]
1count[2]
0count[3]
#6710
0clk
0rst
1_02_
0_10_
1_03_
1_11_
1_04_
0_05_
1count[0]
1count[1]
1count[2]
0count[3]
#6711
0clk
0rst
0_02_
1_10_
0_03_
0_11_
0_04_
1_05_
0count[0]
0count[1]
0count[2]
1count[3]
#6712
0clk
0rst
1_02_
0_10_
0_03_
1_11_
0_04_
1_05_
1count[0]
0count[1]
0count[2]
1count[3]
#6713
0clk
0rst
0_02_
0_10_
1_03_
1_11_
0_04_
1_05_
0count[0]
1count[1]
0count[2]
1count[3]
#6714
0clk
0rst
1_02_
0_10_
1_03_
1_11_
0_04_
1_05_
1count[0]
1count[1]
0count[2]
1count[3]
#6715
0clk
0rst
0_02_
1_10_
0_03_
1_11_
1_04_
1_05_
0count[0]
0count[1]
1count[2]
1count[3]
#6716
0clk
0rst
1_02_
0_10_
0_03_
1_11_
1_04_
1_05_
1count[0]
0count[1]
1count[2]
1count[3]
#6717
0clk
0rst
0_02_
0_10_
1_03_
1_11_
1_04_
1_05_
0count[0]
1count[1]
1count[2]
1count[3]
#6718
0clk
0rst
1_02_
0_10_
1_03_
1_11_
1_04_
1_05_
1count[0]
1count[1]
1count[2]
1count[3]
#6719
0clk
0rst
0_02_
1_10_
0_03_
0_11_
0_04_
0_05_
0count[0]
0count[1]
0count[2]
0count[3]
#6720
0clk
0rst
1_02_
0_10_
0_03_
1_11_
0_04_
0_05_
1count[0]
0count[1]
0count[2]
0count[3]
#6721
0clk
0rst
0_02_
0_10_
1_03_
1_11_
0_04_
0_05_
0count[0]
1count[1]
0count[2]
0count[3]
#6722
0clk
0rst
1_02_
0_10_
1_03_
1_11_
0_04_
0_05_
1count[0]
1count[1]
0count[2]
0count[3]
#6723
0clk
0rst
0_02_
1_10_
0_03_
1_11_
1_04_
0_05_
0count[0]
0count[1]
1count[2]
0count[3]
#6724
0clk
0rst
1_02_
0_10_
0_03_
1_11_
1_04_
0_05_
1count[0]
0count[1]
1count[2]
0count[3]
#6725
0clk
0rst
0_02_
0_10_
1_03_
1_11_
1_04_
0_05_
0count[0]
1count[1]
1count[2]
0count[3]
#6726
0clk
0rst
1_02_
0_10_
1_03_
1_11_
1_04_
0_05_
1count[0]
1count[1]
1count[2]
0count[3]
#6727
0clk
0rst
0_02_
1_10_
0_03_
0_11_
0_04_
1_05_
0count[0]
0count[1]
0count[2]
1count[3]
#6728
0clk
0rst
1_02_
0_10_
0_03_
1_11_
0_04_
1_05_
1count[0]
0count[1]
0count[2]
1count[3]
#6729
0clk
0rst
0_02_
0_10_
1_03_
1_11_
0_04_
1_05_
0count[0]
1count[1]
0count[2]
1count[3]
#6730
0clk
0rst
1_02_
0_10_
1_03_
1_11_
0_04_
1_05_
1count[0]
1count[1]
0count[2]
1count[3]
#6731
0clk
0rst
0_02_
1_10_
0_03_
1_11_
1_04_
1_05_
0count[0]
0count[1]
1count[2]
1count[3]
#6732
0clk
0rst
1_02_
0_10_
0_03_
1_11_
1_04_
1_05_
1count[0]
0count[1]
1count[2]
1count[3]
#6733
0clk
0rst
0_02_
0_10_
1_03_
1_11_
1_04_
1_05_
0count[0]
1count[1]
1count[2]
1count[3]
#6734
0clk
0rst
1_02_
0_10_
1_03_
1_11_
1_04_
1_05_
1count[0]
1count[1]
1count[2]
1count[3]
#6735
0clk
0rst
0_02_
1_10_
0_03_
0_11_
0_04_
0_05_
0count[0]
0count[1]
0count[2]
0count[3]
#6736
0clk
0rst
1_02_
0_10_
0_03_
1_11_
0_04_
0_05_
1count[0]
0count[1]
0count[2]
0count[3]
#6737
0clk
0rst
0_02_
0_10_
1_03_
1_11_
0_04_
0_05_
0count[0]
1count[1]
0count[2]
0count[3]
#6738
0clk
0rst
1_02_
0_10_
1_03_
1_11_
0_04_
0_05_
1count[0]
1count[1]
0count[2]
0count[3]
#6739
0clk
0rst
0_02_
1_10_
0_03_
1_11_
1_04_
0_05_
0count[0]
0count[1]
1count[2]
0count[3]
#6740
0clk
0rst
1_02_
0_10_
0_03_
1_11_
1_04_
0_05_
1count[0]
0count[1]
1count[2]
0count[3]
#6741
0clk
0rst
0_02_
0_10_
1_03_
1_11_
1_04_
0_05_
0count[0]
1count[1]
1count[2]
0count[3]
#6742
0clk
0rst
1_02_
0_10_
1_03_
1_11_
1_04_
0_05_
1count[0]
1count[1]
1count[2]
0count[3]
#6743
0clk
0rst
0_02_
1_10_
0_03_
0_11_
0_04_
1_05_
0count[0]
0count[1]
0count[2]
1count[3]
#6744
0clk
0rst
1_02_
0_10_
0_03_
1_11_
0_04_
1_05_
1count[0]
0count[1]
0count[2]
1count[3]
#6745
0clk
0rst
0_02_
0_10_
1_03_
1_11_
0_04_
1_05_
0count[0]
1count[1]
0count[2]
1count[3]
#6746
0clk
0rst
1_02_
0_10_
1_03_
1_11_
0_04_
1_05_
1count[0]
1count[1]
0count[2]
1count[3]
#6747
0clk
0rst
0_02_
1_10_
0_03_
1_11_
1_04_
1_05_
0count[0]
0count[1]
1count[2]
1count[3]
#6748
0clk
0rst
1_02_
0_10_
0_03_
1_11_
1_04_
1_05_
1count[0]
0count[1]
1count[2]
1count[3]
#6749
0clk
0rst
0_02_
0_10_
1_03_
1_11_
1_04_
1_05_
0count[0]
1count[1]
1count[2]
1count[3]
#6750
0clk
0rst
1_02_
0_10_
1_03_
1_11_
1_04_
1_05_
1count[0]
1count[1]
1count[2]
1count[3]
#6751
0clk
0rst
0_02_
1_10_
0_03_
0_11_
0_04_
0_05_
0count[0]
0count[1]
0count[2]
0count[3]
#6752
0clk
0rst
1_02_
0_10_
0_03_
1_11_
0_04_
0_05_
1count[0]
0count[1]
0count[2]
0count[3]
#6753
0clk
0rst
0_02_
0_10_
1_03_
1_11_
0_04_
0_05_
0count[0]
1count[1]
0count[2]
0count[3]
#6754
0clk
0rst
1_02_
0_10_
1_03_
1_11_
0_04_
0_05_
1count[0]
1count[1]
0count[2]
0count[3]
#6755
0clk
0rst
0_02_
1_10_
0_03_
1_11_
1_04_
0_05_
0count[0]
0count[1]
1count[2]
0count[3]
#6756
0clk
0rst
1_02_
0_10_
0_03_
1_11_
1_04_
0_05_
1count[0]
0count[1]
1count[2]
0count[3]
#6757
0clk
0rst
0_02_
0_10_
1_03_
1_11_
1_04_
0_05_
0count[0]
1count[1]
1count[2]
0count[3]
#6758
0clk
0rst
1_02_
0_10_
1_03_
1_11_
1_04_
0_05_
1count[0]
1count[1]
1count[2]
0count[3]
#6759
0clk
0rst
0_02_
1_10_
0_03_
0_11_
0_04_
1_05_
0count[0]
0count[1]
0count[2]
1count[3]
#6760
0clk
0rst
1_02_
0_10_
0_03_
1_11_
0_04_
1_05_
1count[0]
0count[1]
0count[2]
1count[3]
#6761
0clk
0rst
0_02_
0_10_
1_03_
1_11_
0_04_
1_05_
0count[0]
1count[1]
0count[2]
1count[3]
#6762
0clk
0rst
1_02_
0_10_
1_03_
1_11_
0_04_
1_05_
1count[0]
1count[1]
0count[2]
1count[3]
#6763
0clk
0rst
0_02_
1_10_
0_03_
1_11_
1_04_
1_05_
0count[0]
0count[1]
1count[2]
1count[3]
#6764
0clk
0rst
1_02_
0_10_
0_03_
1_11_
1_04_
1_05_
1count[0]
0count[1]
1count[2]
1count[3]
#6765
0clk
0rst
0_02_
0_10_
1_03_
1_11_
1_04_
1_05_
0count[0]
1count[1]
1count[2]
1count[3]
#6766
0clk
0rst
1_02_
0_10_
1_03_
1_11_
1_04_
1_05_
1count[0]
1count[1]
1count[2]
1count[3]
#6767
0clk
0rst
0_02_
1_10_
0_03_
0_11_
0_04_
0_05_
0count[0]
0count[1]
0count[2]
0count[3]
#6768
0clk
0rst
1_02_
0_10_
0_03_
1_11_
0_04_
0_05_
1count[0]
0count[1]
0count[2]
0count[3]
#6769
0clk
0rst
0_02_
0_10_
1_03_
1_11_
0_04_
0_05_
0count[0]
1count[1]
0count[2]
0count[3]
#6770
0clk
0rst
1_02_
0_10_
1_03_
1_11_
0_04_
0_05_
1count[0]
1count[1]
0count[2]
0count[3]
#6771
0clk
0rst
0_02_
1_10_
0_03_
1_11_
1_04_
0_05_
0count[0]
0count[1]
1count[2]
0count[3]
#6772
0clk
0rst
1_02_
0_10_
0_03_
1_11_
1_04_
0_05_
1count[0]
0count[1]
1count[2]
0count[3]
#6773
0clk
0rst
0_02_
0_10_
1_03_
1_11_
1_04_
0_05_
0count[0]
1count[1]
1count[2]
0count[3]
#6774
0clk
0rst
1_02_
0_10_
1_03_
1_11_
1_04_
0_05_
1count[0]
1count[1]
1count[2]
0count[3]
#6775
0clk
0rst
0_02_
1_10_
0_03_
0_11_
0_04_
1_05_
0count[0]
0count[1]
0count[2]
1count[3]
#6776
0clk
0rst
1_02_
0_10_
0_03_
1_11_
0_04_
1_05_
1count[0]
0count[1]
0count[2]
1count[3]
#6777
0clk
0rst
0_02_
0_10_
1_03_
1_11_
0_04_
1_05_
0count[0]
1count[1]
0count[2]
1count[3]
#6778
0clk
0rst
1_02_
0_10_
1_03_
1_11_
0_04_
1_05_
1count[0]
1count[1]
0count[2]
1count[3]
#6779
0clk
0rst
0_02_
1_10_
0_03_
1_11_
1_04_
1_05_
0count[0]
0count[1]
1count[2]
1count[3]
#6780
0clk
0rst
1_02_
0_10_
0_03_
1_11_
1_04_
1_05_
1count[0]
0count[1]
1count[2]
1count[3]
#6781
0clk
0rst
0_02_
0_10_
1_03_
1_11_
1_04_
1_05_
0count[0]
1count[1]
1count[2]
1count[3]
#6782
0clk
0rst
1_02_
0_10_
1_03_
1_11_
1_04_
1_05_
1count[0]
1count[1]
1count[2]
1count[3]
#6783
0clk
0rst
0_02_
1_10_
0_03_
0_11_
0_04_
0_05_
0count[0]
0count[1]
0count[2]
0count[3]
#6784
0clk
0rst
1_02_
0_10_
0_03_
1_11_
0_04_
0_05_
1count[0]
0count[1]
0count[2]
0count[3]
#6785
0clk
0rst
0_02_
0_10_
1_03_
1_11_
0_04_
0_05_
0count[0]
1count[1]
0count[2]
0count[3]
#6786
0clk
0rst
1_02_
0_10_
1_03_
1_11_
0_04_
0_05_
1count[0]
1count[1]
0count[2]
0count[3]
#6787
0clk
0rst
0_02_
1_10_
0_03_
1_11_
1_04_
0_05_
0count[0]
0count[1]
1count[2]
0count[3]
#6788
0clk
0rst
1_02_
0_10_
0_03_
1_11_
1_04_
0_05_
1count[0]
0count[1]
1count[2]
0count[3]
#6789
0clk
0rst
0_02_
0_10_
1_03_
1_11_
1_04_
0_05_
0count[0]
1count[1]
1count[2]
0count[3]
#6790
0clk
0rst
1_02_
0_10_
1_03_
1_11_
1_04_
0_05_
1count[0]
1count[1]
1count[2]
0count[3]
#6791
0clk
0rst
0_02_
1_10_
0_03_
0_11_
0_04_
1_05_
0count[0]
0count[1]
0count[2]
1count[3]
#6792
0clk
0rst
1_02_
0_10_
0_03_
1_11_
0_04_
1_05_
1count[0]
0count[1]
0count[2]
1count[3]
#6793
0clk
0rst
0_02_
0_10_
1_03_
1_11_
0_04_
1_05_
0count[0]
1count[1]
0count[2]
1count[3]
#6794
0clk
0rst
1_02_
0_10_
1_03_
1_11_
0_04_
1_05_
1count[0]
1count[1]
0count[2]
1count[3]
#6795
0clk
0rst
0_02_
1_10_
0_03_
1_11_
1_04_
1_05_
0count[0]
0count[1]
1count[2]
1count[3]
#6796
0clk
0rst
1_02_
0_10_
0_03_
1_11_
1_04_
1_05_
1count[0]
0count[1]
1count[2]
1count[3]
#6797
0clk
0rst
0_02_
0_10_
1_03_
1_11_
1_04_
1_05_
0count[0]
1count[1]
1count[2]
1count[3]
#6798
0clk
0rst
1_02_
0_10_
1_03_
1_11_
1_04_
1_05_
1count[0]
1count[1]
1count[2]
1count[3]
#6799
0clk
0rst
0_02_
1_10_
0_03_
0_11_
0_04_
0_05_
0count[0]
0count[1]
0count[2]
0count[3]
#6800
0clk
0rst
1_02_
0_10_
0_03_
1_11_
0_04_
0_05_
1count[0]
0count[1]
0count[2]
0count[3]
#6801
0clk
0rst
0_02_
0_10_
1_03_
1_11_
0_04_
0_05_
0count[0]
1count[1]
0count[2]
0count[3]
#6802
0clk
0rst
1_02_
0_10_
1_03_
1_11_
0_04_
0_05_
1count[0]
1count[1]
0count[2]
0count[3]
#6803
0clk
0rst
0_02_
1_10_
0_03_
1_11_
1_04_
0_05_
0count[0]
0count[1]
1count[2]
0count[3]
#6804
0clk
0rst
1_02_
0_10_
0_03_
1_11_
1_04_
0_05_
1count[0]
0count[1]
1count[2]
0count[3]
#6805
0clk
0rst
0_02_
0_10_
1_03_
1_11_
1_04_
0_05_
0count[0]
1count[1]
1count[2]
0count[3]
#6806
0clk
0rst
1_02_
0_10_
1_03_
1_11_
1_04_
0_05_
1count[0]
1count[1]
1count[2]
0count[3]
#6807
0clk
0rst
0_02_
1_10_
0_03_
0_11_
0_04_
1_05_
0count[0]
0count[1]
0count[2]
1count[3]
#6808
0clk
0rst
1_02_
0_10_
0_03_
1_11_
0_04_
1_05_
1count[0]
0count[1]
0count[2]
1count[3]
#6809
0clk
0rst
0_02_
0_10_
1_03_
1_11_
0_04_
1_05_
0count[0]
1count[1]
0count[2]
1count[3]
#6810
0clk
0rst
1_02_
0_10_
1_03_
1_11_
0_04_
1_05_
1count[0]
1count[1]
0count[2]
1count[3]
#6811
0clk
0rst
0_02_
1_10_
0_03_
1_11_
1_04_
1_05_
0count[0]
0count[1]
1count[2]
1count[3]
#6812
0clk
0rst
1_02_
0_10_
0_03_
1_11_
1_04_
1_05_
1count[0]
0count[1]
1count[2]
1count[3]
#6813
0clk
0rst
0_02_
0_10_
1_03_
1_11_
1_04_
1_05_
0count[0]
1count[1]
1count[2]
1count[3]
#6814
0clk
0rst
1_02_
0_10_
1_03_
1_11_
1_04_
1_05_
1count[0]
1count[1]
1count[2]
1count[3]
#6815
0clk
0rst
0_02_
1_10_
0_03_
0_11_
0_04_
0_05_
0count[0]
0count[1]
0count[2]
0count[3]
#6816
0clk
0rst
1_02_
0_10_
0_03_
1_11_
0_04_
0_05_
1count[0]
0count[1]
0count[2]
0count[3]
#6817
0clk
0rst
0_02_
0_10_
1_03_
1_11_
0_04_
0_05_
0count[0]
1count[1]
0count[2]
0count[3]
#6818
0clk
0rst
1_02_
0_10_
1_03_
1_11_
0_04_
0_05_
1count[0]
1count[1]
0count[2]
0count[3]
#6819
0clk
0rst
0_02_
1_10_
0_03_
1_11_
1_04_
0_05_
0count[0]
0count[1]
1count[2]
0count[3]
#6820
0clk
0rst
1_02_
0_10_
0_03_
1_11_
1_04_
0_05_
1count[0]
0count[1]
1count[2]
0count[3]
#6821
0clk
0rst
0_02_
0_10_
1_03_
1_11_
1_04_
0_05_
0count[0]
1count[1]
1count[2]
0count[3]
#6822
0clk
0rst
1_02_
0_10_
1_03_
1_11_
1_04_
0_05_
1count[0]
1count[1]
1count[2]
0count[3]
#6823
0clk
0rst
0_02_
1_10_
0_03_
0_11_
0_04_
1_05_
0count[0]
0count[1]
0count[2]
1count[3]
#6824
0clk
0rst
1_02_
0_10_
0_03_
1_11_
0_04_
1_05_
1count[0]
0count[1]
0count[2]
1count[3]
#6825
0clk
0rst
0_02_
0_10_
1_03_
1_11_
0_04_
1_05_
0count[0]
1count[1]
0count[2]
1count[3]
#6826
0clk
0rst
1_02_
0_10_
1_03_
1_11_
0_04_
1_05_
1count[0]
1count[1]
0count[2]
1count[3]
#6827
0clk
0rst
0_02_
1_10_
0_03_
1_11_
1_04_
1_05_
0count[0]
0count[1]
1count[2]
1count[3]
#6828
0clk
0rst
1_02_
0_10_
0_03_
1_11_
1_04_
1_05_
1count[0]
0count[1]
1count[2]
1count[3]
#6829
0clk
0rst
0_02_
0_10_
1_03_
1_11_
1_04_
1_05_
0count[0]
1count[1]
1count[2]
1count[3]
#6830
0clk
0rst
1_02_
0_10_
1_03_
1_11_
1_04_
1_05_
1count[0]
1count[1]
1count[2]
1count[3]
#6831
0clk
0rst
0_02_
1_10_
0_03_
0_11_
0_04_
0_05_
0count[0]
0count[1]
0count[2]
0count[3]
#6832
0clk
0rst
1_02_
0_10_
0_03_
1_11_
0_04_
0_05_
1count[0]
0count[1]
0count[2]
0count[3]
#6833
0clk
0rst
0_02_
0_10_
1_03_
1_11_
0_04_
0_05_
0count[0]
1count[1]
0count[2]
0count[3]
#6834
0clk
0rst
1_02_
0_10_
1_03_
1_11_
0_04_
0_05_
1count[0]
1count[1]
0count[2]
0count[3]
#6835
0clk
0rst
0_02_
1_10_
0_03_
1_11_
1_04_
0_05_
0count[0]
0count[1]
1count[2]
0count[3]
#6836
0clk
0rst
1_02_
0_10_
0_03_
1_11_
1_04_
0_05_
1count[0]
0count[1]
1count[2]
0count[3]
#6837
0clk
0rst
0_02_
0_10_
1_03_
1_11_
1_04_
0_05_
0count[0]
1count[1]
1count[2]
0count[3]
#6838
0clk
0rst
1_02_
0_10_
1_03_
1_11_
1_04_
0_05_
1count[0]
1count[1]
1count[2]
0count[3]
#6839
0clk
0rst
0_02_
1_10_
0_03_
0_11_
0_04_
1_05_
0count[0]
0count[1]
0count[2]
1count[3]
#6840
0clk
0rst
1_02_
0_10_
0_03_
1_11_
0_04_
1_05_
1count[0]
0count[1]
0count[2]
1count[3]
#6841
0clk
0rst
0_02_
0_10_
1_03_
1_11_
0_04_
1_05_
0count[0]
1count[1]
0count[2]
1count[3]
#6842
0clk
0rst
1_02_
0_10_
1_03_
1_11_
0_04_
1_05_
1count[0]
1count[1]
0count[2]
1count[3]
#6843
0clk
0rst
0_02_
1_10_
0_03_
1_11_
1_04_
1_05_
0count[0]
0count[1]
1count[2]
1count[3]
#6844
0clk
0rst
1_02_
0_10_
0_03_
1_11_
1_04_
1_05_
1count[0]
0count[1]
1count[2]
1count[3]
#6845
0clk
0rst
0_02_
0_10_
1_03_
1_11_
1_04_
1_05_
0count[0]
1count[1]
1count[2]
1count[3]
#6846
0clk
0rst
1_02_
0_10_
1_03_
1_11_
1_04_
1_05_
1count[0]
1count[1]
1count[2]
1count[3]
#6847
0clk
0rst
0_02_
1_10_
0_03_
0_11_
0_04_
0_05_
0count[0]
0count[1]
0count[2]
0count[3]
#6848
0clk
0rst
1_02_
0_10_
0_03_
1_11_
0_04_
0_05_
1count[0]
0count[1]
0count[2]
0count[3]
#6849
0clk
0rst
0_02_
0_10_
1_03_
1_11_
0_04_
0_05_
0count[0]
1count[1]
0count[2]
0count[3]
#6850
0clk
0rst
1_02_
0_10_
1_03_
1_11_
0_04_
0_05_
1count[0]
1count[1]
0count[2]
0count[3]
#6851
0clk
0rst
0_02_
1_10_
0_03_
1_11_
1_04_
0_05_
0count[0]
0count[1]
1count[2]
0count[3]
#6852
0clk
0rst
1_02_
0_10_
0_03_
1_11_
1_04_
0_05_
1count[0]
0count[1]
1count[2]
0count[3]
#6853
0clk
0rst
0_02_
0_10_
1_03_
1_11_
1_04_
0_05_
0count[0]
1count[1]
1count[2]
0count[3]
#6854
0clk
0rst
1_02_
0_10_
1_03_
1_11_
1_04_
0_05_
1count[0]
1count[1]
1count[2]
0count[3]
#6855
0clk
0rst
0_02_
1_10_
0_03_
0_11_
0_04_
1_05_
0count[0]
0count[1]
0count[2]
1count[3]
#6856
0clk
0rst
1_02_
0_10_
0_03_
1_11_
0_04_
1_05_
1count[0]
0count[1]
0count[2]
1count[3]
#6857
0clk
0rst
0_02_
0_10_
1_03_
1_11_
0_04_
1_05_
0count[0]
1count[1]
0count[2]
1count[3]
#6858
0clk
0rst
1_02_
0_10_
1_03_
1_11_
0_04_
1_05_
1count[0]
1count[1]
0count[2]
1count[3]
#6859
0clk
0rst
0_02_
1_10_
0_03_
1_11_
1_04_
1_05_
0count[0]
0count[1]
1count[2]
1count[3]
#6860
0clk
0rst
1_02_
0_10_
0_03_
1_11_
1_04_
1_05_
1count[0]
0count[1]
1count[2]
1count[3]
#6861
0clk
0rst
0_02_
0_10_
1_03_
1_11_
1_04_
1_05_
0count[0]
1count[1]
1count[2]
1count[3]
#6862
0clk
0rst
1_02_
0_10_
1_03_
1_11_
1_04_
1_05_
1count[0]
1count[1]
1count[2]
1count[3]
#6863
0clk
0rst
0_02_
1_10_
0_03_
0_11_
0_04_
0_05_
0count[0]
0count[1]
0count[2]
0count[3]
#6864
0clk
0rst
1_02_
0_10_
0_03_
1_11_
0_04_
0_05_
1count[0]
0count[1]
0count[2]
0count[3]
#6865
0clk
0rst
0_02_
0_10_
1_03_
1_11_
0_04_
0_05_
0count[0]
1count[1]
0count[2]
0count[3]
#6866
0clk
0rst
1_02_
0_10_
1_03_
1_11_
0_04_
0_05_
1count[0]
1count[1]
0count[2]
0count[3]
#6867
0clk
0rst
0_02_
1_10_
0_03_
1_11_
1_04_
0_05_
0count[0]
0count[1]
1count[2]
0count[3]
#6868
0clk
0rst
1_02_
0_10_
0_03_
1_11_
1_04_
0_05_
1count[0]
0count[1]
1count[2]
0count[3]
#6869
0clk
0rst
0_02_
0_10_
1_03_
1_11_
1_04_
0_05_
0count[0]
1count[1]
1count[2]
0count[3]
#6870
0clk
0rst
1_02_
0_10_
1_03_
1_11_
1_04_
0_05_
1count[0]
1count[1]
1count[2]
0count[3]
#6871
0clk
0rst
0_02_
1_10_
0_03_
0_11_
0_04_
1_05_
0count[0]
0count[1]
0count[2]
1count[3]
#6872
0clk
0rst
1_02_
0_10_
0_03_
1_11_
0_04_
1_05_
1count[0]
0count[1]
0count[2]
1count[3]
#6873
0clk
0rst
0_02_
0_10_
1_03_
1_11_
0_04_
1_05_
0count[0]
1count[1]
0count[2]
1count[3]
#6874
0clk
0rst
1_02_
0_10_
1_03_
1_11_
0_04_
1_05_
1count[0]
1count[1]
0count[2]
1count[3]
#6875
0clk
0rst
0_02_
1_10_
0_03_
1_11_
1_04_
1_05_
0count[0]
0count[1]
1count[2]
1count[3]
#6876
0clk
0rst
1_02_
0_10_
0_03_
1_11_
1_04_
1_05_
1count[0]
0count[1]
1count[2]
1count[3]
#6877
0clk
0rst
0_02_
0_10_
1_03_
1_11_
1_04_
1_05_
0count[0]
1count[1]
1count[2]
1count[3]
#6878
0clk
0rst
1_02_
0_10_
1_03_
1_11_
1_04_
1_05_
1count[0]
1count[1]
1count[2]
1count[3]
#6879
0clk
0rst
0_02_
1_10_
0_03_
0_11_
0_04_
0_05_
0count[0]
0count[1]
0count[2]
0count[3]
#6880
0clk
0rst
1_02_
0_10_
0_03_
1_11_
0_04_
0_05_
1count[0]
0count[1]
0count[2]
0count[3]
#6881
0clk
0rst
0_02_
0_10_
1_03_
1_11_
0_04_
0_05_
0count[0]
1count[1]
0count[2]
0count[3]
#6882
0clk
0rst
1_02_
0_10_
1_03_
1_11_
0_04_
0_05_
1count[0]
1count[1]
0count[2]
0count[3]
#6883
0clk
0rst
0_02_
1_10_
0_03_
1_11_
1_04_
0_05_
0count[0]
0count[1]
1count[2]
0count[3]
#6884
0clk
0rst
1_02_
0_10_
0_03_
1_11_
1_04_
0_05_
1count[0]
0count[1]
1count[2]
0count[3]
#6885
0clk
0rst
0_02_
0_10_
1_03_
1_11_
1_04_
0_05_
0count[0]
1count[1]
1count[2]
0count[3]
#6886
0clk
0rst
1_02_
0_10_
1_03_
1_11_
1_04_
0_05_
1count[0]
1count[1]
1count[2]
0count[3]
#6887
0clk
0rst
0_02_
1_10_
0_03_
0_11_
0_04_
1_05_
0count[0]
0count[1]
0count[2]
1count[3]
#6888
0clk
0rst
1_02_
0_10_
0_03_
1_11_
0_04_
1_05_
1count[0]
0count[1]
0count[2]
1count[3]
#6889
0clk
0rst
0_02_
0_10_
1_03_
1_11_
0_04_
1_05_
0count[0]
1count[1]
0count[2]
1count[3]
#6890
0clk
0rst
1_02_
0_10_
1_03_
1_11_
0_04_
1_05_
1count[0]
1count[1]
0count[2]
1count[3]
#6891
0clk
0rst
0_02_
1_10_
0_03_
1_11_
1_04_
1_05_
0count[0]
0count[1]
1count[2]
1count[3]
#6892
0clk
0rst
1_02_
0_10_
0_03_
1_11_
1_04_
1_05_
1count[0]
0count[1]
1count[2]
1count[3]
#6893
0clk
0rst
0_02_
0_10_
1_03_
1_11_
1_04_
1_05_
0count[0]
1count[1]
1count[2]
1count[3]
#6894
0clk
0rst
1_02_
0_10_
1_03_
1_11_
1_04_
1_05_
1count[0]
1count[1]
1count[2]
1count[3]
#6895
0clk
0rst
0_02_
1_10_
0_03_
0_11_
0_04_
0_05_
0count[0]
0count[1]
0count[2]
0count[3]
#6896
0clk
0rst
1_02_
0_10_
0_03_
1_11_
0_04_
0_05_
1count[0]
0count[1]
0count[2]
0count[3]
#6897
0clk
0rst
0_02_
0_10_
1_03_
1_11_
0_04_
0_05_
0count[0]
1count[1]
0count[2]
0count[3]
#6898
0clk
0rst
1_02_
0_10_
1_03_
1_11_
0_04_
0_05_
1count[0]
1count[1]
0count[2]
0count[3]
#6899
0clk
0rst
0_02_
1_10_
0_03_
1_11_
1_04_
0_05_
0count[0]
0count[1]
1count[2]
0count[3]
#6900
0clk
0rst
1_02_
0_10_
0_03_
1_11_
1_04_
0_05_
1count[0]
0count[1]
1count[2]
0count[3]
#6901
0clk
0rst
0_02_
0_10_
1_03_
1_11_
1_04_
0_05_
0count[0]
1count[1]
1count[2]
0count[3]
#6902
0clk
0rst
1_02_
0_10_
1_03_
1_11_
1_04_
0_05_
1count[0]
1count[1]
1count[2]
0count[3]
#6903
0clk
0rst
0_02_
1_10_
0_03_
0_11_
0_04_
1_05_
0count[0]
0count[1]
0count[2]
1count[3]
#6904
0clk
0rst
1_02_
0_10_
0_03_
1_11_
0_04_
1_05_
1count[0]
0count[1]
0count[2]
1count[3]
#6905
0clk
0rst
0_02_
0_10_
1_03_
1_11_
0_04_
1_05_
0count[0]
1count[1]
0count[2]
1count[3]
#6906
0clk
0rst
1_02_
0_10_
1_03_
1_11_
0_04_
1_05_
1count[0]
1count[1]
0count[2]
1count[3]
#6907
0clk
0rst
0_02_
1_10_
0_03_
1_11_
1_04_
1_05_
0count[0]
0count[1]
1count[2]
1count[3]
#6908
0clk
0rst
1_02_
0_10_
0_03_
1_11_
1_04_
1_05_
1count[0]
0count[1]
1count[2]
1count[3]
#6909
0clk
0rst
0_02_
0_10_
1_03_
1_11_
1_04_
1_05_
0count[0]
1count[1]
1count[2]
1count[3]
#6910
0clk
0rst
1_02_
0_10_
1_03_
1_11_
1_04_
1_05_
1count[0]
1count[1]
1count[2]
1count[3]
#6911
0clk
0rst
0_02_
1_10_
0_03_
0_11_
0_04_
0_05_
0count[0]
0count[1]
0count[2]
0count[3]
#6912
0clk
0rst
1_02_
0_10_
0_03_
1_11_
0_04_
0_05_
1count[0]
0count[1]
0count[2]
0count[3]
#6913
0clk
0rst
0_02_
0_10_
1_03_
1_11_
0_04_
0_05_
0count[0]
1count[1]
0count[2]
0count[3]
#6914
0clk
0rst
1_02_
0_10_
1_03_
1_11_
0_04_
0_05_
1count[0]
1count[1]
0count[2]
0count[3]
#6915
0clk
0rst
0_02_
1_10_
0_03_
1_11_
1_04_
0_05_
0count[0]
0count[1]
1count[2]
0count[3]
#6916
0clk
0rst
1_02_
0_10_
0_03_
1_11_
1_04_
0_05_
1count[0]
0count[1]
1count[2]
0count[3]
#6917
0clk
0rst
0_02_
0_10_
1_03_
1_11_
1_04_
0_05_
0count[0]
1count[1]
1count[2]
0count[3]
#6918
0clk
0rst
1_02_
0_10_
1_03_
1_11_
1_04_
0_05_
1count[0]
1count[1]
1count[2]
0count[3]
#6919
0clk
0rst
0_02_
1_10_
0_03_
0_11_
0_04_
1_05_
0count[0]
0count[1]
0count[2]
1count[3]
#6920
0clk
0rst
1_02_
0_10_
0_03_
1_11_
0_04_
1_05_
1count[0]
0count[1]
0count[2]
1count[3]
#6921
0clk
0rst
0_02_
0_10_
1_03_
1_11_
0_04_
1_05_
0count[0]
1count[1]
0count[2]
1count[3]
#6922
0clk
0rst
1_02_
0_10_
1_03_
1_11_
0_04_
1_05_
1count[0]
1count[1]
0count[2]
1count[3]
#6923
0clk
0rst
0_02_
1_10_
0_03_
1_11_
1_04_
1_05_
0count[0]
0count[1]
1count[2]
1count[3]
#6924
0clk
0rst
1_02_
0_10_
0_03_
1_11_
1_04_
1_05_
1count[0]
0count[1]
1count[2]
1count[3]
#6925
0clk
0rst
0_02_
0_10_
1_03_
1_11_
1_04_
1_05_
0count[0]
1count[1]
1count[2]
1count[3]
#6926
0clk
0rst
1_02_
0_10_
1_03_
1_11_
1_04_
1_05_
1count[0]
1count[1]
1count[2]
1count[3]
#6927
0clk
0rst
0_02_
1_10_
0_03_
0_11_
0_04_
0_05_
0count[0]
0count[1]
0count[2]
0count[3]
#6928
0clk
0rst
1_02_
0_10_
0_03_
1_11_
0_04_
0_05_
1count[0]
0count[1]
0count[2]
0count[3]
#6929
0clk
0rst
0_02_
0_10_
1_03_
1_11_
0_04_
0_05_
0count[0]
1count[1]
0count[2]
0count[3]
#6930
0clk
0rst
1_02_
0_10_
1_03_
1_11_
0_04_
0_05_
1count[0]
1count[1]
0count[2]
0count[3]
#6931
0clk
0rst
0_02_
1_10_
0_03_
1_11_
1_04_
0_05_
0count[0]
0count[1]
1count[2]
0count[3]
#6932
0clk
0rst
1_02_
0_10_
0_03_
1_11_
1_04_
0_05_
1count[0]
0count[1]
1count[2]
0count[3]
#6933
0clk
0rst
0_02_
0_10_
1_03_
1_11_
1_04_
0_05_
0count[0]
1count[1]
1count[2]
0count[3]
#6934
0clk
0rst
1_02_
0_10_
1_03_
1_11_
1_04_
0_05_
1count[0]
1count[1]
1count[2]
0count[3]
#6935
0clk
0rst
0_02_
1_10_
0_03_
0_11_
0_04_
1_05_
0count[0]
0count[1]
0count[2]
1count[3]
#6936
0clk
0rst
1_02_
0_10_
0_03_
1_11_
0_04_
1_05_
1count[0]
0count[1]
0count[2]
1count[3]
#6937
0clk
0rst
0_02_
0_10_
1_03_
1_11_
0_04_
1_05_
0count[0]
1count[1]
0count[2]
1count[3]
#6938
0clk
0rst
1_02_
0_10_
1_03_
1_11_
0_04_
1_05_
1count[0]
1count[1]
0count[2]
1count[3]
#6939
0clk
0rst
0_02_
1_10_
0_03_
1_11_
1_04_
1_05_
0count[0]
0count[1]
1count[2]
1count[3]
#6940
0clk
0rst
1_02_
0_10_
0_03_
1_11_
1_04_
1_05_
1count[0]
0count[1]
1count[2]
1count[3]
#6941
0clk
0rst
0_02_
0_10_
1_03_
1_11_
1_04_
1_05_
0count[0]
1count[1]
1count[2]
1count[3]
#6942
0clk
0rst
1_02_
0_10_
1_03_
1_11_
1_04_
1_05_
1count[0]
1count[1]
1count[2]
1count[3]
#6943
0clk
0rst
0_02_
1_10_
0_03_
0_11_
0_04_
0_05_
0count[0]
0count[1]
0count[2]
0count[3]
#6944
0clk
0rst
1_02_
0_10_
0_03_
1_11_
0_04_
0_05_
1count[0]
0count[1]
0count[2]
0count[3]
#6945
0clk
0rst
0_02_
0_10_
1_03_
1_11_
0_04_
0_05_
0count[0]
1count[1]
0count[2]
0count[3]
#6946
0clk
0rst
1_02_
0_10_
1_03_
1_11_
0_04_
0_05_
1count[0]
1count[1]
0count[2]
0count[3]
#6947
0clk
0rst
0_02_
1_10_
0_03_
1_11_
1_04_
0_05_
0count[0]
0count[1]
1count[2]
0count[3]
#6948
0clk
0rst
1_02_
0_10_
0_03_
1_11_
1_04_
0_05_
1count[0]
0count[1]
1count[2]
0count[3]
#6949
0clk
0rst
0_02_
0_10_
1_03_
1_11_
1_04_
0_05_
0count[0]
1count[1]
1count[2]
0count[3]
#6950
0clk
0rst
1_02_
0_10_
1_03_
1_11_
1_04_
0_05_
1count[0]
1count[1]
1count[2]
0count[3]
#6951
0clk
0rst
0_02_
1_10_
0_03_
0_11_
0_04_
1_05_
0count[0]
0count[1]
0count[2]
1count[3]
#6952
0clk
0rst
1_02_
0_10_
0_03_
1_11_
0_04_
1_05_
1count[0]
0count[1]
0count[2]
1count[3]
#6953
0clk
0rst
0_02_
0_10_
1_03_
1_11_
0_04_
1_05_
0count[0]
1count[1]
0count[2]
1count[3]
#6954
0clk
0rst
1_02_
0_10_
1_03_
1_11_
0_04_
1_05_
1count[0]
1count[1]
0count[2]
1count[3]
#6955
0clk
0rst
0_02_
1_10_
0_03_
1_11_
1_04_
1_05_
0count[0]
0count[1]
1count[2]
1count[3]
#6956
0clk
0rst
1_02_
0_10_
0_03_
1_11_
1_04_
1_05_
1count[0]
0count[1]
1count[2]
1count[3]
#6957
0clk
0rst
0_02_
0_10_
1_03_
1_11_
1_04_
1_05_
0count[0]
1count[1]
1count[2]
1count[3]
#6958
0clk
0rst
1_02_
0_10_
1_03_
1_11_
1_04_
1_05_
1count[0]
1count[1]
1count[2]
1count[3]
#6959
0clk
0rst
0_02_
1_10_
0_03_
0_11_
0_04_
0_05_
0count[0]
0count[1]
0count[2]
0count[3]
#6960
0clk
0rst
1_02_
0_10_
0_03_
1_11_
0_04_
0_05_
1count[0]
0count[1]
0count[2]
0count[3]
#6961
0clk
0rst
0_02_
0_10_
1_03_
1_11_
0_04_
0_05_
0count[0]
1count[1]
0count[2]
0count[3]
#6962
0clk
0rst
1_02_
0_10_
1_03_
1_11_
0_04_
0_05_
1count[0]
1count[1]
0count[2]
0count[3]
#6963
0clk
0rst
0_02_
1_10_
0_03_
1_11_
1_04_
0_05_
0count[0]
0count[1]
1count[2]
0count[3]
#6964
0clk
0rst
1_02_
0_10_
0_03_
1_11_
1_04_
0_05_
1count[0]
0count[1]
1count[2]
0count[3]
#6965
0clk
0rst
0_02_
0_10_
1_03_
1_11_
1_04_
0_05_
0count[0]
1count[1]
1count[2]
0count[3]
#6966
0clk
0rst
1_02_
0_10_
1_03_
1_11_
1_04_
0_05_
1count[0]
1count[1]
1count[2]
0count[3]
#6967
0clk
0rst
0_02_
1_10_
0_03_
0_11_
0_04_
1_05_
0count[0]
0count[1]
0count[2]
1count[3]
#6968
0clk
0rst
1_02_
0_10_
0_03_
1_11_
0_04_
1_05_
1count[0]
0count[1]
0count[2]
1count[3]
#6969
0clk
0rst
0_02_
0_10_
1_03_
1_11_
0_04_
1_05_
0count[0]
1count[1]
0count[2]
1count[3]
#6970
0clk
0rst
1_02_
0_10_
1_03_
1_11_
0_04_
1_05_
1count[0]
1count[1]
0count[2]
1count[3]
#6971
0clk
0rst
0_02_
1_10_
0_03_
1_11_
1_04_
1_05_
0count[0]
0count[1]
1count[2]
1count[3]
#6972
0clk
0rst
1_02_
0_10_
0_03_
1_11_
1_04_
1_05_
1count[0]
0count[1]
1count[2]
1count[3]
#6973
0clk
0rst
0_02_
0_10_
1_03_
1_11_
1_04_
1_05_
0count[0]
1count[1]
1count[2]
1count[3]
#6974
0clk
0rst
1_02_
0_10_
1_03_
1_11_
1_04_
1_05_
1count[0]
1count[1]
1count[2]
1count[3]
#6975
0clk
0rst
0_02_
1_10_
0_03_
0_11_
0_04_
0_05_
0count[0]
0count[1]
0count[2]
0count[3]
#6976
0clk
0rst
1_02_
0_10_
0_03_
1_11_
0_04_
0_05_
1count[0]
0count[1]
0count[2]
0count[3]
#6977
0clk
0rst
0_02_
0_10_
1_03_
1_11_
0_04_
0_05_
0count[0]
1count[1]
0count[2]
0count[3]
#6978
0clk
0rst
1_02_
0_10_
1_03_
1_11_
0_04_
0_05_
1count[0]
1count[1]
0count[2]
0count[3]
#6979
0clk
0rst
0_02_
1_10_
0_03_
1_11_
1_04_
0_05_
0count[0]
0count[1]
1count[2]
0count[3]
#6980
0clk
0rst
1_02_
0_10_
0_03_
1_11_
1_04_
0_05_
1count[0]
0count[1]
1count[2]
0count[3]
#6981
0clk
0rst
0_02_
0_10_
1_03_
1_11_
1_04_
0_05_
0count[0]
1count[1]
1count[2]
0count[3]
#6982
0clk
0rst
1_02_
0_10_
1_03_
1_11_
1_04_
0_05_
1count[0]
1count[1]
1count[2]
0count[3]
#6983
0clk
0rst
0_02_
1_10_
0_03_
0_11_
0_04_
1_05_
0count[0]
0count[1]
0count[2]
1count[3]
#6984
0clk
0rst
1_02_
0_10_
0_03_
1_11_
0_04_
1_05_
1count[0]
0count[1]
0count[2]
1count[3]
#6985
0clk
0rst
0_02_
0_10_
1_03_
1_11_
0_04_
1_05_
0count[0]
1count[1]
0count[2]
1count[3]
#6986
0clk
0rst
1_02_
0_10_
1_03_
1_11_
0_04_
1_05_
1count[0]
1count[1]
0count[2]
1count[3]
#6987
0clk
0rst
0_02_
1_10_
0_03_
1_11_
1_04_
1_05_
0count[0]
0count[1]
1count[2]
1count[3]
#6988
0clk
0rst
1_02_
0_10_
0_03_
1_11_
1_04_
1_05_
1count[0]
0count[1]
1count[2]
1count[3]
#6989
0clk
0rst
0_02_
0_10_
1_03_
1_11_
1_04_
1_05_
0count[0]
1count[1]
1count[2]
1count[3]
#6990
0clk
0rst
1_02_
0_10_
1_03_
1_11_
1_04_
1_05_
1count[0]
1count[1]
1count[2]
1count[3]
#6991
0clk
0rst
0_02_
1_10_
0_03_
0_11_
0_04_
0_05_
0count[0]
0count[1]
0count[2]
0count[3]
#6992
0clk
0rst
1_02_
0_10_
0_03_
1_11_
0_04_
0_05_
1count[0]
0count[1]
0count[2]
0count[3]
#6993
0clk
0rst
0_02_
0_10_
1_03_
1_11_
0_04_
0_05_
0count[0]
1count[1]
0count[2]
0count[3]
#6994
0clk
0rst
1_02_
0_10_
1_03_
1_11_
0_04_
0_05_
1count[0]
1count[1]
0count[2]
0count[3]
#6995
0clk
0rst
0_02_
1_10_
0_03_
1_11_
1_04_
0_05_
0count[0]
0count[1]
1count[2]
0count[3]
#6996
0clk
0rst
1_02_
0_10_
0_03_
1_11_
1_04_
0_05_
1count[0]
0count[1]
1count[2]
0count[3]
#6997
0clk
0rst
0_02_
0_10_
1_03_
1_11_
1_04_
0_05_
0count[0]
1count[1]
1count[2]
0count[3]
#6998
0clk
0rst
1_02_
0_10_
1_03_
1_11_
1_04_
0_05_
1count[0]
1count[1]
1count[2]
0count[3]
#6999
0clk
0rst
0_02_
1_10_
0_03_
0_11_
0_04_
1_05_
0count[0]
0count[1]
0count[2]
1count[3]
#7000
0clk
0rst
1_02_
0_10_
0_03_
1_11_
0_04_
1_05_
1count[0]
0count[1]
0count[2]
1count[3]
#7001
0clk
0rst
0_02_
0_10_
1_03_
1_11_
0_04_
1_05_
0count[0]
1count[1]
0count[2]
1count[3]
#7002
0clk
0rst
1_02_
0_10_
1_03_
1_11_
0_04_
1_05_
1count[0]
1count[1]
0count[2]
1count[3]
#7003
0clk
0rst
0_02_
1_10_
0_03_
1_11_
1_04_
1_05_
0count[0]
0count[1]
1count[2]
1count[3]
#7004
0clk
0rst
1_02_
0_10_
0_03_
1_11_
1_04_
1_05_
1count[0]
0count[1]
1count[2]
1count[3]
#7005
0clk
0rst
0_02_
0_10_
1_03_
1_11_
1_04_
1_05_
0count[0]
1count[1]
1count[2]
1count[3]
#7006
0clk
0rst
1_02_
0_10_
1_03_
1_11_
1_04_
1_05_
1count[0]
1count[1]
1count[2]
1count[3]
#7007
0clk
0rst
0_02_
1_10_
0_03_
0_11_
0_04_
0_05_
0count[0]
0count[1]
0count[2]
0count[3]
#7008
0clk
0rst
1_02_
0_10_
0_03_
1_11_
0_04_
0_05_
1count[0]
0count[1]
0count[2]
0count[3]
#7009
0clk
0rst
0_02_
0_10_
1_03_
1_11_
0_04_
0_05_
0count[0]
1count[1]
0count[2]
0count[3]
#7010
0clk
0rst
1_02_
0_10_
1_03_
1_11_
0_04_
0_05_
1count[0]
1count[1]
0count[2]
0count[3]
#7011
0clk
0rst
0_02_
1_10_
0_03_
1_11_
1_04_
0_05_
0count[0]
0count[1]
1count[2]
0count[3]
#7012
0clk
0rst
1_02_
0_10_
0_03_
1_11_
1_04_
0_05_
1count[0]
0count[1]
1count[2]
0count[3]
#7013
0clk
0rst
0_02_
0_10_
1_03_
1_11_
1_04_
0_05_
0count[0]
1count[1]
1count[2]
0count[3]
#7014
0clk
0rst
1_02_
0_10_
1_03_
1_11_
1_04_
0_05_
1count[0]
1count[1]
1count[2]
0count[3]
#7015
0clk
0rst
0_02_
1_10_
0_03_
0_11_
0_04_
1_05_
0count[0]
0count[1]
0count[2]
1count[3]
#7016
0clk
0rst
1_02_
0_10_
0_03_
1_11_
0_04_
1_05_
1count[0]
0count[1]
0count[2]
1count[3]
#7017
0clk
0rst
0_02_
0_10_
1_03_
1_11_
0_04_
1_05_
0count[0]
1count[1]
0count[2]
1count[3]
#7018
0clk
0rst
1_02_
0_10_
1_03_
1_11_
0_04_
1_05_
1count[0]
1count[1]
0count[2]
1count[3]
#7019
0clk
0rst
0_02_
1_10_
0_03_
1_11_
1_04_
1_05_
0count[0]
0count[1]
1count[2]
1count[3]
#7020
0clk
0rst
1_02_
0_10_
0_03_
1_11_
1_04_
1_05_
1count[0]
0count[1]
1count[2]
1count[3]
#7021
0clk
0rst
0_02_
0_10_
1_03_
1_11_
1_04_
1_05_
0count[0]
1count[1]
1count[2]
1count[3]
#7022
0clk
0rst
1_02_
0_10_
1_03_
1_11_
1_04_
1_05_
1count[0]
1count[1]
1count[2]
1count[3]
#7023
0clk
0rst
0_02_
1_10_
0_03_
0_11_
0_04_
0_05_
0count[0]
0count[1]
0count[2]
0count[3]
#7024
0clk
0rst
1_02_
0_10_
0_03_
1_11_
0_04_
0_05_
1count[0]
0count[1]
0count[2]
0count[3]
#7025
0clk
0rst
0_02_
0_10_
1_03_
1_11_
0_04_
0_05_
0count[0]
1count[1]
0count[2]
0count[3]
#7026
0clk
0rst
1_02_
0_10_
1_03_
1_11_
0_04_
0_05_
1count[0]
1count[1]
0count[2]
0count[3]
#7027
0clk
0rst
0_02_
1_10_
0_03_
1_11_
1_04_
0_05_
0count[0]
0count[1]
1count[2]
0count[3]
#7028
0clk
0rst
1_02_
0_10_
0_03_
1_11_
1_04_
0_05_
1count[0]
0count[1]
1count[2]
0count[3]
#7029
0clk
0rst
0_02_
0_10_
1_03_
1_11_
1_04_
0_05_
0count[0]
1count[1]
1count[2]
0count[3]
#7030
0clk
0rst
1_02_
0_10_
1_03_
1_11_
1_04_
0_05_
1count[0]
1count[1]
1count[2]
0count[3]
#7031
0clk
0rst
0_02_
1_10_
0_03_
0_11_
0_04_
1_05_
0count[0]
0count[1]
0count[2]
1count[3]
#7032
0clk
0rst
1_02_
0_10_
0_03_
1_11_
0_04_
1_05_
1count[0]
0count[1]
0count[2]
1count[3]
#7033
0clk
0rst
0_02_
0_10_
1_03_
1_11_
0_04_
1_05_
0count[0]
1count[1]
0count[2]
1count[3]
#7034
0clk
0rst
1_02_
0_10_
1_03_
1_11_
0_04_
1_05_
1count[0]
1count[1]
0count[2]
1count[3]
#7035
0clk
0rst
0_02_
1_10_
0_03_
1_11_
1_04_
1_05_
0count[0]
0count[1]
1count[2]
1count[3]
#7036
0clk
0rst
1_02_
0_10_
0_03_
1_11_
1_04_
1_05_
1count[0]
0count[1]
1count[2]
1count[3]
#7037
0clk
0rst
0_02_
0_10_
1_03_
1_11_
1_04_
1_05_
0count[0]
1count[1]
1count[2]
1count[3]
#7038
0clk
0rst
1_02_
0_10_
1_03_
1_11_
1_04_
1_05_
1count[0]
1count[1]
1count[2]
1count[3]
#7039
0clk
0rst
0_02_
1_10_
0_03_
0_11_
0_04_
0_05_
0count[0]
0count[1]
0count[2]
0count[3]
#7040
0clk
0rst
1_02_
0_10_
0_03_
1_11_
0_04_
0_05_
1count[0]
0count[1]
0count[2]
0count[3]
#7041
0clk
0rst
0_02_
0_10_
1_03_
1_11_
0_04_
0_05_
0count[0]
1count[1]
0count[2]
0count[3]
#7042
0clk
0rst
1_02_
0_10_
1_03_
1_11_
0_04_
0_05_
1count[0]
1count[1]
0count[2]
0count[3]
#7043
0clk
0rst
0_02_
1_10_
0_03_
1_11_
1_04_
0_05_
0count[0]
0count[1]
1count[2]
0count[3]
#7044
0clk
0rst
1_02_
0_10_
0_03_
1_11_
1_04_
0_05_
1count[0]
0count[1]
1count[2]
0count[3]
#7045
0clk
0rst
0_02_
0_10_
1_03_
1_11_
1_04_
0_05_
0count[0]
1count[1]
1count[2]
0count[3]
#7046
0clk
0rst
1_02_
0_10_
1_03_
1_11_
1_04_
0_05_
1count[0]
1count[1]
1count[2]
0count[3]
#7047
0clk
0rst
0_02_
1_10_
0_03_
0_11_
0_04_
1_05_
0count[0]
0count[1]
0count[2]
1count[3]
#7048
0clk
0rst
1_02_
0_10_
0_03_
1_11_
0_04_
1_05_
1count[0]
0count[1]
0count[2]
1count[3]
#7049
0clk
0rst
0_02_
0_10_
1_03_
1_11_
0_04_
1_05_
0count[0]
1count[1]
0count[2]
1count[3]
#7050
0clk
0rst
1_02_
0_10_
1_03_
1_11_
0_04_
1_05_
1count[0]
1count[1]
0count[2]
1count[3]
#7051
0clk
0rst
0_02_
1_10_
0_03_
1_11_
1_04_
1_05_
0count[0]
0count[1]
1count[2]
1count[3]
#7052
0clk
0rst
1_02_
0_10_
0_03_
1_11_
1_04_
1_05_
1count[0]
0count[1]
1count[2]
1count[3]
#7053
0clk
0rst
0_02_
0_10_
1_03_
1_11_
1_04_
1_05_
0count[0]
1count[1]
1count[2]
1count[3]
#7054
0clk
0rst
1_02_
0_10_
1_03_
1_11_
1_04_
1_05_
1count[0]
1count[1]
1count[2]
1count[3]
#7055
0clk
0rst
0_02_
1_10_
0_03_
0_11_
0_04_
0_05_
0count[0]
0count[1]
0count[2]
0count[3]
#7056
0clk
0rst
1_02_
0_10_
0_03_
1_11_
0_04_
0_05_
1count[0]
0count[1]
0count[2]
0count[3]
#7057
0clk
0rst
0_02_
0_10_
1_03_
1_11_
0_04_
0_05_
0count[0]
1count[1]
0count[2]
0count[3]
#7058
0clk
0rst
1_02_
0_10_
1_03_
1_11_
0_04_
0_05_
1count[0]
1count[1]
0count[2]
0count[3]
#7059
0clk
0rst
0_02_
1_10_
0_03_
1_11_
1_04_
0_05_
0count[0]
0count[1]
1count[2]
0count[3]
#7060
0clk
0rst
1_02_
0_10_
0_03_
1_11_
1_04_
0_05_
1count[0]
0count[1]
1count[2]
0count[3]
#7061
0clk
0rst
0_02_
0_10_
1_03_
1_11_
1_04_
0_05_
0count[0]
1count[1]
1count[2]
0count[3]
#7062
0clk
0rst
1_02_
0_10_
1_03_
1_11_
1_04_
0_05_
1count[0]
1count[1]
1count[2]
0count[3]
#7063
0clk
0rst
0_02_
1_10_
0_03_
0_11_
0_04_
1_05_
0count[0]
0count[1]
0count[2]
1count[3]
#7064
0clk
0rst
1_02_
0_10_
0_03_
1_11_
0_04_
1_05_
1count[0]
0count[1]
0count[2]
1count[3]
#7065
0clk
0rst
0_02_
0_10_
1_03_
1_11_
0_04_
1_05_
0count[0]
1count[1]
0count[2]
1count[3]
#7066
0clk
0rst
1_02_
0_10_
1_03_
1_11_
0_04_
1_05_
1count[0]
1count[1]
0count[2]
1count[3]
#7067
0clk
0rst
0_02_
1_10_
0_03_
1_11_
1_04_
1_05_
0count[0]
0count[1]
1count[2]
1count[3]
#7068
0clk
0rst
1_02_
0_10_
0_03_
1_11_
1_04_
1_05_
1count[0]
0count[1]
1count[2]
1count[3]
#7069
0clk
0rst
0_02_
0_10_
1_03_
1_11_
1_04_
1_05_
0count[0]
1count[1]
1count[2]
1count[3]
#7070
0clk
0rst
1_02_
0_10_
1_03_
1_11_
1_04_
1_05_
1count[0]
1count[1]
1count[2]
1count[3]
#7071
0clk
0rst
0_02_
1_10_
0_03_
0_11_
0_04_
0_05_
0count[0]
0count[1]
0count[2]
0count[3]
#7072
0clk
0rst
1_02_
0_10_
0_03_
1_11_
0_04_
0_05_
1count[0]
0count[1]
0count[2]
0count[3]
#7073
0clk
0rst
0_02_
0_10_
1_03_
1_11_
0_04_
0_05_
0count[0]
1count[1]
0count[2]
0count[3]
#7074
0clk
0rst
1_02_
0_10_
1_03_
1_11_
0_04_
0_05_
1count[0]
1count[1]
0count[2]
0count[3]
#7075
0clk
0rst
0_02_
1_10_
0_03_
1_11_
1_04_
0_05_
0count[0]
0count[1]
1count[2]
0count[3]
#7076
0clk
0rst
1_02_
0_10_
0_03_
1_11_
1_04_
0_05_
1count[0]
0count[1]
1count[2]
0count[3]
#7077
0clk
0rst
0_02_
0_10_
1_03_
1_11_
1_04_
0_05_
0count[0]
1count[1]
1count[2]
0count[3]
#7078
0clk
0rst
1_02_
0_10_
1_03_
1_11_
1_04_
0_05_
1count[0]
1count[1]
1count[2]
0count[3]
#7079
0clk
0rst
0_02_
1_10_
0_03_
0_11_
0_04_
1_05_
0count[0]
0count[1]
0count[2]
1count[3]
#7080
0clk
0rst
1_02_
0_10_
0_03_
1_11_
0_04_
1_05_
1count[0]
0count[1]
0count[2]
1count[3]
#7081
0clk
0rst
0_02_
0_10_
1_03_
1_11_
0_04_
1_05_
0count[0]
1count[1]
0count[2]
1count[3]
#7082
0clk
0rst
1_02_
0_10_
1_03_
1_11_
0_04_
1_05_
1count[0]
1count[1]
0count[2]
1count[3]
#7083
0clk
0rst
0_02_
1_10_
0_03_
1_11_
1_04_
1_05_
0count[0]
0count[1]
1count[2]
1count[3]
#7084
0clk
0rst
1_02_
0_10_
0_03_
1_11_
1_04_
1_05_
1count[0]
0count[1]
1count[2]
1count[3]
#7085
0clk
0rst
0_02_
0_10_
1_03_
1_11_
1_04_
1_05_
0count[0]
1count[1]
1count[2]
1count[3]
#7086
0clk
0rst
1_02_
0_10_
1_03_
1_11_
1_04_
1_05_
1count[0]
1count[1]
1count[2]
1count[3]
#7087
0clk
0rst
0_02_
1_10_
0_03_
0_11_
0_04_
0_05_
0count[0]
0count[1]
0count[2]
0count[3]
#7088
0clk
0rst
1_02_
0_10_
0_03_
1_11_
0_04_
0_05_
1count[0]
0count[1]
0count[2]
0count[3]
#7089
0clk
0rst
0_02_
0_10_
1_03_
1_11_
0_04_
0_05_
0count[0]
1count[1]
0count[2]
0count[3]
#7090
0clk
0rst
1_02_
0_10_
1_03_
1_11_
0_04_
0_05_
1count[0]
1count[1]
0count[2]
0count[3]
#7091
0clk
0rst
0_02_
1_10_
0_03_
1_11_
1_04_
0_05_
0count[0]
0count[1]
1count[2]
0count[3]
#7092
0clk
0rst
1_02_
0_10_
0_03_
1_11_
1_04_
0_05_
1count[0]
0count[1]
1count[2]
0count[3]
#7093
0clk
0rst
0_02_
0_10_
1_03_
1_11_
1_04_
0_05_
0count[0]
1count[1]
1count[2]
0count[3]
#7094
0clk
0rst
1_02_
0_10_
1_03_
1_11_
1_04_
0_05_
1count[0]
1count[1]
1count[2]
0count[3]
#7095
0clk
0rst
0_02_
1_10_
0_03_
0_11_
0_04_
1_05_
0count[0]
0count[1]
0count[2]
1count[3]
#7096
0clk
0rst
1_02_
0_10_
0_03_
1_11_
0_04_
1_05_
1count[0]
0count[1]
0count[2]
1count[3]
#7097
0clk
0rst
0_02_
0_10_
1_03_
1_11_
0_04_
1_05_
0count[0]
1count[1]
0count[2]
1count[3]
#7098
0clk
0rst
1_02_
0_10_
1_03_
1_11_
0_04_
1_05_
1count[0]
1count[1]
0count[2]
1count[3]
#7099
0clk
0rst
0_02_
1_10_
0_03_
1_11_
1_04_
1_05_
0count[0]
0count[1]
1count[2]
1count[3]
#7100
0clk
0rst
1_02_
0_10_
0_03_
1_11_
1_04_
1_05_
1count[0]
0count[1]
1count[2]
1count[3]
#7101
0clk
0rst
0_02_
0_10_
1_03_
1_11_
1_04_
1_05_
0count[0]
1count[1]
1count[2]
1count[3]
#7102
0clk
0rst
1_02_
0_10_
1_03_
1_11_
1_04_
1_05_
1count[0]
1count[1]
1count[2]
1count[3]
#7103
0clk
0rst
0_02_
1_10_
0_03_
0_11_
0_04_
0_05_
0count[0]
0count[1]
0count[2]
0count[3]
#7104
0clk
0rst
1_02_
0_10_
0_03_
1_11_
0_04_
0_05_
1count[0]
0count[1]
0count[2]
0count[3]
#7105
0clk
0rst
0_02_
0_10_
1_03_
1_11_
0_04_
0_05_
0count[0]
1count[1]
0count[2]
0count[3]
#7106
0clk
0rst
1_02_
0_10_
1_03_
1_11_
0_04_
0_05_
1count[0]
1count[1]
0count[2]
0count[3]
#7107
0clk
0rst
0_02_
1_10_
0_03_
1_11_
1_04_
0_05_
0count[0]
0count[1]
1count[2]
0count[3]
#7108
0clk
0rst
1_02_
0_10_
0_03_
1_11_
1_04_
0_05_
1count[0]
0count[1]
1count[2]
0count[3]
#7109
0clk
0rst
0_02_
0_10_
1_03_
1_11_
1_04_
0_05_
0count[0]
1count[1]
1count[2]
0count[3]
#7110
0clk
0rst
1_02_
0_10_
1_03_
1_11_
1_04_
0_05_
1count[0]
1count[1]
1count[2]
0count[3]
#7111
0clk
0rst
0_02_
1_10_
0_03_
0_11_
0_04_
1_05_
0count[0]
0count[1]
0count[2]
1count[3]
#7112
0clk
0rst
1_02_
0_10_
0_03_
1_11_
0_04_
1_05_
1count[0]
0count[1]
0count[2]
1count[3]
#7113
0clk
0rst
0_02_
0_10_
1_03_
1_11_
0_04_
1_05_
0count[0]
1count[1]
0count[2]
1count[3]
#7114
0clk
0rst
1_02_
0_10_
1_03_
1_11_
0_04_
1_05_
1count[0]
1count[1]
0count[2]
1count[3]
#7115
0clk
0rst
0_02_
1_10_
0_03_
1_11_
1_04_
1_05_
0count[0]
0count[1]
1count[2]
1count[3]
#7116
0clk
0rst
1_02_
0_10_
0_03_
1_11_
1_04_
1_05_
1count[0]
0count[1]
1count[2]
1count[3]
#7117
0clk
0rst
0_02_
0_10_
1_03_
1_11_
1_04_
1_05_
0count[0]
1count[1]
1count[2]
1count[3]
#7118
0clk
0rst
1_02_
0_10_
1_03_
1_11_
1_04_
1_05_
1count[0]
1count[1]
1count[2]
1count[3]
#7119
0clk
0rst
0_02_
1_10_
0_03_
0_11_
0_04_
0_05_
0count[0]
0count[1]
0count[2]
0count[3]
#7120
0clk
0rst
1_02_
0_10_
0_03_
1_11_
0_04_
0_05_
1count[0]
0count[1]
0count[2]
0count[3]
#7121
0clk
0rst
0_02_
0_10_
1_03_
1_11_
0_04_
0_05_
0count[0]
1count[1]
0count[2]
0count[3]
#7122
0clk
0rst
1_02_
0_10_
1_03_
1_11_
0_04_
0_05_
1count[0]
1count[1]
0count[2]
0count[3]
#7123
0clk
0rst
0_02_
1_10_
0_03_
1_11_
1_04_
0_05_
0count[0]
0count[1]
1count[2]
0count[3]
#7124
0clk
0rst
1_02_
0_10_
0_03_
1_11_
1_04_
0_05_
1count[0]
0count[1]
1count[2]
0count[3]
#7125
0clk
0rst
0_02_
0_10_
1_03_
1_11_
1_04_
0_05_
0count[0]
1count[1]
1count[2]
0count[3]
#7126
0clk
0rst
1_02_
0_10_
1_03_
1_11_
1_04_
0_05_
1count[0]
1count[1]
1count[2]
0count[3]
#7127
0clk
0rst
0_02_
1_10_
0_03_
0_11_
0_04_
1_05_
0count[0]
0count[1]
0count[2]
1count[3]
#7128
0clk
0rst
1_02_
0_10_
0_03_
1_11_
0_04_
1_05_
1count[0]
0count[1]
0count[2]
1count[3]
#7129
0clk
0rst
0_02_
0_10_
1_03_
1_11_
0_04_
1_05_
0count[0]
1count[1]
0count[2]
1count[3]
#7130
0clk
0rst
1_02_
0_10_
1_03_
1_11_
0_04_
1_05_
1count[0]
1count[1]
0count[2]
1count[3]
#7131
0clk
0rst
0_02_
1_10_
0_03_
1_11_
1_04_
1_05_
0count[0]
0count[1]
1count[2]
1count[3]
#7132
0clk
0rst
1_02_
0_10_
0_03_
1_11_
1_04_
1_05_
1count[0]
0count[1]
1count[2]
1count[3]
#7133
0clk
0rst
0_02_
0_10_
1_03_
1_11_
1_04_
1_05_
0count[0]
1count[1]
1count[2]
1count[3]
#7134
0clk
0rst
1_02_
0_10_
1_03_
1_11_
1_04_
1_05_
1count[0]
1count[1]
1count[2]
1count[3]
#7135
0clk
0rst
0_02_
1_10_
0_03_
0_11_
0_04_
0_05_
0count[0]
0count[1]
0count[2]
0count[3]
#7136
0clk
0rst
1_02_
0_10_
0_03_
1_11_
0_04_
0_05_
1count[0]
0count[1]
0count[2]
0count[3]
#7137
0clk
0rst
0_02_
0_10_
1_03_
1_11_
0_04_
0_05_
0count[0]
1count[1]
0count[2]
0count[3]
#7138
0clk
0rst
1_02_
0_10_
1_03_
1_11_
0_04_
0_05_
1count[0]
1count[1]
0count[2]
0count[3]
#7139
0clk
0rst
0_02_
1_10_
0_03_
1_11_
1_04_
0_05_
0count[0]
0count[1]
1count[2]
0count[3]
#7140
0clk
0rst
1_02_
0_10_
0_03_
1_11_
1_04_
0_05_
1count[0]
0count[1]
1count[2]
0count[3]
#7141
0clk
0rst
0_02_
0_10_
1_03_
1_11_
1_04_
0_05_
0count[0]
1count[1]
1count[2]
0count[3]
#7142
0clk
0rst
1_02_
0_10_
1_03_
1_11_
1_04_
0_05_
1count[0]
1count[1]
1count[2]
0count[3]
#7143
0clk
0rst
0_02_
1_10_
0_03_
0_11_
0_04_
1_05_
0count[0]
0count[1]
0count[2]
1count[3]
#7144
0clk
0rst
1_02_
0_10_
0_03_
1_11_
0_04_
1_05_
1count[0]
0count[1]
0count[2]
1count[3]
#7145
0clk
0rst
0_02_
0_10_
1_03_
1_11_
0_04_
1_05_
0count[0]
1count[1]
0count[2]
1count[3]
#7146
0clk
0rst
1_02_
0_10_
1_03_
1_11_
0_04_
1_05_
1count[0]
1count[1]
0count[2]
1count[3]
#7147
0clk
0rst
0_02_
1_10_
0_03_
1_11_
1_04_
1_05_
0count[0]
0count[1]
1count[2]
1count[3]
#7148
0clk
0rst
1_02_
0_10_
0_03_
1_11_
1_04_
1_05_
1count[0]
0count[1]
1count[2]
1count[3]
#7149
0clk
0rst
0_02_
0_10_
1_03_
1_11_
1_04_
1_05_
0count[0]
1count[1]
1count[2]
1count[3]
#7150
0clk
0rst
1_02_
0_10_
1_03_
1_11_
1_04_
1_05_
1count[0]
1count[1]
1count[2]
1count[3]
#7151
0clk
0rst
0_02_
1_10_
0_03_
0_11_
0_04_
0_05_
0count[0]
0count[1]
0count[2]
0count[3]
#7152
0clk
0rst
1_02_
0_10_
0_03_
1_11_
0_04_
0_05_
1count[0]
0count[1]
0count[2]
0count[3]
#7153
0clk
0rst
0_02_
0_10_
1_03_
1_11_
0_04_
0_05_
0count[0]
1count[1]
0count[2]
0count[3]
#7154
0clk
0rst
1_02_
0_10_
1_03_
1_11_
0_04_
0_05_
1count[0]
1count[1]
0count[2]
0count[3]
#7155
0clk
0rst
0_02_
1_10_
0_03_
1_11_
1_04_
0_05_
0count[0]
0count[1]
1count[2]
0count[3]
#7156
0clk
0rst
1_02_
0_10_
0_03_
1_11_
1_04_
0_05_
1count[0]
0count[1]
1count[2]
0count[3]
#7157
0clk
0rst
0_02_
0_10_
1_03_
1_11_
1_04_
0_05_
0count[0]
1count[1]
1count[2]
0count[3]
#7158
0clk
0rst
1_02_
0_10_
1_03_
1_11_
1_04_
0_05_
1count[0]
1count[1]
1count[2]
0count[3]
#7159
0clk
0rst
0_02_
1_10_
0_03_
0_11_
0_04_
1_05_
0count[0]
0count[1]
0count[2]
1count[3]
#7160
0clk
0rst
1_02_
0_10_
0_03_
1_11_
0_04_
1_05_
1count[0]
0count[1]
0count[2]
1count[3]
#7161
0clk
0rst
0_02_
0_10_
1_03_
1_11_
0_04_
1_05_
0count[0]
1count[1]
0count[2]
1count[3]
#7162
0clk
0rst
1_02_
0_10_
1_03_
1_11_
0_04_
1_05_
1count[0]
1count[1]
0count[2]
1count[3]
#7163
0clk
0rst
0_02_
1_10_
0_03_
1_11_
1_04_
1_05_
0count[0]
0count[1]
1count[2]
1count[3]
#7164
0clk
0rst
1_02_
0_10_
0_03_
1_11_
1_04_
1_05_
1count[0]
0count[1]
1count[2]
1count[3]
#7165
0clk
0rst
0_02_
0_10_
1_03_
1_11_
1_04_
1_05_
0count[0]
1count[1]
1count[2]
1count[3]
#7166
0clk
0rst
1_02_
0_10_
1_03_
1_11_
1_04_
1_05_
1count[0]
1count[1]
1count[2]
1count[3]
#7167
0clk
0rst
0_02_
1_10_
0_03_
0_11_
0_04_
0_05_
0count[0]
0count[1]
0count[2]
0count[3]
#7168
0clk
0rst
1_02_
0_10_
0_03_
1_11_
0_04_
0_05_
1count[0]
0count[1]
0count[2]
0count[3]
#7169
0clk
0rst
0_02_
0_10_
1_03_
1_11_
0_04_
0_05_
0count[0]
1count[1]
0count[2]
0count[3]
#7170
0clk
0rst
1_02_
0_10_
1_03_
1_11_
0_04_
0_05_
1count[0]
1count[1]
0count[2]
0count[3]
#7171
0clk
0rst
0_02_
1_10_
0_03_
1_11_
1_04_
0_05_
0count[0]
0count[1]
1count[2]
0count[3]
#7172
0clk
0rst
1_02_
0_10_
0_03_
1_11_
1_04_
0_05_
1count[0]
0count[1]
1count[2]
0count[3]
#7173
0clk
0rst
0_02_
0_10_
1_03_
1_11_
1_04_
0_05_
0count[0]
1count[1]
1count[2]
0count[3]
#7174
0clk
0rst
1_02_
0_10_
1_03_
1_11_
1_04_
0_05_
1count[0]
1count[1]
1count[2]
0count[3]
#7175
0clk
0rst
0_02_
1_10_
0_03_
0_11_
0_04_
1_05_
0count[0]
0count[1]
0count[2]
1count[3]
#7176
0clk
0rst
1_02_
0_10_
0_03_
1_11_
0_04_
1_05_
1count[0]
0count[1]
0count[2]
1count[3]
#7177
0clk
0rst
0_02_
0_10_
1_03_
1_11_
0_04_
1_05_
0count[0]
1count[1]
0count[2]
1count[3]
#7178
0clk
0rst
1_02_
0_10_
1_03_
1_11_
0_04_
1_05_
1count[0]
1count[1]
0count[2]
1count[3]
#7179
0clk
0rst
0_02_
1_10_
0_03_
1_11_
1_04_
1_05_
0count[0]
0count[1]
1count[2]
1count[3]
#7180
0clk
0rst
1_02_
0_10_
0_03_
1_11_
1_04_
1_05_
1count[0]
0count[1]
1count[2]
1count[3]
#7181
0clk
0rst
0_02_
0_10_
1_03_
1_11_
1_04_
1_05_
0count[0]
1count[1]
1count[2]
1count[3]
#7182
0clk
0rst
1_02_
0_10_
1_03_
1_11_
1_04_
1_05_
1count[0]
1count[1]
1count[2]
1count[3]
#7183
0clk
0rst
0_02_
1_10_
0_03_
0_11_
0_04_
0_05_
0count[0]
0count[1]
0count[2]
0count[3]
#7184
0clk
0rst
1_02_
0_10_
0_03_
1_11_
0_04_
0_05_
1count[0]
0count[1]
0count[2]
0count[3]
#7185
0clk
0rst
0_02_
0_10_
1_03_
1_11_
0_04_
0_05_
0count[0]
1count[1]
0count[2]
0count[3]
#7186
0clk
0rst
1_02_
0_10_
1_03_
1_11_
0_04_
0_05_
1count[0]
1count[1]
0count[2]
0count[3]
#7187
0clk
0rst
0_02_
1_10_
0_03_
1_11_
1_04_
0_05_
0count[0]
0count[1]
1count[2]
0count[3]
#7188
0clk
0rst
1_02_
0_10_
0_03_
1_11_
1_04_
0_05_
1count[0]
0count[1]
1count[2]
0count[3]
#7189
0clk
0rst
0_02_
0_10_
1_03_
1_11_
1_04_
0_05_
0count[0]
1count[1]
1count[2]
0count[3]
#7190
0clk
0rst
1_02_
0_10_
1_03_
1_11_
1_04_
0_05_
1count[0]
1count[1]
1count[2]
0count[3]
#7191
0clk
0rst
0_02_
1_10_
0_03_
0_11_
0_04_
1_05_
0count[0]
0count[1]
0count[2]
1count[3]
#7192
0clk
0rst
1_02_
0_10_
0_03_
1_11_
0_04_
1_05_
1count[0]
0count[1]
0count[2]
1count[3]
#7193
0clk
0rst
0_02_
0_10_
1_03_
1_11_
0_04_
1_05_
0count[0]
1count[1]
0count[2]
1count[3]
#7194
0clk
0rst
1_02_
0_10_
1_03_
1_11_
0_04_
1_05_
1count[0]
1count[1]
0count[2]
1count[3]
#7195
0clk
0rst
0_02_
1_10_
0_03_
1_11_
1_04_
1_05_
0count[0]
0count[1]
1count[2]
1count[3]
#7196
0clk
0rst
1_02_
0_10_
0_03_
1_11_
1_04_
1_05_
1count[0]
0count[1]
1count[2]
1count[3]
#7197
0clk
0rst
0_02_
0_10_
1_03_
1_11_
1_04_
1_05_
0count[0]
1count[1]
1count[2]
1count[3]
#7198
0clk
0rst
1_02_
0_10_
1_03_
1_11_
1_04_
1_05_
1count[0]
1count[1]
1count[2]
1count[3]
#7199
0clk
0rst
0_02_
1_10_
0_03_
0_11_
0_04_
0_05_
0count[0]
0count[1]
0count[2]
0count[3]
#7200
0clk
0rst
1_02_
0_10_
0_03_
1_11_
0_04_
0_05_
1count[0]
0count[1]
0count[2]
0count[3]
#7201
0clk
0rst
0_02_
0_10_
1_03_
1_11_
0_04_
0_05_
0count[0]
1count[1]
0count[2]
0count[3]
#7202
0clk
0rst
1_02_
0_10_
1_03_
1_11_
0_04_
0_05_
1count[0]
1count[1]
0count[2]
0count[3]
#7203
0clk
0rst
0_02_
1_10_
0_03_
1_11_
1_04_
0_05_
0count[0]
0count[1]
1count[2]
0count[3]
#7204
0clk
0rst
1_02_
0_10_
0_03_
1_11_
1_04_
0_05_
1count[0]
0count[1]
1count[2]
0count[3]
#7205
0clk
0rst
0_02_
0_10_
1_03_
1_11_
1_04_
0_05_
0count[0]
1count[1]
1count[2]
0count[3]
#7206
0clk
0rst
1_02_
0_10_
1_03_
1_11_
1_04_
0_05_
1count[0]
1count[1]
1count[2]
0count[3]
#7207
0clk
0rst
0_02_
1_10_
0_03_
0_11_
0_04_
1_05_
0count[0]
0count[1]
0count[2]
1count[3]
#7208
0clk
0rst
1_02_
0_10_
0_03_
1_11_
0_04_
1_05_
1count[0]
0count[1]
0count[2]
1count[3]
#7209
0clk
0rst
0_02_
0_10_
1_03_
1_11_
0_04_
1_05_
0count[0]
1count[1]
0count[2]
1count[3]
#7210
0clk
0rst
1_02_
0_10_
1_03_
1_11_
0_04_
1_05_
1count[0]
1count[1]
0count[2]
1count[3]
#7211
0clk
0rst
0_02_
1_10_
0_03_
1_11_
1_04_
1_05_
0count[0]
0count[1]
1count[2]
1count[3]
#7212
0clk
0rst
1_02_
0_10_
0_03_
1_11_
1_04_
1_05_
1count[0]
0count[1]
1count[2]
1count[3]
#7213
0clk
0rst
0_02_
0_10_
1_03_
1_11_
1_04_
1_05_
0count[0]
1count[1]
1count[2]
1count[3]
#7214
0clk
0rst
1_02_
0_10_
1_03_
1_11_
1_04_
1_05_
1count[0]
1count[1]
1count[2]
1count[3]
#7215
0clk
0rst
0_02_
1_10_
0_03_
0_11_
0_04_
0_05_
0count[0]
0count[1]
0count[2]
0count[3]
#7216
0clk
0rst
1_02_
0_10_
0_03_
1_11_
0_04_
0_05_
1count[0]
0count[1]
0count[2]
0count[3]
#7217
0clk
0rst
0_02_
0_10_
1_03_
1_11_
0_04_
0_05_
0count[0]
1count[1]
0count[2]
0count[3]
#7218
0clk
0rst
1_02_
0_10_
1_03_
1_11_
0_04_
0_05_
1count[0]
1count[1]
0count[2]
0count[3]
#7219
0clk
0rst
0_02_
1_10_
0_03_
1_11_
1_04_
0_05_
0count[0]
0count[1]
1count[2]
0count[3]
#7220
0clk
0rst
1_02_
0_10_
0_03_
1_11_
1_04_
0_05_
1count[0]
0count[1]
1count[2]
0count[3]
#7221
0clk
0rst
0_02_
0_10_
1_03_
1_11_
1_04_
0_05_
0count[0]
1count[1]
1count[2]
0count[3]
#7222
0clk
0rst
1_02_
0_10_
1_03_
1_11_
1_04_
0_05_
1count[0]
1count[1]
1count[2]
0count[3]
#7223
0clk
0rst
0_02_
1_10_
0_03_
0_11_
0_04_
1_05_
0count[0]
0count[1]
0count[2]
1count[3]
#7224
0clk
0rst
1_02_
0_10_
0_03_
1_11_
0_04_
1_05_
1count[0]
0count[1]
0count[2]
1count[3]
#7225
0clk
0rst
0_02_
0_10_
1_03_
1_11_
0_04_
1_05_
0count[0]
1count[1]
0count[2]
1count[3]
#7226
0clk
0rst
1_02_
0_10_
1_03_
1_11_
0_04_
1_05_
1count[0]
1count[1]
0count[2]
1count[3]
#7227
0clk
0rst
0_02_
1_10_
0_03_
1_11_
1_04_
1_05_
0count[0]
0count[1]
1count[2]
1count[3]
#7228
0clk
0rst
1_02_
0_10_
0_03_
1_11_
1_04_
1_05_
1count[0]
0count[1]
1count[2]
1count[3]
#7229
0clk
0rst
0_02_
0_10_
1_03_
1_11_
1_04_
1_05_
0count[0]
1count[1]
1count[2]
1count[3]
#7230
0clk
0rst
1_02_
0_10_
1_03_
1_11_
1_04_
1_05_
1count[0]
1count[1]
1count[2]
1count[3]
#7231
0clk
0rst
0_02_
1_10_
0_03_
0_11_
0_04_
0_05_
0count[0]
0count[1]
0count[2]
0count[3]
#7232
0clk
0rst
1_02_
0_10_
0_03_
1_11_
0_04_
0_05_
1count[0]
0count[1]
0count[2]
0count[3]
#7233
0clk
0rst
0_02_
0_10_
1_03_
1_11_
0_04_
0_05_
0count[0]
1count[1]
0count[2]
0count[3]
#7234
0clk
0rst
1_02_
0_10_
1_03_
1_11_
0_04_
0_05_
1count[0]
1count[1]
0count[2]
0count[3]
#7235
0clk
0rst
0_02_
1_10_
0_03_
1_11_
1_04_
0_05_
0count[0]
0count[1]
1count[2]
0count[3]
#7236
0clk
0rst
1_02_
0_10_
0_03_
1_11_
1_04_
0_05_
1count[0]
0count[1]
1count[2]
0count[3]
#7237
0clk
0rst
0_02_
0_10_
1_03_
1_11_
1_04_
0_05_
0count[0]
1count[1]
1count[2]
0count[3]
#7238
0clk
0rst
1_02_
0_10_
1_03_
1_11_
1_04_
0_05_
1count[0]
1count[1]
1count[2]
0count[3]
#7239
0clk
0rst
0_02_
1_10_
0_03_
0_11_
0_04_
1_05_
0count[0]
0count[1]
0count[2]
1count[3]
#7240
0clk
0rst
1_02_
0_10_
0_03_
1_11_
0_04_
1_05_
1count[0]
0count[1]
0count[2]
1count[3]
#7241
0clk
0rst
0_02_
0_10_
1_03_
1_11_
0_04_
1_05_
0count[0]
1count[1]
0count[2]
1count[3]
#7242
0clk
0rst
1_02_
0_10_
1_03_
1_11_
0_04_
1_05_
1count[0]
1count[1]
0count[2]
1count[3]
#7243
0clk
0rst
0_02_
1_10_
0_03_
1_11_
1_04_
1_05_
0count[0]
0count[1]
1count[2]
1count[3]
#7244
0clk
0rst
1_02_
0_10_
0_03_
1_11_
1_04_
1_05_
1count[0]
0count[1]
1count[2]
1count[3]
#7245
0clk
0rst
0_02_
0_10_
1_03_
1_11_
1_04_
1_05_
0count[0]
1count[1]
1count[2]
1count[3]
#7246
0clk
0rst
1_02_
0_10_
1_03_
1_11_
1_04_
1_05_
1count[0]
1count[1]
1count[2]
1count[3]
#7247
0clk
0rst
0_02_
1_10_
0_03_
0_11_
0_04_
0_05_
0count[0]
0count[1]
0count[2]
0count[3]
#7248
0clk
0rst
1_02_
0_10_
0_03_
1_11_
0_04_
0_05_
1count[0]
0count[1]
0count[2]
0count[3]
#7249
0clk
0rst
0_02_
0_10_
1_03_
1_11_
0_04_
0_05_
0count[0]
1count[1]
0count[2]
0count[3]
#7250
0clk
0rst
1_02_
0_10_
1_03_
1_11_
0_04_
0_05_
1count[0]
1count[1]
0count[2]
0count[3]
#7251
0clk
0rst
0_02_
1_10_
0_03_
1_11_
1_04_
0_05_
0count[0]
0count[1]
1count[2]
0count[3]
#7252
0clk
0rst
1_02_
0_10_
0_03_
1_11_
1_04_
0_05_
1count[0]
0count[1]
1count[2]
0count[3]
#7253
0clk
0rst
0_02_
0_10_
1_03_
1_11_
1_04_
0_05_
0count[0]
1count[1]
1count[2]
0count[3]
#7254
0clk
0rst
1_02_
0_10_
1_03_
1_11_
1_04_
0_05_
1count[0]
1count[1]
1count[2]
0count[3]
#7255
0clk
0rst
0_02_
1_10_
0_03_
0_11_
0_04_
1_05_
0count[0]
0count[1]
0count[2]
1count[3]
#7256
0clk
0rst
1_02_
0_10_
0_03_
1_11_
0_04_
1_05_
1count[0]
0count[1]
0count[2]
1count[3]
#7257
0clk
0rst
0_02_
0_10_
1_03_
1_11_
0_04_
1_05_
0count[0]
1count[1]
0count[2]
1count[3]
#7258
0clk
0rst
1_02_
0_10_
1_03_
1_11_
0_04_
1_05_
1count[0]
1count[1]
0count[2]
1count[3]
#7259
0clk
0rst
0_02_
1_10_
0_03_
1_11_
1_04_
1_05_
0count[0]
0count[1]
1count[2]
1count[3]
#7260
0clk
0rst
1_02_
0_10_
0_03_
1_11_
1_04_
1_05_
1count[0]
0count[1]
1count[2]
1count[3]
#7261
0clk
0rst
0_02_
0_10_
1_03_
1_11_
1_04_
1_05_
0count[0]
1count[1]
1count[2]
1count[3]
#7262
0clk
0rst
1_02_
0_10_
1_03_
1_11_
1_04_
1_05_
1count[0]
1count[1]
1count[2]
1count[3]
#7263
0clk
0rst
0_02_
1_10_
0_03_
0_11_
0_04_
0_05_
0count[0]
0count[1]
0count[2]
0count[3]
#7264
0clk
0rst
1_02_
0_10_
0_03_
1_11_
0_04_
0_05_
1count[0]
0count[1]
0count[2]
0count[3]
#7265
0clk
0rst
0_02_
0_10_
1_03_
1_11_
0_04_
0_05_
0count[0]
1count[1]
0count[2]
0count[3]
#7266
0clk
0rst
1_02_
0_10_
1_03_
1_11_
0_04_
0_05_
1count[0]
1count[1]
0count[2]
0count[3]
#7267
0clk
0rst
0_02_
1_10_
0_03_
1_11_
1_04_
0_05_
0count[0]
0count[1]
1count[2]
0count[3]
#7268
0clk
0rst
1_02_
0_10_
0_03_
1_11_
1_04_
0_05_
1count[0]
0count[1]
1count[2]
0count[3]
#7269
0clk
0rst
0_02_
0_10_
1_03_
1_11_
1_04_
0_05_
0count[0]
1count[1]
1count[2]
0count[3]
#7270
0clk
0rst
1_02_
0_10_
1_03_
1_11_
1_04_
0_05_
1count[0]
1count[1]
1count[2]
0count[3]
#7271
0clk
0rst
0_02_
1_10_
0_03_
0_11_
0_04_
1_05_
0count[0]
0count[1]
0count[2]
1count[3]
#7272
0clk
0rst
1_02_
0_10_
0_03_
1_11_
0_04_
1_05_
1count[0]
0count[1]
0count[2]
1count[3]
#7273
0clk
0rst
0_02_
0_10_
1_03_
1_11_
0_04_
1_05_
0count[0]
1count[1]
0count[2]
1count[3]
#7274
0clk
0rst
1_02_
0_10_
1_03_
1_11_
0_04_
1_05_
1count[0]
1count[1]
0count[2]
1count[3]
#7275
0clk
0rst
0_02_
1_10_
0_03_
1_11_
1_04_
1_05_
0count[0]
0count[1]
1count[2]
1count[3]
#7276
0clk
0rst
1_02_
0_10_
0_03_
1_11_
1_04_
1_05_
1count[0]
0count[1]
1count[2]
1count[3]
#7277
0clk
0rst
0_02_
0_10_
1_03_
1_11_
1_04_
1_05_
0count[0]
1count[1]
1count[2]
1count[3]
#7278
0clk
0rst
1_02_
0_10_
1_03_
1_11_
1_04_
1_05_
1count[0]
1count[1]
1count[2]
1count[3]
#7279
0clk
0rst
0_02_
1_10_
0_03_
0_11_
0_04_
0_05_
0count[0]
0count[1]
0count[2]
0count[3]
#7280
0clk
0rst
1_02_
0_10_
0_03_
1_11_
0_04_
0_05_
1count[0]
0count[1]
0count[2]
0count[3]
#7281
0clk
0rst
0_02_
0_10_
1_03_
1_11_
0_04_
0_05_
0count[0]
1count[1]
0count[2]
0count[3]
#7282
0clk
0rst
1_02_
0_10_
1_03_
1_11_
0_04_
0_05_
1count[0]
1count[1]
0count[2]
0count[3]
#7283
0clk
0rst
0_02_
1_10_
0_03_
1_11_
1_04_
0_05_
0count[0]
0count[1]
1count[2]
0count[3]
#7284
0clk
0rst
1_02_
0_10_
0_03_
1_11_
1_04_
0_05_
1count[0]
0count[1]
1count[2]
0count[3]
#7285
0clk
0rst
0_02_
0_10_
1_03_
1_11_
1_04_
0_05_
0count[0]
1count[1]
1count[2]
0count[3]
#7286
0clk
0rst
1_02_
0_10_
1_03_
1_11_
1_04_
0_05_
1count[0]
1count[1]
1count[2]
0count[3]
#7287
0clk
0rst
0_02_
1_10_
0_03_
0_11_
0_04_
1_05_
0count[0]
0count[1]
0count[2]
1count[3]
#7288
0clk
0rst
1_02_
0_10_
0_03_
1_11_
0_04_
1_05_
1count[0]
0count[1]
0count[2]
1count[3]
#7289
0clk
0rst
0_02_
0_10_
1_03_
1_11_
0_04_
1_05_
0count[0]
1count[1]
0count[2]
1count[3]
#7290
0clk
0rst
1_02_
0_10_
1_03_
1_11_
0_04_
1_05_
1count[0]
1count[1]
0count[2]
1count[3]
#7291
0clk
0rst
0_02_
1_10_
0_03_
1_11_
1_04_
1_05_
0count[0]
0count[1]
1count[2]
1count[3]
#7292
0clk
0rst
1_02_
0_10_
0_03_
1_11_
1_04_
1_05_
1count[0]
0count[1]
1count[2]
1count[3]
#7293
0clk
0rst
0_02_
0_10_
1_03_
1_11_
1_04_
1_05_
0count[0]
1count[1]
1count[2]
1count[3]
#7294
0clk
0rst
1_02_
0_10_
1_03_
1_11_
1_04_
1_05_
1count[0]
1count[1]
1count[2]
1count[3]
#7295
0clk
0rst
0_02_
1_10_
0_03_
0_11_
0_04_
0_05_
0count[0]
0count[1]
0count[2]
0count[3]
#7296
0clk
0rst
1_02_
0_10_
0_03_
1_11_
0_04_
0_05_
1count[0]
0count[1]
0count[2]
0count[3]
#7297
0clk
0rst
0_02_
0_10_
1_03_
1_11_
0_04_
0_05_
0count[0]
1count[1]
0count[2]
0count[3]
#7298
0clk
0rst
1_02_
0_10_
1_03_
1_11_
0_04_
0_05_
1count[0]
1count[1]
0count[2]
0count[3]
#7299
0clk
0rst
0_02_
1_10_
0_03_
1_11_
1_04_
0_05_
0count[0]
0count[1]
1count[2]
0count[3]
#7300
0clk
0rst
1_02_
0_10_
0_03_
1_11_
1_04_
0_05_
1count[0]
0count[1]
1count[2]
0count[3]
#7301
0clk
0rst
0_02_
0_10_
1_03_
1_11_
1_04_
0_05_
0count[0]
1count[1]
1count[2]
0count[3]
#7302
0clk
0rst
1_02_
0_10_
1_03_
1_11_
1_04_
0_05_
1count[0]
1count[1]
1count[2]
0count[3]
#7303
0clk
0rst
0_02_
1_10_
0_03_
0_11_
0_04_
1_05_
0count[0]
0count[1]
0count[2]
1count[3]
#7304
0clk
0rst
1_02_
0_10_
0_03_
1_11_
0_04_
1_05_
1count[0]
0count[1]
0count[2]
1count[3]
#7305
0clk
0rst
0_02_
0_10_
1_03_
1_11_
0_04_
1_05_
0count[0]
1count[1]
0count[2]
1count[3]
#7306
0clk
0rst
1_02_
0_10_
1_03_
1_11_
0_04_
1_05_
1count[0]
1count[1]
0count[2]
1count[3]
#7307
0clk
0rst
0_02_
1_10_
0_03_
1_11_
1_04_
1_05_
0count[0]
0count[1]
1count[2]
1count[3]
#7308
0clk
0rst
1_02_
0_10_
0_03_
1_11_
1_04_
1_05_
1count[0]
0count[1]
1count[2]
1count[3]
#7309
0clk
0rst
0_02_
0_10_
1_03_
1_11_
1_04_
1_05_
0count[0]
1count[1]
1count[2]
1count[3]
#7310
0clk
0rst
1_02_
0_10_
1_03_
1_11_
1_04_
1_05_
1count[0]
1count[1]
1count[2]
1count[3]
#7311
0clk
0rst
0_02_
1_10_
0_03_
0_11_
0_04_
0_05_
0count[0]
0count[1]
0count[2]
0count[3]
#7312
0clk
0rst
1_02_
0_10_
0_03_
1_11_
0_04_
0_05_
1count[0]
0count[1]
0count[2]
0count[3]
#7313
0clk
0rst
0_02_
0_10_
1_03_
1_11_
0_04_
0_05_
0count[0]
1count[1]
0count[2]
0count[3]
#7314
0clk
0rst
1_02_
0_10_
1_03_
1_11_
0_04_
0_05_
1count[0]
1count[1]
0count[2]
0count[3]
#7315
0clk
0rst
0_02_
1_10_
0_03_
1_11_
1_04_
0_05_
0count[0]
0count[1]
1count[2]
0count[3]
#7316
0clk
0rst
1_02_
0_10_
0_03_
1_11_
1_04_
0_05_
1count[0]
0count[1]
1count[2]
0count[3]
#7317
0clk
0rst
0_02_
0_10_
1_03_
1_11_
1_04_
0_05_
0count[0]
1count[1]
1count[2]
0count[3]
#7318
0clk
0rst
1_02_
0_10_
1_03_
1_11_
1_04_
0_05_
1count[0]
1count[1]
1count[2]
0count[3]
#7319
0clk
0rst
0_02_
1_10_
0_03_
0_11_
0_04_
1_05_
0count[0]
0count[1]
0count[2]
1count[3]
#7320
0clk
0rst
1_02_
0_10_
0_03_
1_11_
0_04_
1_05_
1count[0]
0count[1]
0count[2]
1count[3]
#7321
0clk
0rst
0_02_
0_10_
1_03_
1_11_
0_04_
1_05_
0count[0]
1count[1]
0count[2]
1count[3]
#7322
0clk
0rst
1_02_
0_10_
1_03_
1_11_
0_04_
1_05_
1count[0]
1count[1]
0count[2]
1count[3]
#7323
0clk
0rst
0_02_
1_10_
0_03_
1_11_
1_04_
1_05_
0count[0]
0count[1]
1count[2]
1count[3]
#7324
0clk
0rst
1_02_
0_10_
0_03_
1_11_
1_04_
1_05_
1count[0]
0count[1]
1count[2]
1count[3]
#7325
0clk
0rst
0_02_
0_10_
1_03_
1_11_
1_04_
1_05_
0count[0]
1count[1]
1count[2]
1count[3]
#7326
0clk
0rst
1_02_
0_10_
1_03_
1_11_
1_04_
1_05_
1count[0]
1count[1]
1count[2]
1count[3]
#7327
0clk
0rst
0_02_
1_10_
0_03_
0_11_
0_04_
0_05_
0count[0]
0count[1]
0count[2]
0count[3]
#7328
0clk
0rst
1_02_
0_10_
0_03_
1_11_
0_04_
0_05_
1count[0]
0count[1]
0count[2]
0count[3]
#7329
0clk
0rst
0_02_
0_10_
1_03_
1_11_
0_04_
0_05_
0count[0]
1count[1]
0count[2]
0count[3]
#7330
0clk
0rst
1_02_
0_10_
1_03_
1_11_
0_04_
0_05_
1count[0]
1count[1]
0count[2]
0count[3]
#7331
0clk
0rst
0_02_
1_10_
0_03_
1_11_
1_04_
0_05_
0count[0]
0count[1]
1count[2]
0count[3]
#7332
0clk
0rst
1_02_
0_10_
0_03_
1_11_
1_04_
0_05_
1count[0]
0count[1]
1count[2]
0count[3]
#7333
0clk
0rst
0_02_
0_10_
1_03_
1_11_
1_04_
0_05_
0count[0]
1count[1]
1count[2]
0count[3]
#7334
0clk
0rst
1_02_
0_10_
1_03_
1_11_
1_04_
0_05_
1count[0]
1count[1]
1count[2]
0count[3]
#7335
0clk
0rst
0_02_
1_10_
0_03_
0_11_
0_04_
1_05_
0count[0]
0count[1]
0count[2]
1count[3]
#7336
0clk
0rst
1_02_
0_10_
0_03_
1_11_
0_04_
1_05_
1count[0]
0count[1]
0count[2]
1count[3]
#7337
0clk
0rst
0_02_
0_10_
1_03_
1_11_
0_04_
1_05_
0count[0]
1count[1]
0count[2]
1count[3]
#7338
0clk
0rst
1_02_
0_10_
1_03_
1_11_
0_04_
1_05_
1count[0]
1count[1]
0count[2]
1count[3]
#7339
0clk
0rst
0_02_
1_10_
0_03_
1_11_
1_04_
1_05_
0count[0]
0count[1]
1count[2]
1count[3]
#7340
0clk
0rst
1_02_
0_10_
0_03_
1_11_
1_04_
1_05_
1count[0]
0count[1]
1count[2]
1count[3]
#7341
0clk
0rst
0_02_
0_10_
1_03_
1_11_
1_04_
1_05_
0count[0]
1count[1]
1count[2]
1count[3]
#7342
0clk
0rst
1_02_
0_10_
1_03_
1_11_
1_04_
1_05_
1count[0]
1count[1]
1count[2]
1count[3]
#7343
0clk
0rst
0_02_
1_10_
0_03_
0_11_
0_04_
0_05_
0count[0]
0count[1]
0count[2]
0count[3]
#7344
0clk
0rst
1_02_
0_10_
0_03_
1_11_
0_04_
0_05_
1count[0]
0count[1]
0count[2]
0count[3]
#7345
0clk
0rst
0_02_
0_10_
1_03_
1_11_
0_04_
0_05_
0count[0]
1count[1]
0count[2]
0count[3]
#7346
0clk
0rst
1_02_
0_10_
1_03_
1_11_
0_04_
0_05_
1count[0]
1count[1]
0count[2]
0count[3]
#7347
0clk
0rst
0_02_
1_10_
0_03_
1_11_
1_04_
0_05_
0count[0]
0count[1]
1count[2]
0count[3]
#7348
0clk
0rst
1_02_
0_10_
0_03_
1_11_
1_04_
0_05_
1count[0]
0count[1]
1count[2]
0count[3]
#7349
0clk
0rst
0_02_
0_10_
1_03_
1_11_
1_04_
0_05_
0count[0]
1count[1]
1count[2]
0count[3]
#7350
0clk
0rst
1_02_
0_10_
1_03_
1_11_
1_04_
0_05_
1count[0]
1count[1]
1count[2]
0count[3]
#7351
0clk
0rst
0_02_
1_10_
0_03_
0_11_
0_04_
1_05_
0count[0]
0count[1]
0count[2]
1count[3]
#7352
0clk
0rst
1_02_
0_10_
0_03_
1_11_
0_04_
1_05_
1count[0]
0count[1]
0count[2]
1count[3]
#7353
0clk
0rst
0_02_
0_10_
1_03_
1_11_
0_04_
1_05_
0count[0]
1count[1]
0count[2]
1count[3]
#7354
0clk
0rst
1_02_
0_10_
1_03_
1_11_
0_04_
1_05_
1count[0]
1count[1]
0count[2]
1count[3]
#7355
0clk
0rst
0_02_
1_10_
0_03_
1_11_
1_04_
1_05_
0count[0]
0count[1]
1count[2]
1count[3]
#7356
0clk
0rst
1_02_
0_10_
0_03_
1_11_
1_04_
1_05_
1count[0]
0count[1]
1count[2]
1count[3]
#7357
0clk
0rst
0_02_
0_10_
1_03_
1_11_
1_04_
1_05_
0count[0]
1count[1]
1count[2]
1count[3]
#7358
0clk
0rst
1_02_
0_10_
1_03_
1_11_
1_04_
1_05_
1count[0]
1count[1]
1count[2]
1count[3]
#7359
0clk
0rst
0_02_
1_10_
0_03_
0_11_
0_04_
0_05_
0count[0]
0count[1]
0count[2]
0count[3]
#7360
0clk
0rst
1_02_
0_10_
0_03_
1_11_
0_04_
0_05_
1count[0]
0count[1]
0count[2]
0count[3]
#7361
0clk
0rst
0_02_
0_10_
1_03_
1_11_
0_04_
0_05_
0count[0]
1count[1]
0count[2]
0count[3]
#7362
0clk
0rst
1_02_
0_10_
1_03_
1_11_
0_04_
0_05_
1count[0]
1count[1]
0count[2]
0count[3]
#7363
0clk
0rst
0_02_
1_10_
0_03_
1_11_
1_04_
0_05_
0count[0]
0count[1]
1count[2]
0count[3]
#7364
0clk
0rst
1_02_
0_10_
0_03_
1_11_
1_04_
0_05_
1count[0]
0count[1]
1count[2]
0count[3]
#7365
0clk
0rst
0_02_
0_10_
1_03_
1_11_
1_04_
0_05_
0count[0]
1count[1]
1count[2]
0count[3]
#7366
0clk
0rst
1_02_
0_10_
1_03_
1_11_
1_04_
0_05_
1count[0]
1count[1]
1count[2]
0count[3]
#7367
0clk
0rst
0_02_
1_10_
0_03_
0_11_
0_04_
1_05_
0count[0]
0count[1]
0count[2]
1count[3]
#7368
0clk
0rst
1_02_
0_10_
0_03_
1_11_
0_04_
1_05_
1count[0]
0count[1]
0count[2]
1count[3]
#7369
0clk
0rst
0_02_
0_10_
1_03_
1_11_
0_04_
1_05_
0count[0]
1count[1]
0count[2]
1count[3]
#7370
0clk
0rst
1_02_
0_10_
1_03_
1_11_
0_04_
1_05_
1count[0]
1count[1]
0count[2]
1count[3]
#7371
0clk
0rst
0_02_
1_10_
0_03_
1_11_
1_04_
1_05_
0count[0]
0count[1]
1count[2]
1count[3]
#7372
0clk
0rst
1_02_
0_10_
0_03_
1_11_
1_04_
1_05_
1count[0]
0count[1]
1count[2]
1count[3]
#7373
0clk
0rst
0_02_
0_10_
1_03_
1_11_
1_04_
1_05_
0count[0]
1count[1]
1count[2]
1count[3]
#7374
0clk
0rst
1_02_
0_10_
1_03_
1_11_
1_04_
1_05_
1count[0]
1count[1]
1count[2]
1count[3]
#7375
0clk
0rst
0_02_
1_10_
0_03_
0_11_
0_04_
0_05_
0count[0]
0count[1]
0count[2]
0count[3]
#7376
0clk
0rst
1_02_
0_10_
0_03_
1_11_
0_04_
0_05_
1count[0]
0count[1]
0count[2]
0count[3]
#7377
0clk
0rst
0_02_
0_10_
1_03_
1_11_
0_04_
0_05_
0count[0]
1count[1]
0count[2]
0count[3]
#7378
0clk
0rst
1_02_
0_10_
1_03_
1_11_
0_04_
0_05_
1count[0]
1count[1]
0count[2]
0count[3]
#7379
0clk
0rst
0_02_
1_10_
0_03_
1_11_
1_04_
0_05_
0count[0]
0count[1]
1count[2]
0count[3]
#7380
0clk
0rst
1_02_
0_10_
0_03_
1_11_
1_04_
0_05_
1count[0]
0count[1]
1count[2]
0count[3]
#7381
0clk
0rst
0_02_
0_10_
1_03_
1_11_
1_04_
0_05_
0count[0]
1count[1]
1count[2]
0count[3]
#7382
0clk
0rst
1_02_
0_10_
1_03_
1_11_
1_04_
0_05_
1count[0]
1count[1]
1count[2]
0count[3]
#7383
0clk
0rst
0_02_
1_10_
0_03_
0_11_
0_04_
1_05_
0count[0]
0count[1]
0count[2]
1count[3]
#7384
0clk
0rst
1_02_
0_10_
0_03_
1_11_
0_04_
1_05_
1count[0]
0count[1]
0count[2]
1count[3]
#7385
0clk
0rst
0_02_
0_10_
1_03_
1_11_
0_04_
1_05_
0count[0]
1count[1]
0count[2]
1count[3]
#7386
0clk
0rst
1_02_
0_10_
1_03_
1_11_
0_04_
1_05_
1count[0]
1count[1]
0count[2]
1count[3]
#7387
0clk
0rst
0_02_
1_10_
0_03_
1_11_
1_04_
1_05_
0count[0]
0count[1]
1count[2]
1count[3]
#7388
0clk
0rst
1_02_
0_10_
0_03_
1_11_
1_04_
1_05_
1count[0]
0count[1]
1count[2]
1count[3]
#7389
0clk
0rst
0_02_
0_10_
1_03_
1_11_
1_04_
1_05_
0count[0]
1count[1]
1count[2]
1count[3]
#7390
0clk
0rst
1_02_
0_10_
1_03_
1_11_
1_04_
1_05_
1count[0]
1count[1]
1count[2]
1count[3]
#7391
0clk
0rst
0_02_
1_10_
0_03_
0_11_
0_04_
0_05_
0count[0]
0count[1]
0count[2]
0count[3]
#7392
0clk
0rst
1_02_
0_10_
0_03_
1_11_
0_04_
0_05_
1count[0]
0count[1]
0count[2]
0count[3]
#7393
0clk
0rst
0_02_
0_10_
1_03_
1_11_
0_04_
0_05_
0count[0]
1count[1]
0count[2]
0count[3]
#7394
0clk
0rst
1_02_
0_10_
1_03_
1_11_
0_04_
0_05_
1count[0]
1count[1]
0count[2]
0count[3]
#7395
0clk
0rst
0_02_
1_10_
0_03_
1_11_
1_04_
0_05_
0count[0]
0count[1]
1count[2]
0count[3]
#7396
0clk
0rst
1_02_
0_10_
0_03_
1_11_
1_04_
0_05_
1count[0]
0count[1]
1count[2]
0count[3]
#7397
0clk
0rst
0_02_
0_10_
1_03_
1_11_
1_04_
0_05_
0count[0]
1count[1]
1count[2]
0count[3]
#7398
0clk
0rst
1_02_
0_10_
1_03_
1_11_
1_04_
0_05_
1count[0]
1count[1]
1count[2]
0count[3]
#7399
0clk
0rst
0_02_
1_10_
0_03_
0_11_
0_04_
1_05_
0count[0]
0count[1]
0count[2]
1count[3]
#7400
0clk
0rst
1_02_
0_10_
0_03_
1_11_
0_04_
1_05_
1count[0]
0count[1]
0count[2]
1count[3]
#7401
0clk
0rst
0_02_
0_10_
1_03_
1_11_
0_04_
1_05_
0count[0]
1count[1]
0count[2]
1count[3]
#7402
0clk
0rst
1_02_
0_10_
1_03_
1_11_
0_04_
1_05_
1count[0]
1count[1]
0count[2]
1count[3]
#7403
0clk
0rst
0_02_
1_10_
0_03_
1_11_
1_04_
1_05_
0count[0]
0count[1]
1count[2]
1count[3]
#7404
0clk
0rst
1_02_
0_10_
0_03_
1_11_
1_04_
1_05_
1count[0]
0count[1]
1count[2]
1count[3]
#7405
0clk
0rst
0_02_
0_10_
1_03_
1_11_
1_04_
1_05_
0count[0]
1count[1]
1count[2]
1count[3]
#7406
0clk
0rst
1_02_
0_10_
1_03_
1_11_
1_04_
1_05_
1count[0]
1count[1]
1count[2]
1count[3]
#7407
0clk
0rst
0_02_
1_10_
0_03_
0_11_
0_04_
0_05_
0count[0]
0count[1]
0count[2]
0count[3]
#7408
0clk
0rst
1_02_
0_10_
0_03_
1_11_
0_04_
0_05_
1count[0]
0count[1]
0count[2]
0count[3]
#7409
0clk
0rst
0_02_
0_10_
1_03_
1_11_
0_04_
0_05_
0count[0]
1count[1]
0count[2]
0count[3]
#7410
0clk
0rst
1_02_
0_10_
1_03_
1_11_
0_04_
0_05_
1count[0]
1count[1]
0count[2]
0count[3]
#7411
0clk
0rst
0_02_
1_10_
0_03_
1_11_
1_04_
0_05_
0count[0]
0count[1]
1count[2]
0count[3]
#7412
0clk
0rst
1_02_
0_10_
0_03_
1_11_
1_04_
0_05_
1count[0]
0count[1]
1count[2]
0count[3]
#7413
0clk
0rst
0_02_
0_10_
1_03_
1_11_
1_04_
0_05_
0count[0]
1count[1]
1count[2]
0count[3]
#7414
0clk
0rst
1_02_
0_10_
1_03_
1_11_
1_04_
0_05_
1count[0]
1count[1]
1count[2]
0count[3]
#7415
0clk
0rst
0_02_
1_10_
0_03_
0_11_
0_04_
1_05_
0count[0]
0count[1]
0count[2]
1count[3]
#7416
0clk
0rst
1_02_
0_10_
0_03_
1_11_
0_04_
1_05_
1count[0]
0count[1]
0count[2]
1count[3]
#7417
0clk
0rst
0_02_
0_10_
1_03_
1_11_
0_04_
1_05_
0count[0]
1count[1]
0count[2]
1count[3]
#7418
0clk
0rst
1_02_
0_10_
1_03_
1_11_
0_04_
1_05_
1count[0]
1count[1]
0count[2]
1count[3]
#7419
0clk
0rst
0_02_
1_10_
0_03_
1_11_
1_04_
1_05_
0count[0]
0count[1]
1count[2]
1count[3]
#7420
0clk
0rst
1_02_
0_10_
0_03_
1_11_
1_04_
1_05_
1count[0]
0count[1]
1count[2]
1count[3]
#7421
0clk
0rst
0_02_
0_10_
1_03_
1_11_
1_04_
1_05_
0count[0]
1count[1]
1count[2]
1count[3]
#7422
0clk
0rst
1_02_
0_10_
1_03_
1_11_
1_04_
1_05_
1count[0]
1count[1]
1count[2]
1count[3]
#7423
0clk
0rst
0_02_
1_10_
0_03_
0_11_
0_04_
0_05_
0count[0]
0count[1]
0count[2]
0count[3]
#7424
0clk
0rst
1_02_
0_10_
0_03_
1_11_
0_04_
0_05_
1count[0]
0count[1]
0count[2]
0count[3]
#7425
0clk
0rst
0_02_
0_10_
1_03_
1_11_
0_04_
0_05_
0count[0]
1count[1]
0count[2]
0count[3]
#7426
0clk
0rst
1_02_
0_10_
1_03_
1_11_
0_04_
0_05_
1count[0]
1count[1]
0count[2]
0count[3]
#7427
0clk
0rst
0_02_
1_10_
0_03_
1_11_
1_04_
0_05_
0count[0]
0count[1]
1count[2]
0count[3]
#7428
0clk
0rst
1_02_
0_10_
0_03_
1_11_
1_04_
0_05_
1count[0]
0count[1]
1count[2]
0count[3]
#7429
0clk
0rst
0_02_
0_10_
1_03_
1_11_
1_04_
0_05_
0count[0]
1count[1]
1count[2]
0count[3]
#7430
0clk
0rst
1_02_
0_10_
1_03_
1_11_
1_04_
0_05_
1count[0]
1count[1]
1count[2]
0count[3]
#7431
0clk
0rst
0_02_
1_10_
0_03_
0_11_
0_04_
1_05_
0count[0]
0count[1]
0count[2]
1count[3]
#7432
0clk
0rst
1_02_
0_10_
0_03_
1_11_
0_04_
1_05_
1count[0]
0count[1]
0count[2]
1count[3]
#7433
0clk
0rst
0_02_
0_10_
1_03_
1_11_
0_04_
1_05_
0count[0]
1count[1]
0count[2]
1count[3]
#7434
0clk
0rst
1_02_
0_10_
1_03_
1_11_
0_04_
1_05_
1count[0]
1count[1]
0count[2]
1count[3]
#7435
0clk
0rst
0_02_
1_10_
0_03_
1_11_
1_04_
1_05_
0count[0]
0count[1]
1count[2]
1count[3]
#7436
0clk
0rst
1_02_
0_10_
0_03_
1_11_
1_04_
1_05_
1count[0]
0count[1]
1count[2]
1count[3]
#7437
0clk
0rst
0_02_
0_10_
1_03_
1_11_
1_04_
1_05_
0count[0]
1count[1]
1count[2]
1count[3]
#7438
0clk
0rst
1_02_
0_10_
1_03_
1_11_
1_04_
1_05_
1count[0]
1count[1]
1count[2]
1count[3]
#7439
0clk
0rst
0_02_
1_10_
0_03_
0_11_
0_04_
0_05_
0count[0]
0count[1]
0count[2]
0count[3]
#7440
0clk
0rst
1_02_
0_10_
0_03_
1_11_
0_04_
0_05_
1count[0]
0count[1]
0count[2]
0count[3]
#7441
0clk
0rst
0_02_
0_10_
1_03_
1_11_
0_04_
0_05_
0count[0]
1count[1]
0count[2]
0count[3]
#7442
0clk
0rst
1_02_
0_10_
1_03_
1_11_
0_04_
0_05_
1count[0]
1count[1]
0count[2]
0count[3]
#7443
0clk
0rst
0_02_
1_10_
0_03_
1_11_
1_04_
0_05_
0count[0]
0count[1]
1count[2]
0count[3]
#7444
0clk
0rst
1_02_
0_10_
0_03_
1_11_
1_04_
0_05_
1count[0]
0count[1]
1count[2]
0count[3]
#7445
0clk
0rst
0_02_
0_10_
1_03_
1_11_
1_04_
0_05_
0count[0]
1count[1]
1count[2]
0count[3]
#7446
0clk
0rst
1_02_
0_10_
1_03_
1_11_
1_04_
0_05_
1count[0]
1count[1]
1count[2]
0count[3]
#7447
0clk
0rst
0_02_
1_10_
0_03_
0_11_
0_04_
1_05_
0count[0]
0count[1]
0count[2]
1count[3]
#7448
0clk
0rst
1_02_
0_10_
0_03_
1_11_
0_04_
1_05_
1count[0]
0count[1]
0count[2]
1count[3]
#7449
0clk
0rst
0_02_
0_10_
1_03_
1_11_
0_04_
1_05_
0count[0]
1count[1]
0count[2]
1count[3]
#7450
0clk
0rst
1_02_
0_10_
1_03_
1_11_
0_04_
1_05_
1count[0]
1count[1]
0count[2]
1count[3]
#7451
0clk
0rst
0_02_
1_10_
0_03_
1_11_
1_04_
1_05_
0count[0]
0count[1]
1count[2]
1count[3]
#7452
0clk
0rst
1_02_
0_10_
0_03_
1_11_
1_04_
1_05_
1count[0]
0count[1]
1count[2]
1count[3]
#7453
0clk
0rst
0_02_
0_10_
1_03_
1_11_
1_04_
1_05_
0count[0]
1count[1]
1count[2]
1count[3]
#7454
0clk
0rst
1_02_
0_10_
1_03_
1_11_
1_04_
1_05_
1count[0]
1count[1]
1count[2]
1count[3]
#7455
0clk
0rst
0_02_
1_10_
0_03_
0_11_
0_04_
0_05_
0count[0]
0count[1]
0count[2]
0count[3]
#7456
0clk
0rst
1_02_
0_10_
0_03_
1_11_
0_04_
0_05_
1count[0]
0count[1]
0count[2]
0count[3]
#7457
0clk
0rst
0_02_
0_10_
1_03_
1_11_
0_04_
0_05_
0count[0]
1count[1]
0count[2]
0count[3]
#7458
0clk
0rst
1_02_
0_10_
1_03_
1_11_
0_04_
0_05_
1count[0]
1count[1]
0count[2]
0count[3]
#7459
0clk
0rst
0_02_
1_10_
0_03_
1_11_
1_04_
0_05_
0count[0]
0count[1]
1count[2]
0count[3]
#7460
0clk
0rst
1_02_
0_10_
0_03_
1_11_
1_04_
0_05_
1count[0]
0count[1]
1count[2]
0count[3]
#7461
0clk
0rst
0_02_
0_10_
1_03_
1_11_
1_04_
0_05_
0count[0]
1count[1]
1count[2]
0count[3]
#7462
0clk
0rst
1_02_
0_10_
1_03_
1_11_
1_04_
0_05_
1count[0]
1count[1]
1count[2]
0count[3]
#7463
0clk
0rst
0_02_
1_10_
0_03_
0_11_
0_04_
1_05_
0count[0]
0count[1]
0count[2]
1count[3]
#7464
0clk
0rst
1_02_
0_10_
0_03_
1_11_
0_04_
1_05_
1count[0]
0count[1]
0count[2]
1count[3]
#7465
0clk
0rst
0_02_
0_10_
1_03_
1_11_
0_04_
1_05_
0count[0]
1count[1]
0count[2]
1count[3]
#7466
0clk
0rst
1_02_
0_10_
1_03_
1_11_
0_04_
1_05_
1count[0]
1count[1]
0count[2]
1count[3]
#7467
0clk
0rst
0_02_
1_10_
0_03_
1_11_
1_04_
1_05_
0count[0]
0count[1]
1count[2]
1count[3]
#7468
0clk
0rst
1_02_
0_10_
0_03_
1_11_
1_04_
1_05_
1count[0]
0count[1]
1count[2]
1count[3]
#7469
0clk
0rst
0_02_
0_10_
1_03_
1_11_
1_04_
1_05_
0count[0]
1count[1]
1count[2]
1count[3]
#7470
0clk
0rst
1_02_
0_10_
1_03_
1_11_
1_04_
1_05_
1count[0]
1count[1]
1count[2]
1count[3]
#7471
0clk
0rst
0_02_
1_10_
0_03_
0_11_
0_04_
0_05_
0count[0]
0count[1]
0count[2]
0count[3]
#7472
0clk
0rst
1_02_
0_10_
0_03_
1_11_
0_04_
0_05_
1count[0]
0count[1]
0count[2]
0count[3]
#7473
0clk
0rst
0_02_
0_10_
1_03_
1_11_
0_04_
0_05_
0count[0]
1count[1]
0count[2]
0count[3]
#7474
0clk
0rst
1_02_
0_10_
1_03_
1_11_
0_04_
0_05_
1count[0]
1count[1]
0count[2]
0count[3]
#7475
0clk
0rst
0_02_
1_10_
0_03_
1_11_
1_04_
0_05_
0count[0]
0count[1]
1count[2]
0count[3]
#7476
0clk
0rst
1_02_
0_10_
0_03_
1_11_
1_04_
0_05_
1count[0]
0count[1]
1count[2]
0count[3]
#7477
0clk
0rst
0_02_
0_10_
1_03_
1_11_
1_04_
0_05_
0count[0]
1count[1]
1count[2]
0count[3]
#7478
0clk
0rst
1_02_
0_10_
1_03_
1_11_
1_04_
0_05_
1count[0]
1count[1]
1count[2]
0count[3]
#7479
0clk
0rst
0_02_
1_10_
0_03_
0_11_
0_04_
1_05_
0count[0]
0count[1]
0count[2]
1count[3]
#7480
0clk
0rst
1_02_
0_10_
0_03_
1_11_
0_04_
1_05_
1count[0]
0count[1]
0count[2]
1count[3]
#7481
0clk
0rst
0_02_
0_10_
1_03_
1_11_
0_04_
1_05_
0count[0]
1count[1]
0count[2]
1count[3]
#7482
0clk
0rst
1_02_
0_10_
1_03_
1_11_
0_04_
1_05_
1count[0]
1count[1]
0count[2]
1count[3]
#7483
0clk
0rst
0_02_
1_10_
0_03_
1_11_
1_04_
1_05_
0count[0]
0count[1]
1count[2]
1count[3]
#7484
0clk
0rst
1_02_
0_10_
0_03_
1_11_
1_04_
1_05_
1count[0]
0count[1]
1count[2]
1count[3]
#7485
0clk
0rst
0_02_
0_10_
1_03_
1_11_
1_04_
1_05_
0count[0]
1count[1]
1count[2]
1count[3]
#7486
0clk
0rst
1_02_
0_10_
1_03_
1_11_
1_04_
1_05_
1count[0]
1count[1]
1count[2]
1count[3]
#7487
0clk
0rst
0_02_
1_10_
0_03_
0_11_
0_04_
0_05_
0count[0]
0count[1]
0count[2]
0count[3]
#7488
0clk
0rst
1_02_
0_10_
0_03_
1_11_
0_04_
0_05_
1count[0]
0count[1]
0count[2]
0count[3]
#7489
0clk
0rst
0_02_
0_10_
1_03_
1_11_
0_04_
0_05_
0count[0]
1count[1]
0count[2]
0count[3]
#7490
0clk
0rst
1_02_
0_10_
1_03_
1_11_
0_04_
0_05_
1count[0]
1count[1]
0count[2]
0count[3]
#7491
0clk
0rst
0_02_
1_10_
0_03_
1_11_
1_04_
0_05_
0count[0]
0count[1]
1count[2]
0count[3]
#7492
0clk
0rst
1_02_
0_10_
0_03_
1_11_
1_04_
0_05_
1count[0]
0count[1]
1count[2]
0count[3]
#7493
0clk
0rst
0_02_
0_10_
1_03_
1_11_
1_04_
0_05_
0count[0]
1count[1]
1count[2]
0count[3]
#7494
0clk
0rst
1_02_
0_10_
1_03_
1_11_
1_04_
0_05_
1count[0]
1count[1]
1count[2]
0count[3]
#7495
0clk
0rst
0_02_
1_10_
0_03_
0_11_
0_04_
1_05_
0count[0]
0count[1]
0count[2]
1count[3]
#7496
0clk
0rst
1_02_
0_10_
0_03_
1_11_
0_04_
1_05_
1count[0]
0count[1]
0count[2]
1count[3]
#7497
0clk
0rst
0_02_
0_10_
1_03_
1_11_
0_04_
1_05_
0count[0]
1count[1]
0count[2]
1count[3]
#7498
0clk
0rst
1_02_
0_10_
1_03_
1_11_
0_04_
1_05_
1count[0]
1count[1]
0count[2]
1count[3]
#7499
0clk
0rst
0_02_
1_10_
0_03_
1_11_
1_04_
1_05_
0count[0]
0count[1]
1count[2]
1count[3]
#7500
0clk
0rst
1_02_
0_10_
0_03_
1_11_
1_04_
1_05_
1count[0]
0count[1]
1count[2]
1count[3]
#7501
0clk
0rst
0_02_
0_10_
1_03_
1_11_
1_04_
1_05_
0count[0]
1count[1]
1count[2]
1count[3]
#7502
0clk
0rst
1_02_
0_10_
1_03_
1_11_
1_04_
1_05_
1count[0]
1count[1]
1count[2]
1count[3]
#7503
0clk
0rst
0_02_
1_10_
0_03_
0_11_
0_04_
0_05_
0count[0]
0count[1]
0count[2]
0count[3]
#7504
0clk
0rst
1_02_
0_10_
0_03_
1_11_
0_04_
0_05_
1count[0]
0count[1]
0count[2]
0count[3]
#7505
0clk
0rst
0_02_
0_10_
1_03_
1_11_
0_04_
0_05_
0count[0]
1count[1]
0count[2]
0count[3]
#7506
0clk
0rst
1_02_
0_10_
1_03_
1_11_
0_04_
0_05_
1count[0]
1count[1]
0count[2]
0count[3]
#7507
0clk
0rst
0_02_
1_10_
0_03_
1_11_
1_04_
0_05_
0count[0]
0count[1]
1count[2]
0count[3]
#7508
0clk
0rst
1_02_
0_10_
0_03_
1_11_
1_04_
0_05_
1count[0]
0count[1]
1count[2]
0count[3]
#7509
0clk
0rst
0_02_
0_10_
1_03_
1_11_
1_04_
0_05_
0count[0]
1count[1]
1count[2]
0count[3]
#7510
0clk
0rst
1_02_
0_10_
1_03_
1_11_
1_04_
0_05_
1count[0]
1count[1]
1count[2]
0count[3]
#7511
0clk
0rst
0_02_
1_10_
0_03_
0_11_
0_04_
1_05_
0count[0]
0count[1]
0count[2]
1count[3]
#7512
0clk
0rst
1_02_
0_10_
0_03_
1_11_
0_04_
1_05_
1count[0]
0count[1]
0count[2]
1count[3]
#7513
0clk
0rst
0_02_
0_10_
1_03_
1_11_
0_04_
1_05_
0count[0]
1count[1]
0count[2]
1count[3]
#7514
0clk
0rst
1_02_
0_10_
1_03_
1_11_
0_04_
1_05_
1count[0]
1count[1]
0count[2]
1count[3]
#7515
0clk
0rst
0_02_
1_10_
0_03_
1_11_
1_04_
1_05_
0count[0]
0count[1]
1count[2]
1count[3]
#7516
0clk
0rst
1_02_
0_10_
0_03_
1_11_
1_04_
1_05_
1count[0]
0count[1]
1count[2]
1count[3]
#7517
0clk
0rst
0_02_
0_10_
1_03_
1_11_
1_04_
1_05_
0count[0]
1count[1]
1count[2]
1count[3]
#7518
0clk
0rst
1_02_
0_10_
1_03_
1_11_
1_04_
1_05_
1count[0]
1count[1]
1count[2]
1count[3]
#7519
0clk
0rst
0_02_
1_10_
0_03_
0_11_
0_04_
0_05_
0count[0]
0count[1]
0count[2]
0count[3]
#7520
0clk
0rst
1_02_
0_10_
0_03_
1_11_
0_04_
0_05_
1count[0]
0count[1]
0count[2]
0count[3]
#7521
0clk
0rst
0_02_
0_10_
1_03_
1_11_
0_04_
0_05_
0count[0]
1count[1]
0count[2]
0count[3]
#7522
0clk
0rst
1_02_
0_10_
1_03_
1_11_
0_04_
0_05_
1count[0]
1count[1]
0count[2]
0count[3]
#7523
0clk
0rst
0_02_
1_10_
0_03_
1_11_
1_04_
0_05_
0count[0]
0count[1]
1count[2]
0count[3]
#7524
0clk
0rst
1_02_
0_10_
0_03_
1_11_
1_04_
0_05_
1count[0]
0count[1]
1count[2]
0count[3]
#7525
0clk
0rst
0_02_
0_10_
1_03_
1_11_
1_04_
0_05_
0count[0]
1count[1]
1count[2]
0count[3]
#7526
0clk
0rst
1_02_
0_10_
1_03_
1_11_
1_04_
0_05_
1count[0]
1count[1]
1count[2]
0count[3]
#7527
0clk
0rst
0_02_
1_10_
0_03_
0_11_
0_04_
1_05_
0count[0]
0count[1]
0count[2]
1count[3]
#7528
0clk
0rst
1_02_
0_10_
0_03_
1_11_
0_04_
1_05_
1count[0]
0count[1]
0count[2]
1count[3]
#7529
0clk
0rst
0_02_
0_10_
1_03_
1_11_
0_04_
1_05_
0count[0]
1count[1]
0count[2]
1count[3]
#7530
0clk
0rst
1_02_
0_10_
1_03_
1_11_
0_04_
1_05_
1count[0]
1count[1]
0count[2]
1count[3]
#7531
0clk
0rst
0_02_
1_10_
0_03_
1_11_
1_04_
1_05_
0count[0]
0count[1]
1count[2]
1count[3]
#7532
0clk
0rst
1_02_
0_10_
0_03_
1_11_
1_04_
1_05_
1count[0]
0count[1]
1count[2]
1count[3]
#7533
0clk
0rst
0_02_
0_10_
1_03_
1_11_
1_04_
1_05_
0count[0]
1count[1]
1count[2]
1count[3]
#7534
0clk
0rst
1_02_
0_10_
1_03_
1_11_
1_04_
1_05_
1count[0]
1count[1]
1count[2]
1count[3]
#7535
0clk
0rst
0_02_
1_10_
0_03_
0_11_
0_04_
0_05_
0count[0]
0count[1]
0count[2]
0count[3]
#7536
0clk
0rst
1_02_
0_10_
0_03_
1_11_
0_04_
0_05_
1count[0]
0count[1]
0count[2]
0count[3]
#7537
0clk
0rst
0_02_
0_10_
1_03_
1_11_
0_04_
0_05_
0count[0]
1count[1]
0count[2]
0count[3]
#7538
0clk
0rst
1_02_
0_10_
1_03_
1_11_
0_04_
0_05_
1count[0]
1count[1]
0count[2]
0count[3]
#7539
0clk
0rst
0_02_
1_10_
0_03_
1_11_
1_04_
0_05_
0count[0]
0count[1]
1count[2]
0count[3]
#7540
0clk
0rst
1_02_
0_10_
0_03_
1_11_
1_04_
0_05_
1count[0]
0count[1]
1count[2]
0count[3]
#7541
0clk
0rst
0_02_
0_10_
1_03_
1_11_
1_04_
0_05_
0count[0]
1count[1]
1count[2]
0count[3]
#7542
0clk
0rst
1_02_
0_10_
1_03_
1_11_
1_04_
0_05_
1count[0]
1count[1]
1count[2]
0count[3]
#7543
0clk
0rst
0_02_
1_10_
0_03_
0_11_
0_04_
1_05_
0count[0]
0count[1]
0count[2]
1count[3]
#7544
0clk
0rst
1_02_
0_10_
0_03_
1_11_
0_04_
1_05_
1count[0]
0count[1]
0count[2]
1count[3]
#7545
0clk
0rst
0_02_
0_10_
1_03_
1_11_
0_04_
1_05_
0count[0]
1count[1]
0count[2]
1count[3]
#7546
0clk
0rst
1_02_
0_10_
1_03_
1_11_
0_04_
1_05_
1count[0]
1count[1]
0count[2]
1count[3]
#7547
0clk
0rst
0_02_
1_10_
0_03_
1_11_
1_04_
1_05_
0count[0]
0count[1]
1count[2]
1count[3]
#7548
0clk
0rst
1_02_
0_10_
0_03_
1_11_
1_04_
1_05_
1count[0]
0count[1]
1count[2]
1count[3]
#7549
0clk
0rst
0_02_
0_10_
1_03_
1_11_
1_04_
1_05_
0count[0]
1count[1]
1count[2]
1count[3]
#7550
0clk
0rst
1_02_
0_10_
1_03_
1_11_
1_04_
1_05_
1count[0]
1count[1]
1count[2]
1count[3]
#7551
0clk
0rst
0_02_
1_10_
0_03_
0_11_
0_04_
0_05_
0count[0]
0count[1]
0count[2]
0count[3]
#7552
0clk
0rst
1_02_
0_10_
0_03_
1_11_
0_04_
0_05_
1count[0]
0count[1]
0count[2]
0count[3]
#7553
0clk
0rst
0_02_
0_10_
1_03_
1_11_
0_04_
0_05_
0count[0]
1count[1]
0count[2]
0count[3]
#7554
0clk
0rst
1_02_
0_10_
1_03_
1_11_
0_04_
0_05_
1count[0]
1count[1]
0count[2]
0count[3]
#7555
0clk
0rst
0_02_
1_10_
0_03_
1_11_
1_04_
0_05_
0count[0]
0count[1]
1count[2]
0count[3]
#7556
0clk
0rst
1_02_
0_10_
0_03_
1_11_
1_04_
0_05_
1count[0]
0count[1]
1count[2]
0count[3]
#7557
0clk
0rst
0_02_
0_10_
1_03_
1_11_
1_04_
0_05_
0count[0]
1count[1]
1count[2]
0count[3]
#7558
0clk
0rst
1_02_
0_10_
1_03_
1_11_
1_04_
0_05_
1count[0]
1count[1]
1count[2]
0count[3]
#7559
0clk
0rst
0_02_
1_10_
0_03_
0_11_
0_04_
1_05_
0count[0]
0count[1]
0count[2]
1count[3]
#7560
0clk
0rst
1_02_
0_10_
0_03_
1_11_
0_04_
1_05_
1count[0]
0count[1]
0count[2]
1count[3]
#7561
0clk
0rst
0_02_
0_10_
1_03_
1_11_
0_04_
1_05_
0count[0]
1count[1]
0count[2]
1count[3]
#7562
0clk
0rst
1_02_
0_10_
1_03_
1_11_
0_04_
1_05_
1count[0]
1count[1]
0count[2]
1count[3]
#7563
0clk
0rst
0_02_
1_10_
0_03_
1_11_
1_04_
1_05_
0count[0]
0count[1]
1count[2]
1count[3]
#7564
0clk
0rst
1_02_
0_10_
0_03_
1_11_
1_04_
1_05_
1count[0]
0count[1]
1count[2]
1count[3]
#7565
0clk
0rst
0_02_
0_10_
1_03_
1_11_
1_04_
1_05_
0count[0]
1count[1]
1count[2]
1count[3]
#7566
0clk
0rst
1_02_
0_10_
1_03_
1_11_
1_04_
1_05_
1count[0]
1count[1]
1count[2]
1count[3]
#7567
0clk
0rst
0_02_
1_10_
0_03_
0_11_
0_04_
0_05_
0count[0]
0count[1]
0count[2]
0count[3]
#7568
0clk
0rst
1_02_
0_10_
0_03_
1_11_
0_04_
0_05_
1count[0]
0count[1]
0count[2]
0count[3]
#7569
0clk
0rst
0_02_
0_10_
1_03_
1_11_
0_04_
0_05_
0count[0]
1count[1]
0count[2]
0count[3]
#7570
0clk
0rst
1_02_
0_10_
1_03_
1_11_
0_04_
0_05_
1count[0]
1count[1]
0count[2]
0count[3]
#7571
0clk
0rst
0_02_
1_10_
0_03_
1_11_
1_04_
0_05_
0count[0]
0count[1]
1count[2]
0count[3]
#7572
0clk
0rst
1_02_
0_10_
0_03_
1_11_
1_04_
0_05_
1count[0]
0count[1]
1count[2]
0count[3]
#7573
0clk
0rst
0_02_
0_10_
1_03_
1_11_
1_04_
0_05_
0count[0]
1count[1]
1count[2]
0count[3]
#7574
0clk
0rst
1_02_
0_10_
1_03_
1_11_
1_04_
0_05_
1count[0]
1count[1]
1count[2]
0count[3]
#7575
0clk
0rst
0_02_
1_10_
0_03_
0_11_
0_04_
1_05_
0count[0]
0count[1]
0count[2]
1count[3]
#7576
0clk
0rst
1_02_
0_10_
0_03_
1_11_
0_04_
1_05_
1count[0]
0count[1]
0count[2]
1count[3]
#7577
0clk
0rst
0_02_
0_10_
1_03_
1_11_
0_04_
1_05_
0count[0]
1count[1]
0count[2]
1count[3]
#7578
0clk
0rst
1_02_
0_10_
1_03_
1_11_
0_04_
1_05_
1count[0]
1count[1]
0count[2]
1count[3]
#7579
0clk
0rst
0_02_
1_10_
0_03_
1_11_
1_04_
1_05_
0count[0]
0count[1]
1count[2]
1count[3]
#7580
0clk
0rst
1_02_
0_10_
0_03_
1_11_
1_04_
1_05_
1count[0]
0count[1]
1count[2]
1count[3]
#7581
0clk
0rst
0_02_
0_10_
1_03_
1_11_
1_04_
1_05_
0count[0]
1count[1]
1count[2]
1count[3]
#7582
0clk
0rst
1_02_
0_10_
1_03_
1_11_
1_04_
1_05_
1count[0]
1count[1]
1count[2]
1count[3]
#7583
0clk
0rst
0_02_
1_10_
0_03_
0_11_
0_04_
0_05_
0count[0]
0count[1]
0count[2]
0count[3]
#7584
0clk
0rst
1_02_
0_10_
0_03_
1_11_
0_04_
0_05_
1count[0]
0count[1]
0count[2]
0count[3]
#7585
0clk
0rst
0_02_
0_10_
1_03_
1_11_
0_04_
0_05_
0count[0]
1count[1]
0count[2]
0count[3]
#7586
0clk
0rst
1_02_
0_10_
1_03_
1_11_
0_04_
0_05_
1count[0]
1count[1]
0count[2]
0count[3]
#7587
0clk
0rst
0_02_
1_10_
0_03_
1_11_
1_04_
0_05_
0count[0]
0count[1]
1count[2]
0count[3]
#7588
0clk
0rst
1_02_
0_10_
0_03_
1_11_
1_04_
0_05_
1count[0]
0count[1]
1count[2]
0count[3]
#7589
0clk
0rst
0_02_
0_10_
1_03_
1_11_
1_04_
0_05_
0count[0]
1count[1]
1count[2]
0count[3]
#7590
0clk
0rst
1_02_
0_10_
1_03_
1_11_
1_04_
0_05_
1count[0]
1count[1]
1count[2]
0count[3]
#7591
0clk
0rst
0_02_
1_10_
0_03_
0_11_
0_04_
1_05_
0count[0]
0count[1]
0count[2]
1count[3]
#7592
0clk
0rst
1_02_
0_10_
0_03_
1_11_
0_04_
1_05_
1count[0]
0count[1]
0count[2]
1count[3]
#7593
0clk
0rst
0_02_
0_10_
1_03_
1_11_
0_04_
1_05_
0count[0]
1count[1]
0count[2]
1count[3]
#7594
0clk
0rst
1_02_
0_10_
1_03_
1_11_
0_04_
1_05_
1count[0]
1count[1]
0count[2]
1count[3]
#7595
0clk
0rst
0_02_
1_10_
0_03_
1_11_
1_04_
1_05_
0count[0]
0count[1]
1count[2]
1count[3]
#7596
0clk
0rst
1_02_
0_10_
0_03_
1_11_
1_04_
1_05_
1count[0]
0count[1]
1count[2]
1count[3]
#7597
0clk
0rst
0_02_
0_10_
1_03_
1_11_
1_04_
1_05_
0count[0]
1count[1]
1count[2]
1count[3]
#7598
0clk
0rst
1_02_
0_10_
1_03_
1_11_
1_04_
1_05_
1count[0]
1count[1]
1count[2]
1count[3]
#7599
0clk
0rst
0_02_
1_10_
0_03_
0_11_
0_04_
0_05_
0count[0]
0count[1]
0count[2]
0count[3]
#7600
0clk
0rst
1_02_
0_10_
0_03_
1_11_
0_04_
0_05_
1count[0]
0count[1]
0count[2]
0count[3]
#7601
0clk
0rst
0_02_
0_10_
1_03_
1_11_
0_04_
0_05_
0count[0]
1count[1]
0count[2]
0count[3]
#7602
0clk
0rst
1_02_
0_10_
1_03_
1_11_
0_04_
0_05_
1count[0]
1count[1]
0count[2]
0count[3]
#7603
0clk
0rst
0_02_
1_10_
0_03_
1_11_
1_04_
0_05_
0count[0]
0count[1]
1count[2]
0count[3]
#7604
0clk
0rst
1_02_
0_10_
0_03_
1_11_
1_04_
0_05_
1count[0]
0count[1]
1count[2]
0count[3]
#7605
0clk
0rst
0_02_
0_10_
1_03_
1_11_
1_04_
0_05_
0count[0]
1count[1]
1count[2]
0count[3]
#7606
0clk
0rst
1_02_
0_10_
1_03_
1_11_
1_04_
0_05_
1count[0]
1count[1]
1count[2]
0count[3]
#7607
0clk
0rst
0_02_
1_10_
0_03_
0_11_
0_04_
1_05_
0count[0]
0count[1]
0count[2]
1count[3]
#7608
0clk
0rst
1_02_
0_10_
0_03_
1_11_
0_04_
1_05_
1count[0]
0count[1]
0count[2]
1count[3]
#7609
0clk
0rst
0_02_
0_10_
1_03_
1_11_
0_04_
1_05_
0count[0]
1count[1]
0count[2]
1count[3]
#7610
0clk
0rst
1_02_
0_10_
1_03_
1_11_
0_04_
1_05_
1count[0]
1count[1]
0count[2]
1count[3]
#7611
0clk
0rst
0_02_
1_10_
0_03_
1_11_
1_04_
1_05_
0count[0]
0count[1]
1count[2]
1count[3]
#7612
0clk
0rst
1_02_
0_10_
0_03_
1_11_
1_04_
1_05_
1count[0]
0count[1]
1count[2]
1count[3]
#7613
0clk
0rst
0_02_
0_10_
1_03_
1_11_
1_04_
1_05_
0count[0]
1count[1]
1count[2]
1count[3]
#7614
0clk
0rst
1_02_
0_10_
1_03_
1_11_
1_04_
1_05_
1count[0]
1count[1]
1count[2]
1count[3]
#7615
0clk
0rst
0_02_
1_10_
0_03_
0_11_
0_04_
0_05_
0count[0]
0count[1]
0count[2]
0count[3]
#7616
0clk
0rst
1_02_
0_10_
0_03_
1_11_
0_04_
0_05_
1count[0]
0count[1]
0count[2]
0count[3]
#7617
0clk
0rst
0_02_
0_10_
1_03_
1_11_
0_04_
0_05_
0count[0]
1count[1]
0count[2]
0count[3]
#7618
0clk
0rst
1_02_
0_10_
1_03_
1_11_
0_04_
0_05_
1count[0]
1count[1]
0count[2]
0count[3]
#7619
0clk
0rst
0_02_
1_10_
0_03_
1_11_
1_04_
0_05_
0count[0]
0count[1]
1count[2]
0count[3]
#7620
0clk
0rst
1_02_
0_10_
0_03_
1_11_
1_04_
0_05_
1count[0]
0count[1]
1count[2]
0count[3]
#7621
0clk
0rst
0_02_
0_10_
1_03_
1_11_
1_04_
0_05_
0count[0]
1count[1]
1count[2]
0count[3]
#7622
0clk
0rst
1_02_
0_10_
1_03_
1_11_
1_04_
0_05_
1count[0]
1count[1]
1count[2]
0count[3]
#7623
0clk
0rst
0_02_
1_10_
0_03_
0_11_
0_04_
1_05_
0count[0]
0count[1]
0count[2]
1count[3]
#7624
0clk
0rst
1_02_
0_10_
0_03_
1_11_
0_04_
1_05_
1count[0]
0count[1]
0count[2]
1count[3]
#7625
0clk
0rst
0_02_
0_10_
1_03_
1_11_
0_04_
1_05_
0count[0]
1count[1]
0count[2]
1count[3]
#7626
0clk
0rst
1_02_
0_10_
1_03_
1_11_
0_04_
1_05_
1count[0]
1count[1]
0count[2]
1count[3]
#7627
0clk
0rst
0_02_
1_10_
0_03_
1_11_
1_04_
1_05_
0count[0]
0count[1]
1count[2]
1count[3]
#7628
0clk
0rst
1_02_
0_10_
0_03_
1_11_
1_04_
1_05_
1count[0]
0count[1]
1count[2]
1count[3]
#7629
0clk
0rst
0_02_
0_10_
1_03_
1_11_
1_04_
1_05_
0count[0]
1count[1]
1count[2]
1count[3]
#7630
0clk
0rst
1_02_
0_10_
1_03_
1_11_
1_04_
1_05_
1count[0]
1count[1]
1count[2]
1count[3]
#7631
0clk
0rst
0_02_
1_10_
0_03_
0_11_
0_04_
0_05_
0count[0]
0count[1]
0count[2]
0count[3]
#7632
0clk
0rst
1_02_
0_10_
0_03_
1_11_
0_04_
0_05_
1count[0]
0count[1]
0count[2]
0count[3]
#7633
0clk
0rst
0_02_
0_10_
1_03_
1_11_
0_04_
0_05_
0count[0]
1count[1]
0count[2]
0count[3]
#7634
0clk
0rst
1_02_
0_10_
1_03_
1_11_
0_04_
0_05_
1count[0]
1count[1]
0count[2]
0count[3]
#7635
0clk
0rst
0_02_
1_10_
0_03_
1_11_
1_04_
0_05_
0count[0]
0count[1]
1count[2]
0count[3]
#7636
0clk
0rst
1_02_
0_10_
0_03_
1_11_
1_04_
0_05_
1count[0]
0count[1]
1count[2]
0count[3]
#7637
0clk
0rst
0_02_
0_10_
1_03_
1_11_
1_04_
0_05_
0count[0]
1count[1]
1count[2]
0count[3]
#7638
0clk
0rst
1_02_
0_10_
1_03_
1_11_
1_04_
0_05_
1count[0]
1count[1]
1count[2]
0count[3]
#7639
0clk
0rst
0_02_
1_10_
0_03_
0_11_
0_04_
1_05_
0count[0]
0count[1]
0count[2]
1count[3]
#7640
0clk
0rst
1_02_
0_10_
0_03_
1_11_
0_04_
1_05_
1count[0]
0count[1]
0count[2]
1count[3]
#7641
0clk
0rst
0_02_
0_10_
1_03_
1_11_
0_04_
1_05_
0count[0]
1count[1]
0count[2]
1count[3]
#7642
0clk
0rst
1_02_
0_10_
1_03_
1_11_
0_04_
1_05_
1count[0]
1count[1]
0count[2]
1count[3]
#7643
0clk
0rst
0_02_
1_10_
0_03_
1_11_
1_04_
1_05_
0count[0]
0count[1]
1count[2]
1count[3]
#7644
0clk
0rst
1_02_
0_10_
0_03_
1_11_
1_04_
1_05_
1count[0]
0count[1]
1count[2]
1count[3]
#7645
0clk
0rst
0_02_
0_10_
1_03_
1_11_
1_04_
1_05_
0count[0]
1count[1]
1count[2]
1count[3]
#7646
0clk
0rst
1_02_
0_10_
1_03_
1_11_
1_04_
1_05_
1count[0]
1count[1]
1count[2]
1count[3]
#7647
0clk
0rst
0_02_
1_10_
0_03_
0_11_
0_04_
0_05_
0count[0]
0count[1]
0count[2]
0count[3]
#7648
0clk
0rst
1_02_
0_10_
0_03_
1_11_
0_04_
0_05_
1count[0]
0count[1]
0count[2]
0count[3]
#7649
0clk
0rst
0_02_
0_10_
1_03_
1_11_
0_04_
0_05_
0count[0]
1count[1]
0count[2]
0count[3]
#7650
0clk
0rst
1_02_
0_10_
1_03_
1_11_
0_04_
0_05_
1count[0]
1count[1]
0count[2]
0count[3]
#7651
0clk
0rst
0_02_
1_10_
0_03_
1_11_
1_04_
0_05_
0count[0]
0count[1]
1count[2]
0count[3]
#7652
0clk
0rst
1_02_
0_10_
0_03_
1_11_
1_04_
0_05_
1count[0]
0count[1]
1count[2]
0count[3]
#7653
0clk
0rst
0_02_
0_10_
1_03_
1_11_
1_04_
0_05_
0count[0]
1count[1]
1count[2]
0count[3]
#7654
0clk
0rst
1_02_
0_10_
1_03_
1_11_
1_04_
0_05_
1count[0]
1count[1]
1count[2]
0count[3]
#7655
0clk
0rst
0_02_
1_10_
0_03_
0_11_
0_04_
1_05_
0count[0]
0count[1]
0count[2]
1count[3]
#7656
0clk
0rst
1_02_
0_10_
0_03_
1_11_
0_04_
1_05_
1count[0]
0count[1]
0count[2]
1count[3]
#7657
0clk
0rst
0_02_
0_10_
1_03_
1_11_
0_04_
1_05_
0count[0]
1count[1]
0count[2]
1count[3]
#7658
0clk
0rst
1_02_
0_10_
1_03_
1_11_
0_04_
1_05_
1count[0]
1count[1]
0count[2]
1count[3]
#7659
0clk
0rst
0_02_
1_10_
0_03_
1_11_
1_04_
1_05_
0count[0]
0count[1]
1count[2]
1count[3]
#7660
0clk
0rst
1_02_
0_10_
0_03_
1_11_
1_04_
1_05_
1count[0]
0count[1]
1count[2]
1count[3]
#7661
0clk
0rst
0_02_
0_10_
1_03_
1_11_
1_04_
1_05_
0count[0]
1count[1]
1count[2]
1count[3]
#7662
0clk
0rst
1_02_
0_10_
1_03_
1_11_
1_04_
1_05_
1count[0]
1count[1]
1count[2]
1count[3]
#7663
0clk
0rst
0_02_
1_10_
0_03_
0_11_
0_04_
0_05_
0count[0]
0count[1]
0count[2]
0count[3]
#7664
0clk
0rst
1_02_
0_10_
0_03_
1_11_
0_04_
0_05_
1count[0]
0count[1]
0count[2]
0count[3]
#7665
0clk
0rst
0_02_
0_10_
1_03_
1_11_
0_04_
0_05_
0count[0]
1count[1]
0count[2]
0count[3]
#7666
0clk
0rst
1_02_
0_10_
1_03_
1_11_
0_04_
0_05_
1count[0]
1count[1]
0count[2]
0count[3]
#7667
0clk
0rst
0_02_
1_10_
0_03_
1_11_
1_04_
0_05_
0count[0]
0count[1]
1count[2]
0count[3]
#7668
0clk
0rst
1_02_
0_10_
0_03_
1_11_
1_04_
0_05_
1count[0]
0count[1]
1count[2]
0count[3]
#7669
0clk
0rst
0_02_
0_10_
1_03_
1_11_
1_04_
0_05_
0count[0]
1count[1]
1count[2]
0count[3]
#7670
0clk
0rst
1_02_
0_10_
1_03_
1_11_
1_04_
0_05_
1count[0]
1count[1]
1count[2]
0count[3]
#7671
0clk
0rst
0_02_
1_10_
0_03_
0_11_
0_04_
1_05_
0count[0]
0count[1]
0count[2]
1count[3]
#7672
0clk
0rst
1_02_
0_10_
0_03_
1_11_
0_04_
1_05_
1count[0]
0count[1]
0count[2]
1count[3]
#7673
0clk
0rst
0_02_
0_10_
1_03_
1_11_
0_04_
1_05_
0count[0]
1count[1]
0count[2]
1count[3]
#7674
0clk
0rst
1_02_
0_10_
1_03_
1_11_
0_04_
1_05_
1count[0]
1count[1]
0count[2]
1count[3]
#7675
0clk
0rst
0_02_
1_10_
0_03_
1_11_
1_04_
1_05_
0count[0]
0count[1]
1count[2]
1count[3]
#7676
0clk
0rst
1_02_
0_10_
0_03_
1_11_
1_04_
1_05_
1count[0]
0count[1]
1count[2]
1count[3]
#7677
0clk
0rst
0_02_
0_10_
1_03_
1_11_
1_04_
1_05_
0count[0]
1count[1]
1count[2]
1count[3]
#7678
0clk
0rst
1_02_
0_10_
1_03_
1_11_
1_04_
1_05_
1count[0]
1count[1]
1count[2]
1count[3]
#7679
0clk
0rst
0_02_
1_10_
0_03_
0_11_
0_04_
0_05_
0count[0]
0count[1]
0count[2]
0count[3]
#7680
0clk
0rst
1_02_
0_10_
0_03_
1_11_
0_04_
0_05_
1count[0]
0count[1]
0count[2]
0count[3]
#7681
0clk
0rst
0_02_
0_10_
1_03_
1_11_
0_04_
0_05_
0count[0]
1count[1]
0count[2]
0count[3]
#7682
0clk
0rst
1_02_
0_10_
1_03_
1_11_
0_04_
0_05_
1count[0]
1count[1]
0count[2]
0count[3]
#7683
0clk
0rst
0_02_
1_10_
0_03_
1_11_
1_04_
0_05_
0count[0]
0count[1]
1count[2]
0count[3]
#7684
0clk
0rst
1_02_
0_10_
0_03_
1_11_
1_04_
0_05_
1count[0]
0count[1]
1count[2]
0count[3]
#7685
0clk
0rst
0_02_
0_10_
1_03_
1_11_
1_04_
0_05_
0count[0]
1count[1]
1count[2]
0count[3]
#7686
0clk
0rst
1_02_
0_10_
1_03_
1_11_
1_04_
0_05_
1count[0]
1count[1]
1count[2]
0count[3]
#7687
0clk
0rst
0_02_
1_10_
0_03_
0_11_
0_04_
1_05_
0count[0]
0count[1]
0count[2]
1count[3]
#7688
0clk
0rst
1_02_
0_10_
0_03_
1_11_
0_04_
1_05_
1count[0]
0count[1]
0count[2]
1count[3]
#7689
0clk
0rst
0_02_
0_10_
1_03_
1_11_
0_04_
1_05_
0count[0]
1count[1]
0count[2]
1count[3]
#7690
0clk
0rst
1_02_
0_10_
1_03_
1_11_
0_04_
1_05_
1count[0]
1count[1]
0count[2]
1count[3]
#7691
0clk
0rst
0_02_
1_10_
0_03_
1_11_
1_04_
1_05_
0count[0]
0count[1]
1count[2]
1count[3]
#7692
0clk
0rst
1_02_
0_10_
0_03_
1_11_
1_04_
1_05_
1count[0]
0count[1]
1count[2]
1count[3]
#7693
0clk
0rst
0_02_
0_10_
1_03_
1_11_
1_04_
1_05_
0count[0]
1count[1]
1count[2]
1count[3]
#7694
0clk
0rst
1_02_
0_10_
1_03_
1_11_
1_04_
1_05_
1count[0]
1count[1]
1count[2]
1count[3]
#7695
0clk
0rst
0_02_
1_10_
0_03_
0_11_
0_04_
0_05_
0count[0]
0count[1]
0count[2]
0count[3]
#7696
0clk
0rst
1_02_
0_10_
0_03_
1_11_
0_04_
0_05_
1count[0]
0count[1]
0count[2]
0count[3]
#7697
0clk
0rst
0_02_
0_10_
1_03_
1_11_
0_04_
0_05_
0count[0]
1count[1]
0count[2]
0count[3]
#7698
0clk
0rst
1_02_
0_10_
1_03_
1_11_
0_04_
0_05_
1count[0]
1count[1]
0count[2]
0count[3]
#7699
0clk
0rst
0_02_
1_10_
0_03_
1_11_
1_04_
0_05_
0count[0]
0count[1]
1count[2]
0count[3]
#7700
0clk
0rst
1_02_
0_10_
0_03_
1_11_
1_04_
0_05_
1count[0]
0count[1]
1count[2]
0count[3]
#7701
0clk
0rst
0_02_
0_10_
1_03_
1_11_
1_04_
0_05_
0count[0]
1count[1]
1count[2]
0count[3]
#7702
0clk
0rst
1_02_
0_10_
1_03_
1_11_
1_04_
0_05_
1count[0]
1count[1]
1count[2]
0count[3]
#7703
0clk
0rst
0_02_
1_10_
0_03_
0_11_
0_04_
1_05_
0count[0]
0count[1]
0count[2]
1count[3]
#7704
0clk
0rst
1_02_
0_10_
0_03_
1_11_
0_04_
1_05_
1count[0]
0count[1]
0count[2]
1count[3]
#7705
0clk
0rst
0_02_
0_10_
1_03_
1_11_
0_04_
1_05_
0count[0]
1count[1]
0count[2]
1count[3]
#7706
0clk
0rst
1_02_
0_10_
1_03_
1_11_
0_04_
1_05_
1count[0]
1count[1]
0count[2]
1count[3]
#7707
0clk
0rst
0_02_
1_10_
0_03_
1_11_
1_04_
1_05_
0count[0]
0count[1]
1count[2]
1count[3]
#7708
0clk
0rst
1_02_
0_10_
0_03_
1_11_
1_04_
1_05_
1count[0]
0count[1]
1count[2]
1count[3]
#7709
0clk
0rst
0_02_
0_10_
1_03_
1_11_
1_04_
1_05_
0count[0]
1count[1]
1count[2]
1count[3]
#7710
0clk
0rst
1_02_
0_10_
1_03_
1_11_
1_04_
1_05_
1count[0]
1count[1]
1count[2]
1count[3]
#7711
0clk
0rst
0_02_
1_10_
0_03_
0_11_
0_04_
0_05_
0count[0]
0count[1]
0count[2]
0count[3]
#7712
0clk
0rst
1_02_
0_10_
0_03_
1_11_
0_04_
0_05_
1count[0]
0count[1]
0count[2]
0count[3]
#7713
0clk
0rst
0_02_
0_10_
1_03_
1_11_
0_04_
0_05_
0count[0]
1count[1]
0count[2]
0count[3]
#7714
0clk
0rst
1_02_
0_10_
1_03_
1_11_
0_04_
0_05_
1count[0]
1count[1]
0count[2]
0count[3]
#7715
0clk
0rst
0_02_
1_10_
0_03_
1_11_
1_04_
0_05_
0count[0]
0count[1]
1count[2]
0count[3]
#7716
0clk
0rst
1_02_
0_10_
0_03_
1_11_
1_04_
0_05_
1count[0]
0count[1]
1count[2]
0count[3]
#7717
0clk
0rst
0_02_
0_10_
1_03_
1_11_
1_04_
0_05_
0count[0]
1count[1]
1count[2]
0count[3]
#7718
0clk
0rst
1_02_
0_10_
1_03_
1_11_
1_04_
0_05_
1count[0]
1count[1]
1count[2]
0count[3]
#7719
0clk
0rst
0_02_
1_10_
0_03_
0_11_
0_04_
1_05_
0count[0]
0count[1]
0count[2]
1count[3]
#7720
0clk
0rst
1_02_
0_10_
0_03_
1_11_
0_04_
1_05_
1count[0]
0count[1]
0count[2]
1count[3]
#7721
0clk
0rst
0_02_
0_10_
1_03_
1_11_
0_04_
1_05_
0count[0]
1count[1]
0count[2]
1count[3]
#7722
0clk
0rst
1_02_
0_10_
1_03_
1_11_
0_04_
1_05_
1count[0]
1count[1]
0count[2]
1count[3]
#7723
0clk
0rst
0_02_
1_10_
0_03_
1_11_
1_04_
1_05_
0count[0]
0count[1]
1count[2]
1count[3]
#7724
0clk
0rst
1_02_
0_10_
0_03_
1_11_
1_04_
1_05_
1count[0]
0count[1]
1count[2]
1count[3]
#7725
0clk
0rst
0_02_
0_10_
1_03_
1_11_
1_04_
1_05_
0count[0]
1count[1]
1count[2]
1count[3]
#7726
0clk
0rst
1_02_
0_10_
1_03_
1_11_
1_04_
1_05_
1count[0]
1count[1]
1count[2]
1count[3]
#7727
0clk
0rst
0_02_
1_10_
0_03_
0_11_
0_04_
0_05_
0count[0]
0count[1]
0count[2]
0count[3]
#7728
0clk
0rst
1_02_
0_10_
0_03_
1_11_
0_04_
0_05_
1count[0]
0count[1]
0count[2]
0count[3]
#7729
0clk
0rst
0_02_
0_10_
1_03_
1_11_
0_04_
0_05_
0count[0]
1count[1]
0count[2]
0count[3]
#7730
0clk
0rst
1_02_
0_10_
1_03_
1_11_
0_04_
0_05_
1count[0]
1count[1]
0count[2]
0count[3]
#7731
0clk
0rst
0_02_
1_10_
0_03_
1_11_
1_04_
0_05_
0count[0]
0count[1]
1count[2]
0count[3]
#7732
0clk
0rst
1_02_
0_10_
0_03_
1_11_
1_04_
0_05_
1count[0]
0count[1]
1count[2]
0count[3]
#7733
0clk
0rst
0_02_
0_10_
1_03_
1_11_
1_04_
0_05_
0count[0]
1count[1]
1count[2]
0count[3]
#7734
0clk
0rst
1_02_
0_10_
1_03_
1_11_
1_04_
0_05_
1count[0]
1count[1]
1count[2]
0count[3]
#7735
0clk
0rst
0_02_
1_10_
0_03_
0_11_
0_04_
1_05_
0count[0]
0count[1]
0count[2]
1count[3]
#7736
0clk
0rst
1_02_
0_10_
0_03_
1_11_
0_04_
1_05_
1count[0]
0count[1]
0count[2]
1count[3]
#7737
0clk
0rst
0_02_
0_10_
1_03_
1_11_
0_04_
1_05_
0count[0]
1count[1]
0count[2]
1count[3]
#7738
0clk
0rst
1_02_
0_10_
1_03_
1_11_
0_04_
1_05_
1count[0]
1count[1]
0count[2]
1count[3]
#7739
0clk
0rst
0_02_
1_10_
0_03_
1_11_
1_04_
1_05_
0count[0]
0count[1]
1count[2]
1count[3]
#7740
0clk
0rst
1_02_
0_10_
0_03_
1_11_
1_04_
1_05_
1count[0]
0count[1]
1count[2]
1count[3]
#7741
0clk
0rst
0_02_
0_10_
1_03_
1_11_
1_04_
1_05_
0count[0]
1count[1]
1count[2]
1count[3]
#7742
0clk
0rst
1_02_
0_10_
1_03_
1_11_
1_04_
1_05_
1count[0]
1count[1]
1count[2]
1count[3]
#7743
0clk
0rst
0_02_
1_10_
0_03_
0_11_
0_04_
0_05_
0count[0]
0count[1]
0count[2]
0count[3]
#7744
0clk
0rst
1_02_
0_10_
0_03_
1_11_
0_04_
0_05_
1count[0]
0count[1]
0count[2]
0count[3]
#7745
0clk
0rst
0_02_
0_10_
1_03_
1_11_
0_04_
0_05_
0count[0]
1count[1]
0count[2]
0count[3]
#7746
0clk
0rst
1_02_
0_10_
1_03_
1_11_
0_04_
0_05_
1count[0]
1count[1]
0count[2]
0count[3]
#7747
0clk
0rst
0_02_
1_10_
0_03_
1_11_
1_04_
0_05_
0count[0]
0count[1]
1count[2]
0count[3]
#7748
0clk
0rst
1_02_
0_10_
0_03_
1_11_
1_04_
0_05_
1count[0]
0count[1]
1count[2]
0count[3]
#7749
0clk
0rst
0_02_
0_10_
1_03_
1_11_
1_04_
0_05_
0count[0]
1count[1]
1count[2]
0count[3]
#7750
0clk
0rst
1_02_
0_10_
1_03_
1_11_
1_04_
0_05_
1count[0]
1count[1]
1count[2]
0count[3]
#7751
0clk
0rst
0_02_
1_10_
0_03_
0_11_
0_04_
1_05_
0count[0]
0count[1]
0count[2]
1count[3]
#7752
0clk
0rst
1_02_
0_10_
0_03_
1_11_
0_04_
1_05_
1count[0]
0count[1]
0count[2]
1count[3]
#7753
0clk
0rst
0_02_
0_10_
1_03_
1_11_
0_04_
1_05_
0count[0]
1count[1]
0count[2]
1count[3]
#7754
0clk
0rst
1_02_
0_10_
1_03_
1_11_
0_04_
1_05_
1count[0]
1count[1]
0count[2]
1count[3]
#7755
0clk
0rst
0_02_
1_10_
0_03_
1_11_
1_04_
1_05_
0count[0]
0count[1]
1count[2]
1count[3]
#7756
0clk
0rst
1_02_
0_10_
0_03_
1_11_
1_04_
1_05_
1count[0]
0count[1]
1count[2]
1count[3]
#7757
0clk
0rst
0_02_
0_10_
1_03_
1_11_
1_04_
1_05_
0count[0]
1count[1]
1count[2]
1count[3]
#7758
0clk
0rst
1_02_
0_10_
1_03_
1_11_
1_04_
1_05_
1count[0]
1count[1]
1count[2]
1count[3]
#7759
0clk
0rst
0_02_
1_10_
0_03_
0_11_
0_04_
0_05_
0count[0]
0count[1]
0count[2]
0count[3]
#7760
0clk
0rst
1_02_
0_10_
0_03_
1_11_
0_04_
0_05_
1count[0]
0count[1]
0count[2]
0count[3]
#7761
0clk
0rst
0_02_
0_10_
1_03_
1_11_
0_04_
0_05_
0count[0]
1count[1]
0count[2]
0count[3]
#7762
0clk
0rst
1_02_
0_10_
1_03_
1_11_
0_04_
0_05_
1count[0]
1count[1]
0count[2]
0count[3]
#7763
0clk
0rst
0_02_
1_10_
0_03_
1_11_
1_04_
0_05_
0count[0]
0count[1]
1count[2]
0count[3]
#7764
0clk
0rst
1_02_
0_10_
0_03_
1_11_
1_04_
0_05_
1count[0]
0count[1]
1count[2]
0count[3]
#7765
0clk
0rst
0_02_
0_10_
1_03_
1_11_
1_04_
0_05_
0count[0]
1count[1]
1count[2]
0count[3]
#7766
0clk
0rst
1_02_
0_10_
1_03_
1_11_
1_04_
0_05_
1count[0]
1count[1]
1count[2]
0count[3]
#7767
0clk
0rst
0_02_
1_10_
0_03_
0_11_
0_04_
1_05_
0count[0]
0count[1]
0count[2]
1count[3]
#7768
0clk
0rst
1_02_
0_10_
0_03_
1_11_
0_04_
1_05_
1count[0]
0count[1]
0count[2]
1count[3]
#7769
0clk
0rst
0_02_
0_10_
1_03_
1_11_
0_04_
1_05_
0count[0]
1count[1]
0count[2]
1count[3]
#7770
0clk
0rst
1_02_
0_10_
1_03_
1_11_
0_04_
1_05_
1count[0]
1count[1]
0count[2]
1count[3]
#7771
0clk
0rst
0_02_
1_10_
0_03_
1_11_
1_04_
1_05_
0count[0]
0count[1]
1count[2]
1count[3]
#7772
0clk
0rst
1_02_
0_10_
0_03_
1_11_
1_04_
1_05_
1count[0]
0count[1]
1count[2]
1count[3]
#7773
0clk
0rst
0_02_
0_10_
1_03_
1_11_
1_04_
1_05_
0count[0]
1count[1]
1count[2]
1count[3]
#7774
0clk
0rst
1_02_
0_10_
1_03_
1_11_
1_04_
1_05_
1count[0]
1count[1]
1count[2]
1count[3]
#7775
0clk
0rst
0_02_
1_10_
0_03_
0_11_
0_04_
0_05_
0count[0]
0count[1]
0count[2]
0count[3]
#7776
0clk
0rst
1_02_
0_10_
0_03_
1_11_
0_04_
0_05_
1count[0]
0count[1]
0count[2]
0count[3]
#7777
0clk
0rst
0_02_
0_10_
1_03_
1_11_
0_04_
0_05_
0count[0]
1count[1]
0count[2]
0count[3]
#7778
0clk
0rst
1_02_
0_10_
1_03_
1_11_
0_04_
0_05_
1count[0]
1count[1]
0count[2]
0count[3]
#7779
0clk
0rst
0_02_
1_10_
0_03_
1_11_
1_04_
0_05_
0count[0]
0count[1]
1count[2]
0count[3]
#7780
0clk
0rst
1_02_
0_10_
0_03_
1_11_
1_04_
0_05_
1count[0]
0count[1]
1count[2]
0count[3]
#7781
0clk
0rst
0_02_
0_10_
1_03_
1_11_
1_04_
0_05_
0count[0]
1count[1]
1count[2]
0count[3]
#7782
0clk
0rst
1_02_
0_10_
1_03_
1_11_
1_04_
0_05_
1count[0]
1count[1]
1count[2]
0count[3]
#7783
0clk
0rst
0_02_
1_10_
0_03_
0_11_
0_04_
1_05_
0count[0]
0count[1]
0count[2]
1count[3]
#7784
0clk
0rst
1_02_
0_10_
0_03_
1_11_
0_04_
1_05_
1count[0]
0count[1]
0count[2]
1count[3]
#7785
0clk
0rst
0_02_
0_10_
1_03_
1_11_
0_04_
1_05_
0count[0]
1count[1]
0count[2]
1count[3]
#7786
0clk
0rst
1_02_
0_10_
1_03_
1_11_
0_04_
1_05_
1count[0]
1count[1]
0count[2]
1count[3]
#7787
0clk
0rst
0_02_
1_10_
0_03_
1_11_
1_04_
1_05_
0count[0]
0count[1]
1count[2]
1count[3]
#7788
0clk
0rst
1_02_
0_10_
0_03_
1_11_
1_04_
1_05_
1count[0]
0count[1]
1count[2]
1count[3]
#7789
0clk
0rst
0_02_
0_10_
1_03_
1_11_
1_04_
1_05_
0count[0]
1count[1]
1count[2]
1count[3]
#7790
0clk
0rst
1_02_
0_10_
1_03_
1_11_
1_04_
1_05_
1count[0]
1count[1]
1count[2]
1count[3]
#7791
0clk
0rst
0_02_
1_10_
0_03_
0_11_
0_04_
0_05_
0count[0]
0count[1]
0count[2]
0count[3]
#7792
0clk
0rst
1_02_
0_10_
0_03_
1_11_
0_04_
0_05_
1count[0]
0count[1]
0count[2]
0count[3]
#7793
0clk
0rst
0_02_
0_10_
1_03_
1_11_
0_04_
0_05_
0count[0]
1count[1]
0count[2]
0count[3]
#7794
0clk
0rst
1_02_
0_10_
1_03_
1_11_
0_04_
0_05_
1count[0]
1count[1]
0count[2]
0count[3]
#7795
0clk
0rst
0_02_
1_10_
0_03_
1_11_
1_04_
0_05_
0count[0]
0count[1]
1count[2]
0count[3]
#7796
0clk
0rst
1_02_
0_10_
0_03_
1_11_
1_04_
0_05_
1count[0]
0count[1]
1count[2]
0count[3]
#7797
0clk
0rst
0_02_
0_10_
1_03_
1_11_
1_04_
0_05_
0count[0]
1count[1]
1count[2]
0count[3]
#7798
0clk
0rst
1_02_
0_10_
1_03_
1_11_
1_04_
0_05_
1count[0]
1count[1]
1count[2]
0count[3]
#7799
0clk
0rst
0_02_
1_10_
0_03_
0_11_
0_04_
1_05_
0count[0]
0count[1]
0count[2]
1count[3]
#7800
0clk
0rst
1_02_
0_10_
0_03_
1_11_
0_04_
1_05_
1count[0]
0count[1]
0count[2]
1count[3]
#7801
0clk
0rst
0_02_
0_10_
1_03_
1_11_
0_04_
1_05_
0count[0]
1count[1]
0count[2]
1count[3]
#7802
0clk
0rst
1_02_
0_10_
1_03_
1_11_
0_04_
1_05_
1count[0]
1count[1]
0count[2]
1count[3]
#7803
0clk
0rst
0_02_
1_10_
0_03_
1_11_
1_04_
1_05_
0count[0]
0count[1]
1count[2]
1count[3]
#7804
0clk
0rst
1_02_
0_10_
0_03_
1_11_
1_04_
1_05_
1count[0]
0count[1]
1count[2]
1count[3]
#7805
0clk
0rst
0_02_
0_10_
1_03_
1_11_
1_04_
1_05_
0count[0]
1count[1]
1count[2]
1count[3]
#7806
0clk
0rst
1_02_
0_10_
1_03_
1_11_
1_04_
1_05_
1count[0]
1count[1]
1count[2]
1count[3]
#7807
0clk
0rst
0_02_
1_10_
0_03_
0_11_
0_04_
0_05_
0count[0]
0count[1]
0count[2]
0count[3]
#7808
0clk
0rst
1_02_
0_10_
0_03_
1_11_
0_04_
0_05_
1count[0]
0count[1]
0count[2]
0count[3]
#7809
0clk
0rst
0_02_
0_10_
1_03_
1_11_
0_04_
0_05_
0count[0]
1count[1]
0count[2]
0count[3]
#7810
0clk
0rst
1_02_
0_10_
1_03_
1_11_
0_04_
0_05_
1count[0]
1count[1]
0count[2]
0count[3]
#7811
0clk
0rst
0_02_
1_10_
0_03_
1_11_
1_04_
0_05_
0count[0]
0count[1]
1count[2]
0count[3]
#7812
0clk
0rst
1_02_
0_10_
0_03_
1_11_
1_04_
0_05_
1count[0]
0count[1]
1count[2]
0count[3]
#7813
0clk
0rst
0_02_
0_10_
1_03_
1_11_
1_04_
0_05_
0count[0]
1count[1]
1count[2]
0count[3]
#7814
0clk
0rst
1_02_
0_10_
1_03_
1_11_
1_04_
0_05_
1count[0]
1count[1]
1count[2]
0count[3]
#7815
0clk
0rst
0_02_
1_10_
0_03_
0_11_
0_04_
1_05_
0count[0]
0count[1]
0count[2]
1count[3]
#7816
0clk
0rst
1_02_
0_10_
0_03_
1_11_
0_04_
1_05_
1count[0]
0count[1]
0count[2]
1count[3]
#7817
0clk
0rst
0_02_
0_10_
1_03_
1_11_
0_04_
1_05_
0count[0]
1count[1]
0count[2]
1count[3]
#7818
0clk
0rst
1_02_
0_10_
1_03_
1_11_
0_04_
1_05_
1count[0]
1count[1]
0count[2]
1count[3]
#7819
0clk
0rst
0_02_
1_10_
0_03_
1_11_
1_04_
1_05_
0count[0]
0count[1]
1count[2]
1count[3]
#7820
0clk
0rst
1_02_
0_10_
0_03_
1_11_
1_04_
1_05_
1count[0]
0count[1]
1count[2]
1count[3]
#7821
0clk
0rst
0_02_
0_10_
1_03_
1_11_
1_04_
1_05_
0count[0]
1count[1]
1count[2]
1count[3]
#7822
0clk
0rst
1_02_
0_10_
1_03_
1_11_
1_04_
1_05_
1count[0]
1count[1]
1count[2]
1count[3]
#7823
0clk
0rst
0_02_
1_10_
0_03_
0_11_
0_04_
0_05_
0count[0]
0count[1]
0count[2]
0count[3]
#7824
0clk
0rst
1_02_
0_10_
0_03_
1_11_
0_04_
0_05_
1count[0]
0count[1]
0count[2]
0count[3]
#7825
0clk
0rst
0_02_
0_10_
1_03_
1_11_
0_04_
0_05_
0count[0]
1count[1]
0count[2]
0count[3]
#7826
0clk
0rst
1_02_
0_10_
1_03_
1_11_
0_04_
0_05_
1count[0]
1count[1]
0count[2]
0count[3]
#7827
0clk
0rst
0_02_
1_10_
0_03_
1_11_
1_04_
0_05_
0count[0]
0count[1]
1count[2]
0count[3]
#7828
0clk
0rst
1_02_
0_10_
0_03_
1_11_
1_04_
0_05_
1count[0]
0count[1]
1count[2]
0count[3]
#7829
0clk
0rst
0_02_
0_10_
1_03_
1_11_
1_04_
0_05_
0count[0]
1count[1]
1count[2]
0count[3]
#7830
0clk
0rst
1_02_
0_10_
1_03_
1_11_
1_04_
0_05_
1count[0]
1count[1]
1count[2]
0count[3]
#7831
0clk
0rst
0_02_
1_10_
0_03_
0_11_
0_04_
1_05_
0count[0]
0count[1]
0count[2]
1count[3]
#7832
0clk
0rst
1_02_
0_10_
0_03_
1_11_
0_04_
1_05_
1count[0]
0count[1]
0count[2]
1count[3]
#7833
0clk
0rst
0_02_
0_10_
1_03_
1_11_
0_04_
1_05_
0count[0]
1count[1]
0count[2]
1count[3]
#7834
0clk
0rst
1_02_
0_10_
1_03_
1_11_
0_04_
1_05_
1count[0]
1count[1]
0count[2]
1count[3]
#7835
0clk
0rst
0_02_
1_10_
0_03_
1_11_
1_04_
1_05_
0count[0]
0count[1]
1count[2]
1count[3]
#7836
0clk
0rst
1_02_
0_10_
0_03_
1_11_
1_04_
1_05_
1count[0]
0count[1]
1count[2]
1count[3]
#7837
0clk
0rst
0_02_
0_10_
1_03_
1_11_
1_04_
1_05_
0count[0]
1count[1]
1count[2]
1count[3]
#7838
0clk
0rst
1_02_
0_10_
1_03_
1_11_
1_04_
1_05_
1count[0]
1count[1]
1count[2]
1count[3]
#7839
0clk
0rst
0_02_
1_10_
0_03_
0_11_
0_04_
0_05_
0count[0]
0count[1]
0count[2]
0count[3]
#7840
0clk
0rst
1_02_
0_10_
0_03_
1_11_
0_04_
0_05_
1count[0]
0count[1]
0count[2]
0count[3]
#7841
0clk
0rst
0_02_
0_10_
1_03_
1_11_
0_04_
0_05_
0count[0]
1count[1]
0count[2]
0count[3]
#7842
0clk
0rst
1_02_
0_10_
1_03_
1_11_
0_04_
0_05_
1count[0]
1count[1]
0count[2]
0count[3]
#7843
0clk
0rst
0_02_
1_10_
0_03_
1_11_
1_04_
0_05_
0count[0]
0count[1]
1count[2]
0count[3]
#7844
0clk
0rst
1_02_
0_10_
0_03_
1_11_
1_04_
0_05_
1count[0]
0count[1]
1count[2]
0count[3]
#7845
0clk
0rst
0_02_
0_10_
1_03_
1_11_
1_04_
0_05_
0count[0]
1count[1]
1count[2]
0count[3]
#7846
0clk
0rst
1_02_
0_10_
1_03_
1_11_
1_04_
0_05_
1count[0]
1count[1]
1count[2]
0count[3]
#7847
0clk
0rst
0_02_
1_10_
0_03_
0_11_
0_04_
1_05_
0count[0]
0count[1]
0count[2]
1count[3]
#7848
0clk
0rst
1_02_
0_10_
0_03_
1_11_
0_04_
1_05_
1count[0]
0count[1]
0count[2]
1count[3]
#7849
0clk
0rst
0_02_
0_10_
1_03_
1_11_
0_04_
1_05_
0count[0]
1count[1]
0count[2]
1count[3]
#7850
0clk
0rst
1_02_
0_10_
1_03_
1_11_
0_04_
1_05_
1count[0]
1count[1]
0count[2]
1count[3]
#7851
0clk
0rst
0_02_
1_10_
0_03_
1_11_
1_04_
1_05_
0count[0]
0count[1]
1count[2]
1count[3]
#7852
0clk
0rst
1_02_
0_10_
0_03_
1_11_
1_04_
1_05_
1count[0]
0count[1]
1count[2]
1count[3]
#7853
0clk
0rst
0_02_
0_10_
1_03_
1_11_
1_04_
1_05_
0count[0]
1count[1]
1count[2]
1count[3]
#7854
0clk
0rst
1_02_
0_10_
1_03_
1_11_
1_04_
1_05_
1count[0]
1count[1]
1count[2]
1count[3]
#7855
0clk
0rst
0_02_
1_10_
0_03_
0_11_
0_04_
0_05_
0count[0]
0count[1]
0count[2]
0count[3]
#7856
0clk
0rst
1_02_
0_10_
0_03_
1_11_
0_04_
0_05_
1count[0]
0count[1]
0count[2]
0count[3]
#7857
0clk
0rst
0_02_
0_10_
1_03_
1_11_
0_04_
0_05_
0count[0]
1count[1]
0count[2]
0count[3]
#7858
0clk
0rst
1_02_
0_10_
1_03_
1_11_
0_04_
0_05_
1count[0]
1count[1]
0count[2]
0count[3]
#7859
0clk
0rst
0_02_
1_10_
0_03_
1_11_
1_04_
0_05_
0count[0]
0count[1]
1count[2]
0count[3]
#7860
0clk
0rst
1_02_
0_10_
0_03_
1_11_
1_04_
0_05_
1count[0]
0count[1]
1count[2]
0count[3]
#7861
0clk
0rst
0_02_
0_10_
1_03_
1_11_
1_04_
0_05_
0count[0]
1count[1]
1count[2]
0count[3]
#7862
0clk
0rst
1_02_
0_10_
1_03_
1_11_
1_04_
0_05_
1count[0]
1count[1]
1count[2]
0count[3]
#7863
0clk
0rst
0_02_
1_10_
0_03_
0_11_
0_04_
1_05_
0count[0]
0count[1]
0count[2]
1count[3]
#7864
0clk
0rst
1_02_
0_10_
0_03_
1_11_
0_04_
1_05_
1count[0]
0count[1]
0count[2]
1count[3]
#7865
0clk
0rst
0_02_
0_10_
1_03_
1_11_
0_04_
1_05_
0count[0]
1count[1]
0count[2]
1count[3]
#7866
0clk
0rst
1_02_
0_10_
1_03_
1_11_
0_04_
1_05_
1count[0]
1count[1]
0count[2]
1count[3]
#7867
0clk
0rst
0_02_
1_10_
0_03_
1_11_
1_04_
1_05_
0count[0]
0count[1]
1count[2]
1count[3]
#7868
0clk
0rst
1_02_
0_10_
0_03_
1_11_
1_04_
1_05_
1count[0]
0count[1]
1count[2]
1count[3]
#7869
0clk
0rst
0_02_
0_10_
1_03_
1_11_
1_04_
1_05_
0count[0]
1count[1]
1count[2]
1count[3]
#7870
0clk
0rst
1_02_
0_10_
1_03_
1_11_
1_04_
1_05_
1count[0]
1count[1]
1count[2]
1count[3]
#7871
0clk
0rst
0_02_
1_10_
0_03_
0_11_
0_04_
0_05_
0count[0]
0count[1]
0count[2]
0count[3]
#7872
0clk
0rst
1_02_
0_10_
0_03_
1_11_
0_04_
0_05_
1count[0]
0count[1]
0count[2]
0count[3]
#7873
0clk
0rst
0_02_
0_10_
1_03_
1_11_
0_04_
0_05_
0count[0]
1count[1]
0count[2]
0count[3]
#7874
0clk
0rst
1_02_
0_10_
1_03_
1_11_
0_04_
0_05_
1count[0]
1count[1]
0count[2]
0count[3]
#7875
0clk
0rst
0_02_
1_10_
0_03_
1_11_
1_04_
0_05_
0count[0]
0count[1]
1count[2]
0count[3]
#7876
0clk
0rst
1_02_
0_10_
0_03_
1_11_
1_04_
0_05_
1count[0]
0count[1]
1count[2]
0count[3]
#7877
0clk
0rst
0_02_
0_10_
1_03_
1_11_
1_04_
0_05_
0count[0]
1count[1]
1count[2]
0count[3]
#7878
0clk
0rst
1_02_
0_10_
1_03_
1_11_
1_04_
0_05_
1count[0]
1count[1]
1count[2]
0count[3]
#7879
0clk
0rst
0_02_
1_10_
0_03_
0_11_
0_04_
1_05_
0count[0]
0count[1]
0count[2]
1count[3]
#7880
0clk
0rst
1_02_
0_10_
0_03_
1_11_
0_04_
1_05_
1count[0]
0count[1]
0count[2]
1count[3]
#7881
0clk
0rst
0_02_
0_10_
1_03_
1_11_
0_04_
1_05_
0count[0]
1count[1]
0count[2]
1count[3]
#7882
0clk
0rst
1_02_
0_10_
1_03_
1_11_
0_04_
1_05_
1count[0]
1count[1]
0count[2]
1count[3]
#7883
0clk
0rst
0_02_
1_10_
0_03_
1_11_
1_04_
1_05_
0count[0]
0count[1]
1count[2]
1count[3]
#7884
0clk
0rst
1_02_
0_10_
0_03_
1_11_
1_04_
1_05_
1count[0]
0count[1]
1count[2]
1count[3]
#7885
0clk
0rst
0_02_
0_10_
1_03_
1_11_
1_04_
1_05_
0count[0]
1count[1]
1count[2]
1count[3]
#7886
0clk
0rst
1_02_
0_10_
1_03_
1_11_
1_04_
1_05_
1count[0]
1count[1]
1count[2]
1count[3]
#7887
0clk
0rst
0_02_
1_10_
0_03_
0_11_
0_04_
0_05_
0count[0]
0count[1]
0count[2]
0count[3]
#7888
0clk
0rst
1_02_
0_10_
0_03_
1_11_
0_04_
0_05_
1count[0]
0count[1]
0count[2]
0count[3]
#7889
0clk
0rst
0_02_
0_10_
1_03_
1_11_
0_04_
0_05_
0count[0]
1count[1]
0count[2]
0count[3]
#7890
0clk
0rst
1_02_
0_10_
1_03_
1_11_
0_04_
0_05_
1count[0]
1count[1]
0count[2]
0count[3]
#7891
0clk
0rst
0_02_
1_10_
0_03_
1_11_
1_04_
0_05_
0count[0]
0count[1]
1count[2]
0count[3]
#7892
0clk
0rst
1_02_
0_10_
0_03_
1_11_
1_04_
0_05_
1count[0]
0count[1]
1count[2]
0count[3]
#7893
0clk
0rst
0_02_
0_10_
1_03_
1_11_
1_04_
0_05_
0count[0]
1count[1]
1count[2]
0count[3]
#7894
0clk
0rst
1_02_
0_10_
1_03_
1_11_
1_04_
0_05_
1count[0]
1count[1]
1count[2]
0count[3]
#7895
0clk
0rst
0_02_
1_10_
0_03_
0_11_
0_04_
1_05_
0count[0]
0count[1]
0count[2]
1count[3]
#7896
0clk
0rst
1_02_
0_10_
0_03_
1_11_
0_04_
1_05_
1count[0]
0count[1]
0count[2]
1count[3]
#7897
0clk
0rst
0_02_
0_10_
1_03_
1_11_
0_04_
1_05_
0count[0]
1count[1]
0count[2]
1count[3]
#7898
0clk
0rst
1_02_
0_10_
1_03_
1_11_
0_04_
1_05_
1count[0]
1count[1]
0count[2]
1count[3]
#7899
0clk
0rst
0_02_
1_10_
0_03_
1_11_
1_04_
1_05_
0count[0]
0count[1]
1count[2]
1count[3]
#7900
0clk
0rst
1_02_
0_10_
0_03_
1_11_
1_04_
1_05_
1count[0]
0count[1]
1count[2]
1count[3]
#7901
0clk
0rst
0_02_
0_10_
1_03_
1_11_
1_04_
1_05_
0count[0]
1count[1]
1count[2]
1count[3]
#7902
0clk
0rst
1_02_
0_10_
1_03_
1_11_
1_04_
1_05_
1count[0]
1count[1]
1count[2]
1count[3]
#7903
0clk
0rst
0_02_
1_10_
0_03_
0_11_
0_04_
0_05_
0count[0]
0count[1]
0count[2]
0count[3]
#7904
0clk
0rst
1_02_
0_10_
0_03_
1_11_
0_04_
0_05_
1count[0]
0count[1]
0count[2]
0count[3]
#7905
0clk
0rst
0_02_
0_10_
1_03_
1_11_
0_04_
0_05_
0count[0]
1count[1]
0count[2]
0count[3]
#7906
0clk
0rst
1_02_
0_10_
1_03_
1_11_
0_04_
0_05_
1count[0]
1count[1]
0count[2]
0count[3]
#7907
0clk
0rst
0_02_
1_10_
0_03_
1_11_
1_04_
0_05_
0count[0]
0count[1]
1count[2]
0count[3]
#7908
0clk
0rst
1_02_
0_10_
0_03_
1_11_
1_04_
0_05_
1count[0]
0count[1]
1count[2]
0count[3]
#7909
0clk
0rst
0_02_
0_10_
1_03_
1_11_
1_04_
0_05_
0count[0]
1count[1]
1count[2]
0count[3]
#7910
0clk
0rst
1_02_
0_10_
1_03_
1_11_
1_04_
0_05_
1count[0]
1count[1]
1count[2]
0count[3]
#7911
0clk
0rst
0_02_
1_10_
0_03_
0_11_
0_04_
1_05_
0count[0]
0count[1]
0count[2]
1count[3]
#7912
0clk
0rst
1_02_
0_10_
0_03_
1_11_
0_04_
1_05_
1count[0]
0count[1]
0count[2]
1count[3]
#7913
0clk
0rst
0_02_
0_10_
1_03_
1_11_
0_04_
1_05_
0count[0]
1count[1]
0count[2]
1count[3]
#7914
0clk
0rst
1_02_
0_10_
1_03_
1_11_
0_04_
1_05_
1count[0]
1count[1]
0count[2]
1count[3]
#7915
0clk
0rst
0_02_
1_10_
0_03_
1_11_
1_04_
1_05_
0count[0]
0count[1]
1count[2]
1count[3]
#7916
0clk
0rst
1_02_
0_10_
0_03_
1_11_
1_04_
1_05_
1count[0]
0count[1]
1count[2]
1count[3]
#7917
0clk
0rst
0_02_
0_10_
1_03_
1_11_
1_04_
1_05_
0count[0]
1count[1]
1count[2]
1count[3]
#7918
0clk
0rst
1_02_
0_10_
1_03_
1_11_
1_04_
1_05_
1count[0]
1count[1]
1count[2]
1count[3]
#7919
0clk
0rst
0_02_
1_10_
0_03_
0_11_
0_04_
0_05_
0count[0]
0count[1]
0count[2]
0count[3]
#7920
0clk
0rst
1_02_
0_10_
0_03_
1_11_
0_04_
0_05_
1count[0]
0count[1]
0count[2]
0count[3]
#7921
0clk
0rst
0_02_
0_10_
1_03_
1_11_
0_04_
0_05_
0count[0]
1count[1]
0count[2]
0count[3]
#7922
0clk
0rst
1_02_
0_10_
1_03_
1_11_
0_04_
0_05_
1count[0]
1count[1]
0count[2]
0count[3]
#7923
0clk
0rst
0_02_
1_10_
0_03_
1_11_
1_04_
0_05_
0count[0]
0count[1]
1count[2]
0count[3]
#7924
0clk
0rst
1_02_
0_10_
0_03_
1_11_
1_04_
0_05_
1count[0]
0count[1]
1count[2]
0count[3]
#7925
0clk
0rst
0_02_
0_10_
1_03_
1_11_
1_04_
0_05_
0count[0]
1count[1]
1count[2]
0count[3]
#7926
0clk
0rst
1_02_
0_10_
1_03_
1_11_
1_04_
0_05_
1count[0]
1count[1]
1count[2]
0count[3]
#7927
0clk
0rst
0_02_
1_10_
0_03_
0_11_
0_04_
1_05_
0count[0]
0count[1]
0count[2]
1count[3]
#7928
0clk
0rst
1_02_
0_10_
0_03_
1_11_
0_04_
1_05_
1count[0]
0count[1]
0count[2]
1count[3]
#7929
0clk
0rst
0_02_
0_10_
1_03_
1_11_
0_04_
1_05_
0count[0]
1count[1]
0count[2]
1count[3]
#7930
0clk
0rst
1_02_
0_10_
1_03_
1_11_
0_04_
1_05_
1count[0]
1count[1]
0count[2]
1count[3]
#7931
0clk
0rst
0_02_
1_10_
0_03_
1_11_
1_04_
1_05_
0count[0]
0count[1]
1count[2]
1count[3]
#7932
0clk
0rst
1_02_
0_10_
0_03_
1_11_
1_04_
1_05_
1count[0]
0count[1]
1count[2]
1count[3]
#7933
0clk
0rst
0_02_
0_10_
1_03_
1_11_
1_04_
1_05_
0count[0]
1count[1]
1count[2]
1count[3]
#7934
0clk
0rst
1_02_
0_10_
1_03_
1_11_
1_04_
1_05_
1count[0]
1count[1]
1count[2]
1count[3]
#7935
0clk
0rst
0_02_
1_10_
0_03_
0_11_
0_04_
0_05_
0count[0]
0count[1]
0count[2]
0count[3]
#7936
0clk
0rst
1_02_
0_10_
0_03_
1_11_
0_04_
0_05_
1count[0]
0count[1]
0count[2]
0count[3]
#7937
0clk
0rst
0_02_
0_10_
1_03_
1_11_
0_04_
0_05_
0count[0]
1count[1]
0count[2]
0count[3]
#7938
0clk
0rst
1_02_
0_10_
1_03_
1_11_
0_04_
0_05_
1count[0]
1count[1]
0count[2]
0count[3]
#7939
0clk
0rst
0_02_
1_10_
0_03_
1_11_
1_04_
0_05_
0count[0]
0count[1]
1count[2]
0count[3]
#7940
0clk
0rst
1_02_
0_10_
0_03_
1_11_
1_04_
0_05_
1count[0]
0count[1]
1count[2]
0count[3]
#7941
0clk
0rst
0_02_
0_10_
1_03_
1_11_
1_04_
0_05_
0count[0]
1count[1]
1count[2]
0count[3]
#7942
0clk
0rst
1_02_
0_10_
1_03_
1_11_
1_04_
0_05_
1count[0]
1count[1]
1count[2]
0count[3]
#7943
0clk
0rst
0_02_
1_10_
0_03_
0_11_
0_04_
1_05_
0count[0]
0count[1]
0count[2]
1count[3]
#7944
0clk
0rst
1_02_
0_10_
0_03_
1_11_
0_04_
1_05_
1count[0]
0count[1]
0count[2]
1count[3]
#7945
0clk
0rst
0_02_
0_10_
1_03_
1_11_
0_04_
1_05_
0count[0]
1count[1]
0count[2]
1count[3]
#7946
0clk
0rst
1_02_
0_10_
1_03_
1_11_
0_04_
1_05_
1count[0]
1count[1]
0count[2]
1count[3]
#7947
0clk
0rst
0_02_
1_10_
0_03_
1_11_
1_04_
1_05_
0count[0]
0count[1]
1count[2]
1count[3]
#7948
0clk
0rst
1_02_
0_10_
0_03_
1_11_
1_04_
1_05_
1count[0]
0count[1]
1count[2]
1count[3]
#7949
0clk
0rst
0_02_
0_10_
1_03_
1_11_
1_04_
1_05_
0count[0]
1count[1]
1count[2]
1count[3]
#7950
0clk
0rst
1_02_
0_10_
1_03_
1_11_
1_04_
1_05_
1count[0]
1count[1]
1count[2]
1count[3]
#7951
0clk
0rst
0_02_
1_10_
0_03_
0_11_
0_04_
0_05_
0count[0]
0count[1]
0count[2]
0count[3]
#7952
0clk
0rst
1_02_
0_10_
0_03_
1_11_
0_04_
0_05_
1count[0]
0count[1]
0count[2]
0count[3]
#7953
0clk
0rst
0_02_
0_10_
1_03_
1_11_
0_04_
0_05_
0count[0]
1count[1]
0count[2]
0count[3]
#7954
0clk
0rst
1_02_
0_10_
1_03_
1_11_
0_04_
0_05_
1count[0]
1count[1]
0count[2]
0count[3]
#7955
0clk
0rst
0_02_
1_10_
0_03_
1_11_
1_04_
0_05_
0count[0]
0count[1]
1count[2]
0count[3]
#7956
0clk
0rst
1_02_
0_10_
0_03_
1_11_
1_04_
0_05_
1count[0]
0count[1]
1count[2]
0count[3]
#7957
0clk
0rst
0_02_
0_10_
1_03_
1_11_
1_04_
0_05_
0count[0]
1count[1]
1count[2]
0count[3]
#7958
0clk
0rst
1_02_
0_10_
1_03_
1_11_
1_04_
0_05_
1count[0]
1count[1]
1count[2]
0count[3]
#7959
0clk
0rst
0_02_
1_10_
0_03_
0_11_
0_04_
1_05_
0count[0]
0count[1]
0count[2]
1count[3]
#7960
0clk
0rst
1_02_
0_10_
0_03_
1_11_
0_04_
1_05_
1count[0]
0count[1]
0count[2]
1count[3]
#7961
0clk
0rst
0_02_
0_10_
1_03_
1_11_
0_04_
1_05_
0count[0]
1count[1]
0count[2]
1count[3]
#7962
0clk
0rst
1_02_
0_10_
1_03_
1_11_
0_04_
1_05_
1count[0]
1count[1]
0count[2]
1count[3]
#7963
0clk
0rst
0_02_
1_10_
0_03_
1_11_
1_04_
1_05_
0count[0]
0count[1]
1count[2]
1count[3]
#7964
0clk
0rst
1_02_
0_10_
0_03_
1_11_
1_04_
1_05_
1count[0]
0count[1]
1count[2]
1count[3]
#7965
0clk
0rst
0_02_
0_10_
1_03_
1_11_
1_04_
1_05_
0count[0]
1count[1]
1count[2]
1count[3]
#7966
0clk
0rst
1_02_
0_10_
1_03_
1_11_
1_04_
1_05_
1count[0]
1count[1]
1count[2]
1count[3]
#7967
0clk
0rst
0_02_
1_10_
0_03_
0_11_
0_04_
0_05_
0count[0]
0count[1]
0count[2]
0count[3]
#7968
0clk
0rst
1_02_
0_10_
0_03_
1_11_
0_04_
0_05_
1count[0]
0count[1]
0count[2]
0count[3]
#7969
0clk
0rst
0_02_
0_10_
1_03_
1_11_
0_04_
0_05_
0count[0]
1count[1]
0count[2]
0count[3]
#7970
0clk
0rst
1_02_
0_10_
1_03_
1_11_
0_04_
0_05_
1count[0]
1count[1]
0count[2]
0count[3]
#7971
0clk
0rst
0_02_
1_10_
0_03_
1_11_
1_04_
0_05_
0count[0]
0count[1]
1count[2]
0count[3]
#7972
0clk
0rst
1_02_
0_10_
0_03_
1_11_
1_04_
0_05_
1count[0]
0count[1]
1count[2]
0count[3]
#7973
0clk
0rst
0_02_
0_10_
1_03_
1_11_
1_04_
0_05_
0count[0]
1count[1]
1count[2]
0count[3]
#7974
0clk
0rst
1_02_
0_10_
1_03_
1_11_
1_04_
0_05_
1count[0]
1count[1]
1count[2]
0count[3]
#7975
0clk
0rst
0_02_
1_10_
0_03_
0_11_
0_04_
1_05_
0count[0]
0count[1]
0count[2]
1count[3]
#7976
0clk
0rst
1_02_
0_10_
0_03_
1_11_
0_04_
1_05_
1count[0]
0count[1]
0count[2]
1count[3]
#7977
0clk
0rst
0_02_
0_10_
1_03_
1_11_
0_04_
1_05_
0count[0]
1count[1]
0count[2]
1count[3]
#7978
0clk
0rst
1_02_
0_10_
1_03_
1_11_
0_04_
1_05_
1count[0]
1count[1]
0count[2]
1count[3]
#7979
0clk
0rst
0_02_
1_10_
0_03_
1_11_
1_04_
1_05_
0count[0]
0count[1]
1count[2]
1count[3]
#7980
0clk
0rst
1_02_
0_10_
0_03_
1_11_
1_04_
1_05_
1count[0]
0count[1]
1count[2]
1count[3]
#7981
0clk
0rst
0_02_
0_10_
1_03_
1_11_
1_04_
1_05_
0count[0]
1count[1]
1count[2]
1count[3]
#7982
0clk
0rst
1_02_
0_10_
1_03_
1_11_
1_04_
1_05_
1count[0]
1count[1]
1count[2]
1count[3]
#7983
0clk
0rst
0_02_
1_10_
0_03_
0_11_
0_04_
0_05_
0count[0]
0count[1]
0count[2]
0count[3]
#7984
0clk
0rst
1_02_
0_10_
0_03_
1_11_
0_04_
0_05_
1count[0]
0count[1]
0count[2]
0count[3]
#7985
0clk
0rst
0_02_
0_10_
1_03_
1_11_
0_04_
0_05_
0count[0]
1count[1]
0count[2]
0count[3]
#7986
0clk
0rst
1_02_
0_10_
1_03_
1_11_
0_04_
0_05_
1count[0]
1count[1]
0count[2]
0count[3]
#7987
0clk
0rst
0_02_
1_10_
0_03_
1_11_
1_04_
0_05_
0count[0]
0count[1]
1count[2]
0count[3]
#7988
0clk
0rst
1_02_
0_10_
0_03_
1_11_
1_04_
0_05_
1count[0]
0count[1]
1count[2]
0count[3]
#7989
0clk
0rst
0_02_
0_10_
1_03_
1_11_
1_04_
0_05_
0count[0]
1count[1]
1count[2]
0count[3]
#7990
0clk
0rst
1_02_
0_10_
1_03_
1_11_
1_04_
0_05_
1count[0]
1count[1]
1count[2]
0count[3]
#7991
0clk
0rst
0_02_
1_10_
0_03_
0_11_
0_04_
1_05_
0count[0]
0count[1]
0count[2]
1count[3]
#7992
0clk
0rst
1_02_
0_10_
0_03_
1_11_
0_04_
1_05_
1count[0]
0count[1]
0count[2]
1count[3]
#7993
0clk
0rst
0_02_
0_10_
1_03_
1_11_
0_04_
1_05_
0count[0]
1count[1]
0count[2]
1count[3]
#7994
0clk
0rst
1_02_
0_10_
1_03_
1_11_
0_04_
1_05_
1count[0]
1count[1]
0count[2]
1count[3]
#7995
0clk
0rst
0_02_
1_10_
0_03_
1_11_
1_04_
1_05_
0count[0]
0count[1]
1count[2]
1count[3]
#7996
0clk
0rst
1_02_
0_10_
0_03_
1_11_
1_04_
1_05_
1count[0]
0count[1]
1count[2]
1count[3]
#7997
0clk
0rst
0_02_
0_10_
1_03_
1_11_
1_04_
1_05_
0count[0]
1count[1]
1count[2]
1count[3]
#7998
0clk
0rst
1_02_
0_10_
1_03_
1_11_
1_04_
1_05_
1count[0]
1count[1]
1count[2]
1count[3]
#7999
0clk
0rst
0_02_
1_10_
0_03_
0_11_
0_04_
0_05_
0count[0]
0count[1]
0count[2]
0count[3]
#8000
0clk
0rst
1_02_
0_10_
0_03_
1_11_
0_04_
0_05_
1count[0]
0count[1]
0count[2]
0count[3]
#8001
0clk
0rst
0_02_
0_10_
1_03_
1_11_
0_04_
0_05_
0count[0]
1count[1]
0count[2]
0count[3]
#8002
0clk
0rst
1_02_
0_10_
1_03_
1_11_
0_04_
0_05_
1count[0]
1count[1]
0count[2]
0count[3]
#8003
0clk
0rst
0_02_
1_10_
0_03_
1_11_
1_04_
0_05_
0count[0]
0count[1]
1count[2]
0count[3]
#8004
0clk
0rst
1_02_
0_10_
0_03_
1_11_
1_04_
0_05_
1count[0]
0count[1]
1count[2]
0count[3]
#8005
0clk
0rst
0_02_
0_10_
1_03_
1_11_
1_04_
0_05_
0count[0]
1count[1]
1count[2]
0count[3]
#8006
0clk
0rst
1_02_
0_10_
1_03_
1_11_
1_04_
0_05_
1count[0]
1count[1]
1count[2]
0count[3]
#8007
0clk
0rst
0_02_
1_10_
0_03_
0_11_
0_04_
1_05_
0count[0]
0count[1]
0count[2]
1count[3]
#8008
0clk
0rst
1_02_
0_10_
0_03_
1_11_
0_04_
1_05_
1count[0]
0count[1]
0count[2]
1count[3]
#8009
0clk
0rst
0_02_
0_10_
1_03_
1_11_
0_04_
1_05_
0count[0]
1count[1]
0count[2]
1count[3]
#8010
0clk
0rst
1_02_
0_10_
1_03_
1_11_
0_04_
1_05_
1count[0]
1count[1]
0count[2]
1count[3]
#8011
0clk
0rst
0_02_
1_10_
0_03_
1_11_
1_04_
1_05_
0count[0]
0count[1]
1count[2]
1count[3]
#8012
0clk
0rst
1_02_
0_10_
0_03_
1_11_
1_04_
1_05_
1count[0]
0count[1]
1count[2]
1count[3]
#8013
0clk
0rst
0_02_
0_10_
1_03_
1_11_
1_04_
1_05_
0count[0]
1count[1]
1count[2]
1count[3]
#8014
0clk
0rst
1_02_
0_10_
1_03_
1_11_
1_04_
1_05_
1count[0]
1count[1]
1count[2]
1count[3]
#8015
0clk
0rst
0_02_
1_10_
0_03_
0_11_
0_04_
0_05_
0count[0]
0count[1]
0count[2]
0count[3]
#8016
0clk
0rst
1_02_
0_10_
0_03_
1_11_
0_04_
0_05_
1count[0]
0count[1]
0count[2]
0count[3]
#8017
0clk
0rst
0_02_
0_10_
1_03_
1_11_
0_04_
0_05_
0count[0]
1count[1]
0count[2]
0count[3]
#8018
0clk
0rst
1_02_
0_10_
1_03_
1_11_
0_04_
0_05_
1count[0]
1count[1]
0count[2]
0count[3]
#8019
0clk
0rst
0_02_
1_10_
0_03_
1_11_
1_04_
0_05_
0count[0]
0count[1]
1count[2]
0count[3]
#8020
0clk
0rst
1_02_
0_10_
0_03_
1_11_
1_04_
0_05_
1count[0]
0count[1]
1count[2]
0count[3]
#8021
0clk
0rst
0_02_
0_10_
1_03_
1_11_
1_04_
0_05_
0count[0]
1count[1]
1count[2]
0count[3]
#8022
0clk
0rst
1_02_
0_10_
1_03_
1_11_
1_04_
0_05_
1count[0]
1count[1]
1count[2]
0count[3]
#8023
0clk
0rst
0_02_
1_10_
0_03_
0_11_
0_04_
1_05_
0count[0]
0count[1]
0count[2]
1count[3]
#8024
0clk
0rst
1_02_
0_10_
0_03_
1_11_
0_04_
1_05_
1count[0]
0count[1]
0count[2]
1count[3]
#8025
0clk
0rst
0_02_
0_10_
1_03_
1_11_
0_04_
1_05_
0count[0]
1count[1]
0count[2]
1count[3]
#8026
0clk
0rst
1_02_
0_10_
1_03_
1_11_
0_04_
1_05_
1count[0]
1count[1]
0count[2]
1count[3]
#8027
0clk
0rst
0_02_
1_10_
0_03_
1_11_
1_04_
1_05_
0count[0]
0count[1]
1count[2]
1count[3]
#8028
0clk
0rst
1_02_
0_10_
0_03_
1_11_
1_04_
1_05_
1count[0]
0count[1]
1count[2]
1count[3]
#8029
0clk
0rst
0_02_
0_10_
1_03_
1_11_
1_04_
1_05_
0count[0]
1count[1]
1count[2]
1count[3]
#8030
0clk
0rst
1_02_
0_10_
1_03_
1_11_
1_04_
1_05_
1count[0]
1count[1]
1count[2]
1count[3]
#8031
0clk
0rst
0_02_
1_10_
0_03_
0_11_
0_04_
0_05_
0count[0]
0count[1]
0count[2]
0count[3]
#8032
0clk
0rst
1_02_
0_10_
0_03_
1_11_
0_04_
0_05_
1count[0]
0count[1]
0count[2]
0count[3]
#8033
0clk
0rst
0_02_
0_10_
1_03_
1_11_
0_04_
0_05_
0count[0]
1count[1]
0count[2]
0count[3]
#8034
0clk
0rst
1_02_
0_10_
1_03_
1_11_
0_04_
0_05_
1count[0]
1count[1]
0count[2]
0count[3]
#8035
0clk
0rst
0_02_
1_10_
0_03_
1_11_
1_04_
0_05_
0count[0]
0count[1]
1count[2]
0count[3]
#8036
0clk
0rst
1_02_
0_10_
0_03_
1_11_
1_04_
0_05_
1count[0]
0count[1]
1count[2]
0count[3]
#8037
0clk
0rst
0_02_
0_10_
1_03_
1_11_
1_04_
0_05_
0count[0]
1count[1]
1count[2]
0count[3]
#8038
0clk
0rst
1_02_
0_10_
1_03_
1_11_
1_04_
0_05_
1count[0]
1count[1]
1count[2]
0count[3]
#8039
0clk
0rst
0_02_
1_10_
0_03_
0_11_
0_04_
1_05_
0count[0]
0count[1]
0count[2]
1count[3]
#8040
0clk
0rst
1_02_
0_10_
0_03_
1_11_
0_04_
1_05_
1count[0]
0count[1]
0count[2]
1count[3]
#8041
0clk
0rst
0_02_
0_10_
1_03_
1_11_
0_04_
1_05_
0count[0]
1count[1]
0count[2]
1count[3]
#8042
0clk
0rst
1_02_
0_10_
1_03_
1_11_
0_04_
1_05_
1count[0]
1count[1]
0count[2]
1count[3]
#8043
0clk
0rst
0_02_
1_10_
0_03_
1_11_
1_04_
1_05_
0count[0]
0count[1]
1count[2]
1count[3]
#8044
0clk
0rst
1_02_
0_10_
0_03_
1_11_
1_04_
1_05_
1count[0]
0count[1]
1count[2]
1count[3]
#8045
0clk
0rst
0_02_
0_10_
1_03_
1_11_
1_04_
1_05_
0count[0]
1count[1]
1count[2]
1count[3]
#8046
0clk
0rst
1_02_
0_10_
1_03_
1_11_
1_04_
1_05_
1count[0]
1count[1]
1count[2]
1count[3]
#8047
0clk
0rst
0_02_
1_10_
0_03_
0_11_
0_04_
0_05_
0count[0]
0count[1]
0count[2]
0count[3]
#8048
0clk
0rst
1_02_
0_10_
0_03_
1_11_
0_04_
0_05_
1count[0]
0count[1]
0count[2]
0count[3]
#8049
0clk
0rst
0_02_
0_10_
1_03_
1_11_
0_04_
0_05_
0count[0]
1count[1]
0count[2]
0count[3]
#8050
0clk
0rst
1_02_
0_10_
1_03_
1_11_
0_04_
0_05_
1count[0]
1count[1]
0count[2]
0count[3]
#8051
0clk
0rst
0_02_
1_10_
0_03_
1_11_
1_04_
0_05_
0count[0]
0count[1]
1count[2]
0count[3]
#8052
0clk
0rst
1_02_
0_10_
0_03_
1_11_
1_04_
0_05_
1count[0]
0count[1]
1count[2]
0count[3]
#8053
0clk
0rst
0_02_
0_10_
1_03_
1_11_
1_04_
0_05_
0count[0]
1count[1]
1count[2]
0count[3]
#8054
0clk
0rst
1_02_
0_10_
1_03_
1_11_
1_04_
0_05_
1count[0]
1count[1]
1count[2]
0count[3]
#8055
0clk
0rst
0_02_
1_10_
0_03_
0_11_
0_04_
1_05_
0count[0]
0count[1]
0count[2]
1count[3]
#8056
0clk
0rst
1_02_
0_10_
0_03_
1_11_
0_04_
1_05_
1count[0]
0count[1]
0count[2]
1count[3]
#8057
0clk
0rst
0_02_
0_10_
1_03_
1_11_
0_04_
1_05_
0count[0]
1count[1]
0count[2]
1count[3]
#8058
0clk
0rst
1_02_
0_10_
1_03_
1_11_
0_04_
1_05_
1count[0]
1count[1]
0count[2]
1count[3]
#8059
0clk
0rst
0_02_
1_10_
0_03_
1_11_
1_04_
1_05_
0count[0]
0count[1]
1count[2]
1count[3]
#8060
0clk
0rst
1_02_
0_10_
0_03_
1_11_
1_04_
1_05_
1count[0]
0count[1]
1count[2]
1count[3]
#8061
0clk
0rst
0_02_
0_10_
1_03_
1_11_
1_04_
1_05_
0count[0]
1count[1]
1count[2]
1count[3]
#8062
0clk
0rst
1_02_
0_10_
1_03_
1_11_
1_04_
1_05_
1count[0]
1count[1]
1count[2]
1count[3]
#8063
0clk
0rst
0_02_
1_10_
0_03_
0_11_
0_04_
0_05_
0count[0]
0count[1]
0count[2]
0count[3]
#8064
0clk
0rst
1_02_
0_10_
0_03_
1_11_
0_04_
0_05_
1count[0]
0count[1]
0count[2]
0count[3]
#8065
0clk
0rst
0_02_
0_10_
1_03_
1_11_
0_04_
0_05_
0count[0]
1count[1]
0count[2]
0count[3]
#8066
0clk
0rst
1_02_
0_10_
1_03_
1_11_
0_04_
0_05_
1count[0]
1count[1]
0count[2]
0count[3]
#8067
0clk
0rst
0_02_
1_10_
0_03_
1_11_
1_04_
0_05_
0count[0]
0count[1]
1count[2]
0count[3]
#8068
0clk
0rst
1_02_
0_10_
0_03_
1_11_
1_04_
0_05_
1count[0]
0count[1]
1count[2]
0count[3]
#8069
0clk
0rst
0_02_
0_10_
1_03_
1_11_
1_04_
0_05_
0count[0]
1count[1]
1count[2]
0count[3]
#8070
0clk
0rst
1_02_
0_10_
1_03_
1_11_
1_04_
0_05_
1count[0]
1count[1]
1count[2]
0count[3]
#8071
0clk
0rst
0_02_
1_10_
0_03_
0_11_
0_04_
1_05_
0count[0]
0count[1]
0count[2]
1count[3]
#8072
0clk
0rst
1_02_
0_10_
0_03_
1_11_
0_04_
1_05_
1count[0]
0count[1]
0count[2]
1count[3]
#8073
0clk
0rst
0_02_
0_10_
1_03_
1_11_
0_04_
1_05_
0count[0]
1count[1]
0count[2]
1count[3]
#8074
0clk
0rst
1_02_
0_10_
1_03_
1_11_
0_04_
1_05_
1count[0]
1count[1]
0count[2]
1count[3]
#8075
0clk
0rst
0_02_
1_10_
0_03_
1_11_
1_04_
1_05_
0count[0]
0count[1]
1count[2]
1count[3]
#8076
0clk
0rst
1_02_
0_10_
0_03_
1_11_
1_04_
1_05_
1count[0]
0count[1]
1count[2]
1count[3]
#8077
0clk
0rst
0_02_
0_10_
1_03_
1_11_
1_04_
1_05_
0count[0]
1count[1]
1count[2]
1count[3]
#8078
0clk
0rst
1_02_
0_10_
1_03_
1_11_
1_04_
1_05_
1count[0]
1count[1]
1count[2]
1count[3]
#8079
0clk
0rst
0_02_
1_10_
0_03_
0_11_
0_04_
0_05_
0count[0]
0count[1]
0count[2]
0count[3]
#8080
0clk
0rst
1_02_
0_10_
0_03_
1_11_
0_04_
0_05_
1count[0]
0count[1]
0count[2]
0count[3]
#8081
0clk
0rst
0_02_
0_10_
1_03_
1_11_
0_04_
0_05_
0count[0]
1count[1]
0count[2]
0count[3]
#8082
0clk
0rst
1_02_
0_10_
1_03_
1_11_
0_04_
0_05_
1count[0]
1count[1]
0count[2]
0count[3]
#8083
0clk
0rst
0_02_
1_10_
0_03_
1_11_
1_04_
0_05_
0count[0]
0count[1]
1count[2]
0count[3]
#8084
0clk
0rst
1_02_
0_10_
0_03_
1_11_
1_04_
0_05_
1count[0]
0count[1]
1count[2]
0count[3]
#8085
0clk
0rst
0_02_
0_10_
1_03_
1_11_
1_04_
0_05_
0count[0]
1count[1]
1count[2]
0count[3]
#8086
0clk
0rst
1_02_
0_10_
1_03_
1_11_
1_04_
0_05_
1count[0]
1count[1]
1count[2]
0count[3]
#8087
0clk
0rst
0_02_
1_10_
0_03_
0_11_
0_04_
1_05_
0count[0]
0count[1]
0count[2]
1count[3]
#8088
0clk
0rst
1_02_
0_10_
0_03_
1_11_
0_04_
1_05_
1count[0]
0count[1]
0count[2]
1count[3]
#8089
0clk
0rst
0_02_
0_10_
1_03_
1_11_
0_04_
1_05_
0count[0]
1count[1]
0count[2]
1count[3]
#8090
0clk
0rst
1_02_
0_10_
1_03_
1_11_
0_04_
1_05_
1count[0]
1count[1]
0count[2]
1count[3]
#8091
0clk
0rst
0_02_
1_10_
0_03_
1_11_
1_04_
1_05_
0count[0]
0count[1]
1count[2]
1count[3]
#8092
0clk
0rst
1_02_
0_10_
0_03_
1_11_
1_04_
1_05_
1count[0]
0count[1]
1count[2]
1count[3]
#8093
0clk
0rst
0_02_
0_10_
1_03_
1_11_
1_04_
1_05_
0count[0]
1count[1]
1count[2]
1count[3]
#8094
0clk
0rst
1_02_
0_10_
1_03_
1_11_
1_04_
1_05_
1count[0]
1count[1]
1count[2]
1count[3]
#8095
0clk
0rst
0_02_
1_10_
0_03_
0_11_
0_04_
0_05_
0count[0]
0count[1]
0count[2]
0count[3]
#8096
0clk
0rst
1_02_
0_10_
0_03_
1_11_
0_04_
0_05_
1count[0]
0count[1]
0count[2]
0count[3]
#8097
0clk
0rst
0_02_
0_10_
1_03_
1_11_
0_04_
0_05_
0count[0]
1count[1]
0count[2]
0count[3]
#8098
0clk
0rst
1_02_
0_10_
1_03_
1_11_
0_04_
0_05_
1count[0]
1count[1]
0count[2]
0count[3]
#8099
0clk
0rst
0_02_
1_10_
0_03_
1_11_
1_04_
0_05_
0count[0]
0count[1]
1count[2]
0count[3]
#8100
0clk
0rst
1_02_
0_10_
0_03_
1_11_
1_04_
0_05_
1count[0]
0count[1]
1count[2]
0count[3]
#8101
0clk
0rst
0_02_
0_10_
1_03_
1_11_
1_04_
0_05_
0count[0]
1count[1]
1count[2]
0count[3]
#8102
0clk
0rst
1_02_
0_10_
1_03_
1_11_
1_04_
0_05_
1count[0]
1count[1]
1count[2]
0count[3]
#8103
0clk
0rst
0_02_
1_10_
0_03_
0_11_
0_04_
1_05_
0count[0]
0count[1]
0count[2]
1count[3]
#8104
0clk
0rst
1_02_
0_10_
0_03_
1_11_
0_04_
1_05_
1count[0]
0count[1]
0count[2]
1count[3]
#8105
0clk
0rst
0_02_
0_10_
1_03_
1_11_
0_04_
1_05_
0count[0]
1count[1]
0count[2]
1count[3]
#8106
0clk
0rst
1_02_
0_10_
1_03_
1_11_
0_04_
1_05_
1count[0]
1count[1]
0count[2]
1count[3]
#8107
0clk
0rst
0_02_
1_10_
0_03_
1_11_
1_04_
1_05_
0count[0]
0count[1]
1count[2]
1count[3]
#8108
0clk
0rst
1_02_
0_10_
0_03_
1_11_
1_04_
1_05_
1count[0]
0count[1]
1count[2]
1count[3]
#8109
0clk
0rst
0_02_
0_10_
1_03_
1_11_
1_04_
1_05_
0count[0]
1count[1]
1count[2]
1count[3]
#8110
0clk
0rst
1_02_
0_10_
1_03_
1_11_
1_04_
1_05_
1count[0]
1count[1]
1count[2]
1count[3]
#8111
0clk
0rst
0_02_
1_10_
0_03_
0_11_
0_04_
0_05_
0count[0]
0count[1]
0count[2]
0count[3]
#8112
0clk
0rst
1_02_
0_10_
0_03_
1_11_
0_04_
0_05_
1count[0]
0count[1]
0count[2]
0count[3]
#8113
0clk
0rst
0_02_
0_10_
1_03_
1_11_
0_04_
0_05_
0count[0]
1count[1]
0count[2]
0count[3]
#8114
0clk
0rst
1_02_
0_10_
1_03_
1_11_
0_04_
0_05_
1count[0]
1count[1]
0count[2]
0count[3]
#8115
0clk
0rst
0_02_
1_10_
0_03_
1_11_
1_04_
0_05_
0count[0]
0count[1]
1count[2]
0count[3]
#8116
0clk
0rst
1_02_
0_10_
0_03_
1_11_
1_04_
0_05_
1count[0]
0count[1]
1count[2]
0count[3]
#8117
0clk
0rst
0_02_
0_10_
1_03_
1_11_
1_04_
0_05_
0count[0]
1count[1]
1count[2]
0count[3]
#8118
0clk
0rst
1_02_
0_10_
1_03_
1_11_
1_04_
0_05_
1count[0]
1count[1]
1count[2]
0count[3]
#8119
0clk
0rst
0_02_
1_10_
0_03_
0_11_
0_04_
1_05_
0count[0]
0count[1]
0count[2]
1count[3]
#8120
0clk
0rst
1_02_
0_10_
0_03_
1_11_
0_04_
1_05_
1count[0]
0count[1]
0count[2]
1count[3]
#8121
0clk
0rst
0_02_
0_10_
1_03_
1_11_
0_04_
1_05_
0count[0]
1count[1]
0count[2]
1count[3]
#8122
0clk
0rst
1_02_
0_10_
1_03_
1_11_
0_04_
1_05_
1count[0]
1count[1]
0count[2]
1count[3]
#8123
0clk
0rst
0_02_
1_10_
0_03_
1_11_
1_04_
1_05_
0count[0]
0count[1]
1count[2]
1count[3]
#8124
0clk
0rst
1_02_
0_10_
0_03_
1_11_
1_04_
1_05_
1count[0]
0count[1]
1count[2]
1count[3]
#8125
0clk
0rst
0_02_
0_10_
1_03_
1_11_
1_04_
1_05_
0count[0]
1count[1]
1count[2]
1count[3]
#8126
0clk
0rst
1_02_
0_10_
1_03_
1_11_
1_04_
1_05_
1count[0]
1count[1]
1count[2]
1count[3]
#8127
0clk
0rst
0_02_
1_10_
0_03_
0_11_
0_04_
0_05_
0count[0]
0count[1]
0count[2]
0count[3]
#8128
0clk
0rst
1_02_
0_10_
0_03_
1_11_
0_04_
0_05_
1count[0]
0count[1]
0count[2]
0count[3]
#8129
0clk
0rst
0_02_
0_10_
1_03_
1_11_
0_04_
0_05_
0count[0]
1count[1]
0count[2]
0count[3]
#8130
0clk
0rst
1_02_
0_10_
1_03_
1_11_
0_04_
0_05_
1count[0]
1count[1]
0count[2]
0count[3]
#8131
0clk
0rst
0_02_
1_10_
0_03_
1_11_
1_04_
0_05_
0count[0]
0count[1]
1count[2]
0count[3]
#8132
0clk
0rst
1_02_
0_10_
0_03_
1_11_
1_04_
0_05_
1count[0]
0count[1]
1count[2]
0count[3]
#8133
0clk
0rst
0_02_
0_10_
1_03_
1_11_
1_04_
0_05_
0count[0]
1count[1]
1count[2]
0count[3]
#8134
0clk
0rst
1_02_
0_10_
1_03_
1_11_
1_04_
0_05_
1count[0]
1count[1]
1count[2]
0count[3]
#8135
0clk
0rst
0_02_
1_10_
0_03_
0_11_
0_04_
1_05_
0count[0]
0count[1]
0count[2]
1count[3]
#8136
0clk
0rst
1_02_
0_10_
0_03_
1_11_
0_04_
1_05_
1count[0]
0count[1]
0count[2]
1count[3]
#8137
0clk
0rst
0_02_
0_10_
1_03_
1_11_
0_04_
1_05_
0count[0]
1count[1]
0count[2]
1count[3]
#8138
0clk
0rst
1_02_
0_10_
1_03_
1_11_
0_04_
1_05_
1count[0]
1count[1]
0count[2]
1count[3]
#8139
0clk
0rst
0_02_
1_10_
0_03_
1_11_
1_04_
1_05_
0count[0]
0count[1]
1count[2]
1count[3]
#8140
0clk
0rst
1_02_
0_10_
0_03_
1_11_
1_04_
1_05_
1count[0]
0count[1]
1count[2]
1count[3]
#8141
0clk
0rst
0_02_
0_10_
1_03_
1_11_
1_04_
1_05_
0count[0]
1count[1]
1count[2]
1count[3]
#8142
0clk
0rst
1_02_
0_10_
1_03_
1_11_
1_04_
1_05_
1count[0]
1count[1]
1count[2]
1count[3]
#8143
0clk
0rst
0_02_
1_10_
0_03_
0_11_
0_04_
0_05_
0count[0]
0count[1]
0count[2]
0count[3]
#8144
0clk
0rst
1_02_
0_10_
0_03_
1_11_
0_04_
0_05_
1count[0]
0count[1]
0count[2]
0count[3]
#8145
0clk
0rst
0_02_
0_10_
1_03_
1_11_
0_04_
0_05_
0count[0]
1count[1]
0count[2]
0count[3]
#8146
0clk
0rst
1_02_
0_10_
1_03_
1_11_
0_04_
0_05_
1count[0]
1count[1]
0count[2]
0count[3]
#8147
0clk
0rst
0_02_
1_10_
0_03_
1_11_
1_04_
0_05_
0count[0]
0count[1]
1count[2]
0count[3]
#8148
0clk
0rst
1_02_
0_10_
0_03_
1_11_
1_04_
0_05_
1count[0]
0count[1]
1count[2]
0count[3]
#8149
0clk
0rst
0_02_
0_10_
1_03_
1_11_
1_04_
0_05_
0count[0]
1count[1]
1count[2]
0count[3]
#8150
0clk
0rst
1_02_
0_10_
1_03_
1_11_
1_04_
0_05_
1count[0]
1count[1]
1count[2]
0count[3]
#8151
0clk
0rst
0_02_
1_10_
0_03_
0_11_
0_04_
1_05_
0count[0]
0count[1]
0count[2]
1count[3]
#8152
0clk
0rst
1_02_
0_10_
0_03_
1_11_
0_04_
1_05_
1count[0]
0count[1]
0count[2]
1count[3]
#8153
0clk
0rst
0_02_
0_10_
1_03_
1_11_
0_04_
1_05_
0count[0]
1count[1]
0count[2]
1count[3]
#8154
0clk
0rst
1_02_
0_10_
1_03_
1_11_
0_04_
1_05_
1count[0]
1count[1]
0count[2]
1count[3]
#8155
0clk
0rst
0_02_
1_10_
0_03_
1_11_
1_04_
1_05_
0count[0]
0count[1]
1count[2]
1count[3]
#8156
0clk
0rst
1_02_
0_10_
0_03_
1_11_
1_04_
1_05_
1count[0]
0count[1]
1count[2]
1count[3]
#8157
0clk
0rst
0_02_
0_10_
1_03_
1_11_
1_04_
1_05_
0count[0]
1count[1]
1count[2]
1count[3]
#8158
0clk
0rst
1_02_
0_10_
1_03_
1_11_
1_04_
1_05_
1count[0]
1count[1]
1count[2]
1count[3]
#8159
0clk
0rst
0_02_
1_10_
0_03_
0_11_
0_04_
0_05_
0count[0]
0count[1]
0count[2]
0count[3]
#8160
0clk
0rst
1_02_
0_10_
0_03_
1_11_
0_04_
0_05_
1count[0]
0count[1]
0count[2]
0count[3]
#8161
0clk
0rst
0_02_
0_10_
1_03_
1_11_
0_04_
0_05_
0count[0]
1count[1]
0count[2]
0count[3]
#8162
0clk
0rst
1_02_
0_10_
1_03_
1_11_
0_04_
0_05_
1count[0]
1count[1]
0count[2]
0count[3]
#8163
0clk
0rst
0_02_
1_10_
0_03_
1_11_
1_04_
0_05_
0count[0]
0count[1]
1count[2]
0count[3]
#8164
0clk
0rst
1_02_
0_10_
0_03_
1_11_
1_04_
0_05_
1count[0]
0count[1]
1count[2]
0count[3]
#8165
0clk
0rst
0_02_
0_10_
1_03_
1_11_
1_04_
0_05_
0count[0]
1count[1]
1count[2]
0count[3]
#8166
0clk
0rst
1_02_
0_10_
1_03_
1_11_
1_04_
0_05_
1count[0]
1count[1]
1count[2]
0count[3]
#8167
0clk
0rst
0_02_
1_10_
0_03_
0_11_
0_04_
1_05_
0count[0]
0count[1]
0count[2]
1count[3]
#8168
0clk
0rst
1_02_
0_10_
0_03_
1_11_
0_04_
1_05_
1count[0]
0count[1]
0count[2]
1count[3]
#8169
0clk
0rst
0_02_
0_10_
1_03_
1_11_
0_04_
1_05_
0count[0]
1count[1]
0count[2]
1count[3]
#8170
0clk
0rst
1_02_
0_10_
1_03_
1_11_
0_04_
1_05_
1count[0]
1count[1]
0count[2]
1count[3]
#8171
0clk
0rst
0_02_
1_10_
0_03_
1_11_
1_04_
1_05_
0count[0]
0count[1]
1count[2]
1count[3]
#8172
0clk
0rst
1_02_
0_10_
0_03_
1_11_
1_04_
1_05_
1count[0]
0count[1]
1count[2]
1count[3]
#8173
0clk
0rst
0_02_
0_10_
1_03_
1_11_
1_04_
1_05_
0count[0]
1count[1]
1count[2]
1count[3]
#8174
0clk
0rst
1_02_
0_10_
1_03_
1_11_
1_04_
1_05_
1count[0]
1count[1]
1count[2]
1count[3]
#8175
0clk
0rst
0_02_
1_10_
0_03_
0_11_
0_04_
0_05_
0count[0]
0count[1]
0count[2]
0count[3]
#8176
0clk
0rst
1_02_
0_10_
0_03_
1_11_
0_04_
0_05_
1count[0]
0count[1]
0count[2]
0count[3]
#8177
0clk
0rst
0_02_
0_10_
1_03_
1_11_
0_04_
0_05_
0count[0]
1count[1]
0count[2]
0count[3]
#8178
0clk
0rst
1_02_
0_10_
1_03_
1_11_
0_04_
0_05_
1count[0]
1count[1]
0count[2]
0count[3]
#8179
0clk
0rst
0_02_
1_10_
0_03_
1_11_
1_04_
0_05_
0count[0]
0count[1]
1count[2]
0count[3]
#8180
0clk
0rst
1_02_
0_10_
0_03_
1_11_
1_04_
0_05_
1count[0]
0count[1]
1count[2]
0count[3]
#8181
0clk
0rst
0_02_
0_10_
1_03_
1_11_
1_04_
0_05_
0count[0]
1count[1]
1count[2]
0count[3]
#8182
0clk
0rst
1_02_
0_10_
1_03_
1_11_
1_04_
0_05_
1count[0]
1count[1]
1count[2]
0count[3]
#8183
0clk
0rst
0_02_
1_10_
0_03_
0_11_
0_04_
1_05_
0count[0]
0count[1]
0count[2]
1count[3]
#8184
0clk
0rst
1_02_
0_10_
0_03_
1_11_
0_04_
1_05_
1count[0]
0count[1]
0count[2]
1count[3]
#8185
0clk
0rst
0_02_
0_10_
1_03_
1_11_
0_04_
1_05_
0count[0]
1count[1]
0count[2]
1count[3]
#8186
0clk
0rst
1_02_
0_10_
1_03_
1_11_
0_04_
1_05_
1count[0]
1count[1]
0count[2]
1count[3]
#8187
0clk
0rst
0_02_
1_10_
0_03_
1_11_
1_04_
1_05_
0count[0]
0count[1]
1count[2]
1count[3]
#8188
0clk
0rst
1_02_
0_10_
0_03_
1_11_
1_04_
1_05_
1count[0]
0count[1]
1count[2]
1count[3]
#8189
0clk
0rst
0_02_
0_10_
1_03_
1_11_
1_04_
1_05_
0count[0]
1count[1]
1count[2]
1count[3]
#8190
0clk
0rst
1_02_
0_10_
1_03_
1_11_
1_04_
1_05_
1count[0]
1count[1]
1count[2]
1count[3]
#8191
0clk
0rst
0_02_
1_10_
0_03_
0_11_
0_04_
0_05_
0count[0]
0count[1]
0count[2]
0count[3]
#8192
0clk
0rst
1_02_
0_10_
0_03_
1_11_
0_04_
0_05_
1count[0]
0count[1]
0count[2]
0count[3]
#8193
0clk
0rst
0_02_
0_10_
1_03_
1_11_
0_04_
0_05_
0count[0]
1count[1]
0count[2]
0count[3]
#8194
0clk
0rst
1_02_
0_10_
1_03_
1_11_
0_04_
0_05_
1count[0]
1count[1]
0count[2]
0count[3]
#8195
0clk
0rst
0_02_
1_10_
0_03_
1_11_
1_04_
0_05_
0count[0]
0count[1]
1count[2]
0count[3]
#8196
0clk
0rst
1_02_
0_10_
0_03_
1_11_
1_04_
0_05_
1count[0]
0count[1]
1count[2]
0count[3]
#8197
0clk
0rst
0_02_
0_10_
1_03_
1_11_
1_04_
0_05_
0count[0]
1count[1]
1count[2]
0count[3]
#8198
0clk
0rst
1_02_
0_10_
1_03_
1_11_
1_04_
0_05_
1count[0]
1count[1]
1count[2]
0count[3]
#8199
0clk
0rst
0_02_
1_10_
0_03_
0_11_
0_04_
1_05_
0count[0]
0count[1]
0count[2]
1count[3]
#8200
0clk
0rst
1_02_
0_10_
0_03_
1_11_
0_04_
1_05_
1count[0]
0count[1]
0count[2]
1count[3]
#8201
0clk
0rst
0_02_
0_10_
1_03_
1_11_
0_04_
1_05_
0count[0]
1count[1]
0count[2]
1count[3]
#8202
0clk
0rst
1_02_
0_10_
1_03_
1_11_
0_04_
1_05_
1count[0]
1count[1]
0count[2]
1count[3]
#8203
0clk
0rst
0_02_
1_10_
0_03_
1_11_
1_04_
1_05_
0count[0]
0count[1]
1count[2]
1count[3]
#8204
0clk
0rst
1_02_
0_10_
0_03_
1_11_
1_04_
1_05_
1count[0]
0count[1]
1count[2]
1count[3]
#8205
0clk
0rst
0_02_
0_10_
1_03_
1_11_
1_04_
1_05_
0count[0]
1count[1]
1count[2]
1count[3]
#8206
0clk
0rst
1_02_
0_10_
1_03_
1_11_
1_04_
1_05_
1count[0]
1count[1]
1count[2]
1count[3]
#8207
0clk
0rst
0_02_
1_10_
0_03_
0_11_
0_04_
0_05_
0count[0]
0count[1]
0count[2]
0count[3]
#8208
0clk
0rst
1_02_
0_10_
0_03_
1_11_
0_04_
0_05_
1count[0]
0count[1]
0count[2]
0count[3]
#8209
0clk
0rst
0_02_
0_10_
1_03_
1_11_
0_04_
0_05_
0count[0]
1count[1]
0count[2]
0count[3]
#8210
0clk
0rst
1_02_
0_10_
1_03_
1_11_
0_04_
0_05_
1count[0]
1count[1]
0count[2]
0count[3]
#8211
0clk
0rst
0_02_
1_10_
0_03_
1_11_
1_04_
0_05_
0count[0]
0count[1]
1count[2]
0count[3]
#8212
0clk
0rst
1_02_
0_10_
0_03_
1_11_
1_04_
0_05_
1count[0]
0count[1]
1count[2]
0count[3]
#8213
0clk
0rst
0_02_
0_10_
1_03_
1_11_
1_04_
0_05_
0count[0]
1count[1]
1count[2]
0count[3]
#8214
0clk
0rst
1_02_
0_10_
1_03_
1_11_
1_04_
0_05_
1count[0]
1count[1]
1count[2]
0count[3]
#8215
0clk
0rst
0_02_
1_10_
0_03_
0_11_
0_04_
1_05_
0count[0]
0count[1]
0count[2]
1count[3]
#8216
0clk
0rst
1_02_
0_10_
0_03_
1_11_
0_04_
1_05_
1count[0]
0count[1]
0count[2]
1count[3]
#8217
0clk
0rst
0_02_
0_10_
1_03_
1_11_
0_04_
1_05_
0count[0]
1count[1]
0count[2]
1count[3]
#8218
0clk
0rst
1_02_
0_10_
1_03_
1_11_
0_04_
1_05_
1count[0]
1count[1]
0count[2]
1count[3]
#8219
0clk
0rst
0_02_
1_10_
0_03_
1_11_
1_04_
1_05_
0count[0]
0count[1]
1count[2]
1count[3]
#8220
0clk
0rst
1_02_
0_10_
0_03_
1_11_
1_04_
1_05_
1count[0]
0count[1]
1count[2]
1count[3]
#8221
0clk
0rst
0_02_
0_10_
1_03_
1_11_
1_04_
1_05_
0count[0]
1count[1]
1count[2]
1count[3]
#8222
0clk
0rst
1_02_
0_10_
1_03_
1_11_
1_04_
1_05_
1count[0]
1count[1]
1count[2]
1count[3]
#8223
0clk
0rst
0_02_
1_10_
0_03_
0_11_
0_04_
0_05_
0count[0]
0count[1]
0count[2]
0count[3]
#8224
0clk
0rst
1_02_
0_10_
0_03_
1_11_
0_04_
0_05_
1count[0]
0count[1]
0count[2]
0count[3]
#8225
0clk
0rst
0_02_
0_10_
1_03_
1_11_
0_04_
0_05_
0count[0]
1count[1]
0count[2]
0count[3]
#8226
0clk
0rst
1_02_
0_10_
1_03_
1_11_
0_04_
0_05_
1count[0]
1count[1]
0count[2]
0count[3]
#8227
0clk
0rst
0_02_
1_10_
0_03_
1_11_
1_04_
0_05_
0count[0]
0count[1]
1count[2]
0count[3]
#8228
0clk
0rst
1_02_
0_10_
0_03_
1_11_
1_04_
0_05_
1count[0]
0count[1]
1count[2]
0count[3]
#8229
0clk
0rst
0_02_
0_10_
1_03_
1_11_
1_04_
0_05_
0count[0]
1count[1]
1count[2]
0count[3]
#8230
0clk
0rst
1_02_
0_10_
1_03_
1_11_
1_04_
0_05_
1count[0]
1count[1]
1count[2]
0count[3]
#8231
0clk
0rst
0_02_
1_10_
0_03_
0_11_
0_04_
1_05_
0count[0]
0count[1]
0count[2]
1count[3]
#8232
0clk
0rst
1_02_
0_10_
0_03_
1_11_
0_04_
1_05_
1count[0]
0count[1]
0count[2]
1count[3]
#8233
0clk
0rst
0_02_
0_10_
1_03_
1_11_
0_04_
1_05_
0count[0]
1count[1]
0count[2]
1count[3]
#8234
0clk
0rst
1_02_
0_10_
1_03_
1_11_
0_04_
1_05_
1count[0]
1count[1]
0count[2]
1count[3]
#8235
0clk
0rst
0_02_
1_10_
0_03_
1_11_
1_04_
1_05_
0count[0]
0count[1]
1count[2]
1count[3]
#8236
0clk
0rst
1_02_
0_10_
0_03_
1_11_
1_04_
1_05_
1count[0]
0count[1]
1count[2]
1count[3]
#8237
0clk
0rst
0_02_
0_10_
1_03_
1_11_
1_04_
1_05_
0count[0]
1count[1]
1count[2]
1count[3]
#8238
0clk
0rst
1_02_
0_10_
1_03_
1_11_
1_04_
1_05_
1count[0]
1count[1]
1count[2]
1count[3]
#8239
0clk
0rst
0_02_
1_10_
0_03_
0_11_
0_04_
0_05_
0count[0]
0count[1]
0count[2]
0count[3]
#8240
0clk
0rst
1_02_
0_10_
0_03_
1_11_
0_04_
0_05_
1count[0]
0count[1]
0count[2]
0count[3]
#8241
0clk
0rst
0_02_
0_10_
1_03_
1_11_
0_04_
0_05_
0count[0]
1count[1]
0count[2]
0count[3]
#8242
0clk
0rst
1_02_
0_10_
1_03_
1_11_
0_04_
0_05_
1count[0]
1count[1]
0count[2]
0count[3]
#8243
0clk
0rst
0_02_
1_10_
0_03_
1_11_
1_04_
0_05_
0count[0]
0count[1]
1count[2]
0count[3]
#8244
0clk
0rst
1_02_
0_10_
0_03_
1_11_
1_04_
0_05_
1count[0]
0count[1]
1count[2]
0count[3]
#8245
0clk
0rst
0_02_
0_10_
1_03_
1_11_
1_04_
0_05_
0count[0]
1count[1]
1count[2]
0count[3]
#8246
0clk
0rst
1_02_
0_10_
1_03_
1_11_
1_04_
0_05_
1count[0]
1count[1]
1count[2]
0count[3]
#8247
0clk
0rst
0_02_
1_10_
0_03_
0_11_
0_04_
1_05_
0count[0]
0count[1]
0count[2]
1count[3]
#8248
0clk
0rst
1_02_
0_10_
0_03_
1_11_
0_04_
1_05_
1count[0]
0count[1]
0count[2]
1count[3]
#8249
0clk
0rst
0_02_
0_10_
1_03_
1_11_
0_04_
1_05_
0count[0]
1count[1]
0count[2]
1count[3]
#8250
0clk
0rst
1_02_
0_10_
1_03_
1_11_
0_04_
1_05_
1count[0]
1count[1]
0count[2]
1count[3]
#8251
0clk
0rst
0_02_
1_10_
0_03_
1_11_
1_04_
1_05_
0count[0]
0count[1]
1count[2]
1count[3]
#8252
0clk
0rst
1_02_
0_10_
0_03_
1_11_
1_04_
1_05_
1count[0]
0count[1]
1count[2]
1count[3]
#8253
0clk
0rst
0_02_
0_10_
1_03_
1_11_
1_04_
1_05_
0count[0]
1count[1]
1count[2]
1count[3]
#8254
0clk
0rst
1_02_
0_10_
1_03_
1_11_
1_04_
1_05_
1count[0]
1count[1]
1count[2]
1count[3]
#8255
0clk
0rst
0_02_
1_10_
0_03_
0_11_
0_04_
0_05_
0count[0]
0count[1]
0count[2]
0count[3]
#8256
0clk
0rst
1_02_
0_10_
0_03_
1_11_
0_04_
0_05_
1count[0]
0count[1]
0count[2]
0count[3]
#8257
0clk
0rst
0_02_
0_10_
1_03_
1_11_
0_04_
0_05_
0count[0]
1count[1]
0count[2]
0count[3]
#8258
0clk
0rst
1_02_
0_10_
1_03_
1_11_
0_04_
0_05_
1count[0]
1count[1]
0count[2]
0count[3]
#8259
0clk
0rst
0_02_
1_10_
0_03_
1_11_
1_04_
0_05_
0count[0]
0count[1]
1count[2]
0count[3]
#8260
0clk
0rst
1_02_
0_10_
0_03_
1_11_
1_04_
0_05_
1count[0]
0count[1]
1count[2]
0count[3]
#8261
0clk
0rst
0_02_
0_10_
1_03_
1_11_
1_04_
0_05_
0count[0]
1count[1]
1count[2]
0count[3]
#8262
0clk
0rst
1_02_
0_10_
1_03_
1_11_
1_04_
0_05_
1count[0]
1count[1]
1count[2]
0count[3]
#8263
0clk
0rst
0_02_
1_10_
0_03_
0_11_
0_04_
1_05_
0count[0]
0count[1]
0count[2]
1count[3]
#8264
0clk
0rst
1_02_
0_10_
0_03_
1_11_
0_04_
1_05_
1count[0]
0count[1]
0count[2]
1count[3]
#8265
0clk
0rst
0_02_
0_10_
1_03_
1_11_
0_04_
1_05_
0count[0]
1count[1]
0count[2]
1count[3]
#8266
0clk
0rst
1_02_
0_10_
1_03_
1_11_
0_04_
1_05_
1count[0]
1count[1]
0count[2]
1count[3]
#8267
0clk
0rst
0_02_
1_10_
0_03_
1_11_
1_04_
1_05_
0count[0]
0count[1]
1count[2]
1count[3]
#8268
0clk
0rst
1_02_
0_10_
0_03_
1_11_
1_04_
1_05_
1count[0]
0count[1]
1count[2]
1count[3]
#8269
0clk
0rst
0_02_
0_10_
1_03_
1_11_
1_04_
1_05_
0count[0]
1count[1]
1count[2]
1count[3]
#8270
0clk
0rst
1_02_
0_10_
1_03_
1_11_
1_04_
1_05_
1count[0]
1count[1]
1count[2]
1count[3]
#8271
0clk
0rst
0_02_
1_10_
0_03_
0_11_
0_04_
0_05_
0count[0]
0count[1]
0count[2]
0count[3]
#8272
0clk
0rst
1_02_
0_10_
0_03_
1_11_
0_04_
0_05_
1count[0]
0count[1]
0count[2]
0count[3]
#8273
0clk
0rst
0_02_
0_10_
1_03_
1_11_
0_04_
0_05_
0count[0]
1count[1]
0count[2]
0count[3]
#8274
0clk
0rst
1_02_
0_10_
1_03_
1_11_
0_04_
0_05_
1count[0]
1count[1]
0count[2]
0count[3]
#8275
0clk
0rst
0_02_
1_10_
0_03_
1_11_
1_04_
0_05_
0count[0]
0count[1]
1count[2]
0count[3]
#8276
0clk
0rst
1_02_
0_10_
0_03_
1_11_
1_04_
0_05_
1count[0]
0count[1]
1count[2]
0count[3]
#8277
0clk
0rst
0_02_
0_10_
1_03_
1_11_
1_04_
0_05_
0count[0]
1count[1]
1count[2]
0count[3]
#8278
0clk
0rst
1_02_
0_10_
1_03_
1_11_
1_04_
0_05_
1count[0]
1count[1]
1count[2]
0count[3]
#8279
0clk
0rst
0_02_
1_10_
0_03_
0_11_
0_04_
1_05_
0count[0]
0count[1]
0count[2]
1count[3]
#8280
0clk
0rst
1_02_
0_10_
0_03_
1_11_
0_04_
1_05_
1count[0]
0count[1]
0count[2]
1count[3]
#8281
0clk
0rst
0_02_
0_10_
1_03_
1_11_
0_04_
1_05_
0count[0]
1count[1]
0count[2]
1count[3]
#8282
0clk
0rst
1_02_
0_10_
1_03_
1_11_
0_04_
1_05_
1count[0]
1count[1]
0count[2]
1count[3]
#8283
0clk
0rst
0_02_
1_10_
0_03_
1_11_
1_04_
1_05_
0count[0]
0count[1]
1count[2]
1count[3]
#8284
0clk
0rst
1_02_
0_10_
0_03_
1_11_
1_04_
1_05_
1count[0]
0count[1]
1count[2]
1count[3]
#8285
0clk
0rst
0_02_
0_10_
1_03_
1_11_
1_04_
1_05_
0count[0]
1count[1]
1count[2]
1count[3]
#8286
0clk
0rst
1_02_
0_10_
1_03_
1_11_
1_04_
1_05_
1count[0]
1count[1]
1count[2]
1count[3]
#8287
0clk
0rst
0_02_
1_10_
0_03_
0_11_
0_04_
0_05_
0count[0]
0count[1]
0count[2]
0count[3]
#8288
0clk
0rst
1_02_
0_10_
0_03_
1_11_
0_04_
0_05_
1count[0]
0count[1]
0count[2]
0count[3]
#8289
0clk
0rst
0_02_
0_10_
1_03_
1_11_
0_04_
0_05_
0count[0]
1count[1]
0count[2]
0count[3]
#8290
0clk
0rst
1_02_
0_10_
1_03_
1_11_
0_04_
0_05_
1count[0]
1count[1]
0count[2]
0count[3]
#8291
0clk
0rst
0_02_
1_10_
0_03_
1_11_
1_04_
0_05_
0count[0]
0count[1]
1count[2]
0count[3]
#8292
0clk
0rst
1_02_
0_10_
0_03_
1_11_
1_04_
0_05_
1count[0]
0count[1]
1count[2]
0count[3]
#8293
0clk
0rst
0_02_
0_10_
1_03_
1_11_
1_04_
0_05_
0count[0]
1count[1]
1count[2]
0count[3]
#8294
0clk
0rst
1_02_
0_10_
1_03_
1_11_
1_04_
0_05_
1count[0]
1count[1]
1count[2]
0count[3]
#8295
0clk
0rst
0_02_
1_10_
0_03_
0_11_
0_04_
1_05_
0count[0]
0count[1]
0count[2]
1count[3]
#8296
0clk
0rst
1_02_
0_10_
0_03_
1_11_
0_04_
1_05_
1count[0]
0count[1]
0count[2]
1count[3]
#8297
0clk
0rst
0_02_
0_10_
1_03_
1_11_
0_04_
1_05_
0count[0]
1count[1]
0count[2]
1count[3]
#8298
0clk
0rst
1_02_
0_10_
1_03_
1_11_
0_04_
1_05_
1count[0]
1count[1]
0count[2]
1count[3]
#8299
0clk
0rst
0_02_
1_10_
0_03_
1_11_
1_04_
1_05_
0count[0]
0count[1]
1count[2]
1count[3]
#8300
0clk
0rst
1_02_
0_10_
0_03_
1_11_
1_04_
1_05_
1count[0]
0count[1]
1count[2]
1count[3]
#8301
0clk
0rst
0_02_
0_10_
1_03_
1_11_
1_04_
1_05_
0count[0]
1count[1]
1count[2]
1count[3]
#8302
0clk
0rst
1_02_
0_10_
1_03_
1_11_
1_04_
1_05_
1count[0]
1count[1]
1count[2]
1count[3]
#8303
0clk
0rst
0_02_
1_10_
0_03_
0_11_
0_04_
0_05_
0count[0]
0count[1]
0count[2]
0count[3]
#8304
0clk
0rst
1_02_
0_10_
0_03_
1_11_
0_04_
0_05_
1count[0]
0count[1]
0count[2]
0count[3]
#8305
0clk
0rst
0_02_
0_10_
1_03_
1_11_
0_04_
0_05_
0count[0]
1count[1]
0count[2]
0count[3]
#8306
0clk
0rst
1_02_
0_10_
1_03_
1_11_
0_04_
0_05_
1count[0]
1count[1]
0count[2]
0count[3]
#8307
0clk
0rst
0_02_
1_10_
0_03_
1_11_
1_04_
0_05_
0count[0]
0count[1]
1count[2]
0count[3]
#8308
0clk
0rst
1_02_
0_10_
0_03_
1_11_
1_04_
0_05_
1count[0]
0count[1]
1count[2]
0count[3]
#8309
0clk
0rst
0_02_
0_10_
1_03_
1_11_
1_04_
0_05_
0count[0]
1count[1]
1count[2]
0count[3]
#8310
0clk
0rst
1_02_
0_10_
1_03_
1_11_
1_04_
0_05_
1count[0]
1count[1]
1count[2]
0count[3]
#8311
0clk
0rst
0_02_
1_10_
0_03_
0_11_
0_04_
1_05_
0count[0]
0count[1]
0count[2]
1count[3]
#8312
0clk
0rst
1_02_
0_10_
0_03_
1_11_
0_04_
1_05_
1count[0]
0count[1]
0count[2]
1count[3]
#8313
0clk
0rst
0_02_
0_10_
1_03_
1_11_
0_04_
1_05_
0count[0]
1count[1]
0count[2]
1count[3]
#8314
0clk
0rst
1_02_
0_10_
1_03_
1_11_
0_04_
1_05_
1count[0]
1count[1]
0count[2]
1count[3]
#8315
0clk
0rst
0_02_
1_10_
0_03_
1_11_
1_04_
1_05_
0count[0]
0count[1]
1count[2]
1count[3]
#8316
0clk
0rst
1_02_
0_10_
0_03_
1_11_
1_04_
1_05_
1count[0]
0count[1]
1count[2]
1count[3]
#8317
0clk
0rst
0_02_
0_10_
1_03_
1_11_
1_04_
1_05_
0count[0]
1count[1]
1count[2]
1count[3]
#8318
0clk
0rst
1_02_
0_10_
1_03_
1_11_
1_04_
1_05_
1count[0]
1count[1]
1count[2]
1count[3]
#8319
0clk
0rst
0_02_
1_10_
0_03_
0_11_
0_04_
0_05_
0count[0]
0count[1]
0count[2]
0count[3]
#8320
0clk
0rst
1_02_
0_10_
0_03_
1_11_
0_04_
0_05_
1count[0]
0count[1]
0count[2]
0count[3]
#8321
0clk
0rst
0_02_
0_10_
1_03_
1_11_
0_04_
0_05_
0count[0]
1count[1]
0count[2]
0count[3]
#8322
0clk
0rst
1_02_
0_10_
1_03_
1_11_
0_04_
0_05_
1count[0]
1count[1]
0count[2]
0count[3]
#8323
0clk
0rst
0_02_
1_10_
0_03_
1_11_
1_04_
0_05_
0count[0]
0count[1]
1count[2]
0count[3]
#8324
0clk
0rst
1_02_
0_10_
0_03_
1_11_
1_04_
0_05_
1count[0]
0count[1]
1count[2]
0count[3]
#8325
0clk
0rst
0_02_
0_10_
1_03_
1_11_
1_04_
0_05_
0count[0]
1count[1]
1count[2]
0count[3]
#8326
0clk
0rst
1_02_
0_10_
1_03_
1_11_
1_04_
0_05_
1count[0]
1count[1]
1count[2]
0count[3]
#8327
0clk
0rst
0_02_
1_10_
0_03_
0_11_
0_04_
1_05_
0count[0]
0count[1]
0count[2]
1count[3]
#8328
0clk
0rst
1_02_
0_10_
0_03_
1_11_
0_04_
1_05_
1count[0]
0count[1]
0count[2]
1count[3]
#8329
0clk
0rst
0_02_
0_10_
1_03_
1_11_
0_04_
1_05_
0count[0]
1count[1]
0count[2]
1count[3]
#8330
0clk
0rst
1_02_
0_10_
1_03_
1_11_
0_04_
1_05_
1count[0]
1count[1]
0count[2]
1count[3]
#8331
0clk
0rst
0_02_
1_10_
0_03_
1_11_
1_04_
1_05_
0count[0]
0count[1]
1count[2]
1count[3]
#8332
0clk
0rst
1_02_
0_10_
0_03_
1_11_
1_04_
1_05_
1count[0]
0count[1]
1count[2]
1count[3]
#8333
0clk
0rst
0_02_
0_10_
1_03_
1_11_
1_04_
1_05_
0count[0]
1count[1]
1count[2]
1count[3]
#8334
0clk
0rst
1_02_
0_10_
1_03_
1_11_
1_04_
1_05_
1count[0]
1count[1]
1count[2]
1count[3]
#8335
0clk
0rst
0_02_
1_10_
0_03_
0_11_
0_04_
0_05_
0count[0]
0count[1]
0count[2]
0count[3]
#8336
0clk
0rst
1_02_
0_10_
0_03_
1_11_
0_04_
0_05_
1count[0]
0count[1]
0count[2]
0count[3]
#8337
0clk
0rst
0_02_
0_10_
1_03_
1_11_
0_04_
0_05_
0count[0]
1count[1]
0count[2]
0count[3]
#8338
0clk
0rst
1_02_
0_10_
1_03_
1_11_
0_04_
0_05_
1count[0]
1count[1]
0count[2]
0count[3]
#8339
0clk
0rst
0_02_
1_10_
0_03_
1_11_
1_04_
0_05_
0count[0]
0count[1]
1count[2]
0count[3]
#8340
0clk
0rst
1_02_
0_10_
0_03_
1_11_
1_04_
0_05_
1count[0]
0count[1]
1count[2]
0count[3]
#8341
0clk
0rst
0_02_
0_10_
1_03_
1_11_
1_04_
0_05_
0count[0]
1count[1]
1count[2]
0count[3]
#8342
0clk
0rst
1_02_
0_10_
1_03_
1_11_
1_04_
0_05_
1count[0]
1count[1]
1count[2]
0count[3]
#8343
0clk
0rst
0_02_
1_10_
0_03_
0_11_
0_04_
1_05_
0count[0]
0count[1]
0count[2]
1count[3]
#8344
0clk
0rst
1_02_
0_10_
0_03_
1_11_
0_04_
1_05_
1count[0]
0count[1]
0count[2]
1count[3]
#8345
0clk
0rst
0_02_
0_10_
1_03_
1_11_
0_04_
1_05_
0count[0]
1count[1]
0count[2]
1count[3]
#8346
0clk
0rst
1_02_
0_10_
1_03_
1_11_
0_04_
1_05_
1count[0]
1count[1]
0count[2]
1count[3]
#8347
0clk
0rst
0_02_
1_10_
0_03_
1_11_
1_04_
1_05_
0count[0]
0count[1]
1count[2]
1count[3]
#8348
0clk
0rst
1_02_
0_10_
0_03_
1_11_
1_04_
1_05_
1count[0]
0count[1]
1count[2]
1count[3]
#8349
0clk
0rst
0_02_
0_10_
1_03_
1_11_
1_04_
1_05_
0count[0]
1count[1]
1count[2]
1count[3]
#8350
0clk
0rst
1_02_
0_10_
1_03_
1_11_
1_04_
1_05_
1count[0]
1count[1]
1count[2]
1count[3]
#8351
0clk
0rst
0_02_
1_10_
0_03_
0_11_
0_04_
0_05_
0count[0]
0count[1]
0count[2]
0count[3]
#8352
0clk
0rst
1_02_
0_10_
0_03_
1_11_
0_04_
0_05_
1count[0]
0count[1]
0count[2]
0count[3]
#8353
0clk
0rst
0_02_
0_10_
1_03_
1_11_
0_04_
0_05_
0count[0]
1count[1]
0count[2]
0count[3]
#8354
0clk
0rst
1_02_
0_10_
1_03_
1_11_
0_04_
0_05_
1count[0]
1count[1]
0count[2]
0count[3]
#8355
0clk
0rst
0_02_
1_10_
0_03_
1_11_
1_04_
0_05_
0count[0]
0count[1]
1count[2]
0count[3]
#8356
0clk
0rst
1_02_
0_10_
0_03_
1_11_
1_04_
0_05_
1count[0]
0count[1]
1count[2]
0count[3]
#8357
0clk
0rst
0_02_
0_10_
1_03_
1_11_
1_04_
0_05_
0count[0]
1count[1]
1count[2]
0count[3]
#8358
0clk
0rst
1_02_
0_10_
1_03_
1_11_
1_04_
0_05_
1count[0]
1count[1]
1count[2]
0count[3]
#8359
0clk
0rst
0_02_
1_10_
0_03_
0_11_
0_04_
1_05_
0count[0]
0count[1]
0count[2]
1count[3]
#8360
0clk
0rst
1_02_
0_10_
0_03_
1_11_
0_04_
1_05_
1count[0]
0count[1]
0count[2]
1count[3]
#8361
0clk
0rst
0_02_
0_10_
1_03_
1_11_
0_04_
1_05_
0count[0]
1count[1]
0count[2]
1count[3]
#8362
0clk
0rst
1_02_
0_10_
1_03_
1_11_
0_04_
1_05_
1count[0]
1count[1]
0count[2]
1count[3]
#8363
0clk
0rst
0_02_
1_10_
0_03_
1_11_
1_04_
1_05_
0count[0]
0count[1]
1count[2]
1count[3]
#8364
0clk
0rst
1_02_
0_10_
0_03_
1_11_
1_04_
1_05_
1count[0]
0count[1]
1count[2]
1count[3]
#8365
0clk
0rst
0_02_
0_10_
1_03_
1_11_
1_04_
1_05_
0count[0]
1count[1]
1count[2]
1count[3]
#8366
0clk
0rst
1_02_
0_10_
1_03_
1_11_
1_04_
1_05_
1count[0]
1count[1]
1count[2]
1count[3]
#8367
0clk
0rst
0_02_
1_10_
0_03_
0_11_
0_04_
0_05_
0count[0]
0count[1]
0count[2]
0count[3]
#8368
0clk
0rst
1_02_
0_10_
0_03_
1_11_
0_04_
0_05_
1count[0]
0count[1]
0count[2]
0count[3]
#8369
0clk
0rst
0_02_
0_10_
1_03_
1_11_
0_04_
0_05_
0count[0]
1count[1]
0count[2]
0count[3]
#8370
0clk
0rst
1_02_
0_10_
1_03_
1_11_
0_04_
0_05_
1count[0]
1count[1]
0count[2]
0count[3]
#8371
0clk
0rst
0_02_
1_10_
0_03_
1_11_
1_04_
0_05_
0count[0]
0count[1]
1count[2]
0count[3]
#8372
0clk
0rst
1_02_
0_10_
0_03_
1_11_
1_04_
0_05_
1count[0]
0count[1]
1count[2]
0count[3]
#8373
0clk
0rst
0_02_
0_10_
1_03_
1_11_
1_04_
0_05_
0count[0]
1count[1]
1count[2]
0count[3]
#8374
0clk
0rst
1_02_
0_10_
1_03_
1_11_
1_04_
0_05_
1count[0]
1count[1]
1count[2]
0count[3]
#8375
0clk
0rst
0_02_
1_10_
0_03_
0_11_
0_04_
1_05_
0count[0]
0count[1]
0count[2]
1count[3]
#8376
0clk
0rst
1_02_
0_10_
0_03_
1_11_
0_04_
1_05_
1count[0]
0count[1]
0count[2]
1count[3]
#8377
0clk
0rst
0_02_
0_10_
1_03_
1_11_
0_04_
1_05_
0count[0]
1count[1]
0count[2]
1count[3]
#8378
0clk
0rst
1_02_
0_10_
1_03_
1_11_
0_04_
1_05_
1count[0]
1count[1]
0count[2]
1count[3]
#8379
0clk
0rst
0_02_
1_10_
0_03_
1_11_
1_04_
1_05_
0count[0]
0count[1]
1count[2]
1count[3]
#8380
0clk
0rst
1_02_
0_10_
0_03_
1_11_
1_04_
1_05_
1count[0]
0count[1]
1count[2]
1count[3]
#8381
0clk
0rst
0_02_
0_10_
1_03_
1_11_
1_04_
1_05_
0count[0]
1count[1]
1count[2]
1count[3]
#8382
0clk
0rst
1_02_
0_10_
1_03_
1_11_
1_04_
1_05_
1count[0]
1count[1]
1count[2]
1count[3]
#8383
0clk
0rst
0_02_
1_10_
0_03_
0_11_
0_04_
0_05_
0count[0]
0count[1]
0count[2]
0count[3]
#8384
0clk
0rst
1_02_
0_10_
0_03_
1_11_
0_04_
0_05_
1count[0]
0count[1]
0count[2]
0count[3]
#8385
0clk
0rst
0_02_
0_10_
1_03_
1_11_
0_04_
0_05_
0count[0]
1count[1]
0count[2]
0count[3]
#8386
0clk
0rst
1_02_
0_10_
1_03_
1_11_
0_04_
0_05_
1count[0]
1count[1]
0count[2]
0count[3]
#8387
0clk
0rst
0_02_
1_10_
0_03_
1_11_
1_04_
0_05_
0count[0]
0count[1]
1count[2]
0count[3]
#8388
0clk
0rst
1_02_
0_10_
0_03_
1_11_
1_04_
0_05_
1count[0]
0count[1]
1count[2]
0count[3]
#8389
0clk
0rst
0_02_
0_10_
1_03_
1_11_
1_04_
0_05_
0count[0]
1count[1]
1count[2]
0count[3]
#8390
0clk
0rst
1_02_
0_10_
1_03_
1_11_
1_04_
0_05_
1count[0]
1count[1]
1count[2]
0count[3]
#8391
0clk
0rst
0_02_
1_10_
0_03_
0_11_
0_04_
1_05_
0count[0]
0count[1]
0count[2]
1count[3]
#8392
0clk
0rst
1_02_
0_10_
0_03_
1_11_
0_04_
1_05_
1count[0]
0count[1]
0count[2]
1count[3]
#8393
0clk
0rst
0_02_
0_10_
1_03_
1_11_
0_04_
1_05_
0count[0]
1count[1]
0count[2]
1count[3]
#8394
0clk
0rst
1_02_
0_10_
1_03_
1_11_
0_04_
1_05_
1count[0]
1count[1]
0count[2]
1count[3]
#8395
0clk
0rst
0_02_
1_10_
0_03_
1_11_
1_04_
1_05_
0count[0]
0count[1]
1count[2]
1count[3]
#8396
0clk
0rst
1_02_
0_10_
0_03_
1_11_
1_04_
1_05_
1count[0]
0count[1]
1count[2]
1count[3]
#8397
0clk
0rst
0_02_
0_10_
1_03_
1_11_
1_04_
1_05_
0count[0]
1count[1]
1count[2]
1count[3]
#8398
0clk
0rst
1_02_
0_10_
1_03_
1_11_
1_04_
1_05_
1count[0]
1count[1]
1count[2]
1count[3]
#8399
0clk
0rst
0_02_
1_10_
0_03_
0_11_
0_04_
0_05_
0count[0]
0count[1]
0count[2]
0count[3]
#8400
0clk
0rst
1_02_
0_10_
0_03_
1_11_
0_04_
0_05_
1count[0]
0count[1]
0count[2]
0count[3]
#8401
0clk
0rst
0_02_
0_10_
1_03_
1_11_
0_04_
0_05_
0count[0]
1count[1]
0count[2]
0count[3]
#8402
0clk
0rst
1_02_
0_10_
1_03_
1_11_
0_04_
0_05_
1count[0]
1count[1]
0count[2]
0count[3]
#8403
0clk
0rst
0_02_
1_10_
0_03_
1_11_
1_04_
0_05_
0count[0]
0count[1]
1count[2]
0count[3]
#8404
0clk
0rst
1_02_
0_10_
0_03_
1_11_
1_04_
0_05_
1count[0]
0count[1]
1count[2]
0count[3]
#8405
0clk
0rst
0_02_
0_10_
1_03_
1_11_
1_04_
0_05_
0count[0]
1count[1]
1count[2]
0count[3]
#8406
0clk
0rst
1_02_
0_10_
1_03_
1_11_
1_04_
0_05_
1count[0]
1count[1]
1count[2]
0count[3]
#8407
0clk
0rst
0_02_
1_10_
0_03_
0_11_
0_04_
1_05_
0count[0]
0count[1]
0count[2]
1count[3]
#8408
0clk
0rst
1_02_
0_10_
0_03_
1_11_
0_04_
1_05_
1count[0]
0count[1]
0count[2]
1count[3]
#8409
0clk
0rst
0_02_
0_10_
1_03_
1_11_
0_04_
1_05_
0count[0]
1count[1]
0count[2]
1count[3]
#8410
0clk
0rst
1_02_
0_10_
1_03_
1_11_
0_04_
1_05_
1count[0]
1count[1]
0count[2]
1count[3]
#8411
0clk
0rst
0_02_
1_10_
0_03_
1_11_
1_04_
1_05_
0count[0]
0count[1]
1count[2]
1count[3]
#8412
0clk
0rst
1_02_
0_10_
0_03_
1_11_
1_04_
1_05_
1count[0]
0count[1]
1count[2]
1count[3]
#8413
0clk
0rst
0_02_
0_10_
1_03_
1_11_
1_04_
1_05_
0count[0]
1count[1]
1count[2]
1count[3]
#8414
0clk
0rst
1_02_
0_10_
1_03_
1_11_
1_04_
1_05_
1count[0]
1count[1]
1count[2]
1count[3]
#8415
0clk
0rst
0_02_
1_10_
0_03_
0_11_
0_04_
0_05_
0count[0]
0count[1]
0count[2]
0count[3]
#8416
0clk
0rst
1_02_
0_10_
0_03_
1_11_
0_04_
0_05_
1count[0]
0count[1]
0count[2]
0count[3]
#8417
0clk
0rst
0_02_
0_10_
1_03_
1_11_
0_04_
0_05_
0count[0]
1count[1]
0count[2]
0count[3]
#8418
0clk
0rst
1_02_
0_10_
1_03_
1_11_
0_04_
0_05_
1count[0]
1count[1]
0count[2]
0count[3]
#8419
0clk
0rst
0_02_
1_10_
0_03_
1_11_
1_04_
0_05_
0count[0]
0count[1]
1count[2]
0count[3]
#8420
0clk
0rst
1_02_
0_10_
0_03_
1_11_
1_04_
0_05_
1count[0]
0count[1]
1count[2]
0count[3]
#8421
0clk
0rst
0_02_
0_10_
1_03_
1_11_
1_04_
0_05_
0count[0]
1count[1]
1count[2]
0count[3]
#8422
0clk
0rst
1_02_
0_10_
1_03_
1_11_
1_04_
0_05_
1count[0]
1count[1]
1count[2]
0count[3]
#8423
0clk
0rst
0_02_
1_10_
0_03_
0_11_
0_04_
1_05_
0count[0]
0count[1]
0count[2]
1count[3]
#8424
0clk
0rst
1_02_
0_10_
0_03_
1_11_
0_04_
1_05_
1count[0]
0count[1]
0count[2]
1count[3]
#8425
0clk
0rst
0_02_
0_10_
1_03_
1_11_
0_04_
1_05_
0count[0]
1count[1]
0count[2]
1count[3]
#8426
0clk
0rst
1_02_
0_10_
1_03_
1_11_
0_04_
1_05_
1count[0]
1count[1]
0count[2]
1count[3]
#8427
0clk
0rst
0_02_
1_10_
0_03_
1_11_
1_04_
1_05_
0count[0]
0count[1]
1count[2]
1count[3]
#8428
0clk
0rst
1_02_
0_10_
0_03_
1_11_
1_04_
1_05_
1count[0]
0count[1]
1count[2]
1count[3]
#8429
0clk
0rst
0_02_
0_10_
1_03_
1_11_
1_04_
1_05_
0count[0]
1count[1]
1count[2]
1count[3]
#8430
0clk
0rst
1_02_
0_10_
1_03_
1_11_
1_04_
1_05_
1count[0]
1count[1]
1count[2]
1count[3]
#8431
0clk
0rst
0_02_
1_10_
0_03_
0_11_
0_04_
0_05_
0count[0]
0count[1]
0count[2]
0count[3]
#8432
0clk
0rst
1_02_
0_10_
0_03_
1_11_
0_04_
0_05_
1count[0]
0count[1]
0count[2]
0count[3]
#8433
0clk
0rst
0_02_
0_10_
1_03_
1_11_
0_04_
0_05_
0count[0]
1count[1]
0count[2]
0count[3]
#8434
0clk
0rst
1_02_
0_10_
1_03_
1_11_
0_04_
0_05_
1count[0]
1count[1]
0count[2]
0count[3]
#8435
0clk
0rst
0_02_
1_10_
0_03_
1_11_
1_04_
0_05_
0count[0]
0count[1]
1count[2]
0count[3]
#8436
0clk
0rst
1_02_
0_10_
0_03_
1_11_
1_04_
0_05_
1count[0]
0count[1]
1count[2]
0count[3]
#8437
0clk
0rst
0_02_
0_10_
1_03_
1_11_
1_04_
0_05_
0count[0]
1count[1]
1count[2]
0count[3]
#8438
0clk
0rst
1_02_
0_10_
1_03_
1_11_
1_04_
0_05_
1count[0]
1count[1]
1count[2]
0count[3]
#8439
0clk
0rst
0_02_
1_10_
0_03_
0_11_
0_04_
1_05_
0count[0]
0count[1]
0count[2]
1count[3]
#8440
0clk
0rst
1_02_
0_10_
0_03_
1_11_
0_04_
1_05_
1count[0]
0count[1]
0count[2]
1count[3]
#8441
0clk
0rst
0_02_
0_10_
1_03_
1_11_
0_04_
1_05_
0count[0]
1count[1]
0count[2]
1count[3]
#8442
0clk
0rst
1_02_
0_10_
1_03_
1_11_
0_04_
1_05_
1count[0]
1count[1]
0count[2]
1count[3]
#8443
0clk
0rst
0_02_
1_10_
0_03_
1_11_
1_04_
1_05_
0count[0]
0count[1]
1count[2]
1count[3]
#8444
0clk
0rst
1_02_
0_10_
0_03_
1_11_
1_04_
1_05_
1count[0]
0count[1]
1count[2]
1count[3]
#8445
0clk
0rst
0_02_
0_10_
1_03_
1_11_
1_04_
1_05_
0count[0]
1count[1]
1count[2]
1count[3]
#8446
0clk
0rst
1_02_
0_10_
1_03_
1_11_
1_04_
1_05_
1count[0]
1count[1]
1count[2]
1count[3]
#8447
0clk
0rst
0_02_
1_10_
0_03_
0_11_
0_04_
0_05_
0count[0]
0count[1]
0count[2]
0count[3]
#8448
0clk
0rst
1_02_
0_10_
0_03_
1_11_
0_04_
0_05_
1count[0]
0count[1]
0count[2]
0count[3]
#8449
0clk
0rst
0_02_
0_10_
1_03_
1_11_
0_04_
0_05_
0count[0]
1count[1]
0count[2]
0count[3]
#8450
0clk
0rst
1_02_
0_10_
1_03_
1_11_
0_04_
0_05_
1count[0]
1count[1]
0count[2]
0count[3]
#8451
0clk
0rst
0_02_
1_10_
0_03_
1_11_
1_04_
0_05_
0count[0]
0count[1]
1count[2]
0count[3]
#8452
0clk
0rst
1_02_
0_10_
0_03_
1_11_
1_04_
0_05_
1count[0]
0count[1]
1count[2]
0count[3]
#8453
0clk
0rst
0_02_
0_10_
1_03_
1_11_
1_04_
0_05_
0count[0]
1count[1]
1count[2]
0count[3]
#8454
0clk
0rst
1_02_
0_10_
1_03_
1_11_
1_04_
0_05_
1count[0]
1count[1]
1count[2]
0count[3]
#8455
0clk
0rst
0_02_
1_10_
0_03_
0_11_
0_04_
1_05_
0count[0]
0count[1]
0count[2]
1count[3]
#8456
0clk
0rst
1_02_
0_10_
0_03_
1_11_
0_04_
1_05_
1count[0]
0count[1]
0count[2]
1count[3]
#8457
0clk
0rst
0_02_
0_10_
1_03_
1_11_
0_04_
1_05_
0count[0]
1count[1]
0count[2]
1count[3]
#8458
0clk
0rst
1_02_
0_10_
1_03_
1_11_
0_04_
1_05_
1count[0]
1count[1]
0count[2]
1count[3]
#8459
0clk
0rst
0_02_
1_10_
0_03_
1_11_
1_04_
1_05_
0count[0]
0count[1]
1count[2]
1count[3]
#8460
0clk
0rst
1_02_
0_10_
0_03_
1_11_
1_04_
1_05_
1count[0]
0count[1]
1count[2]
1count[3]
#8461
0clk
0rst
0_02_
0_10_
1_03_
1_11_
1_04_
1_05_
0count[0]
1count[1]
1count[2]
1count[3]
#8462
0clk
0rst
1_02_
0_10_
1_03_
1_11_
1_04_
1_05_
1count[0]
1count[1]
1count[2]
1count[3]
#8463
0clk
0rst
0_02_
1_10_
0_03_
0_11_
0_04_
0_05_
0count[0]
0count[1]
0count[2]
0count[3]
#8464
0clk
0rst
1_02_
0_10_
0_03_
1_11_
0_04_
0_05_
1count[0]
0count[1]
0count[2]
0count[3]
#8465
0clk
0rst
0_02_
0_10_
1_03_
1_11_
0_04_
0_05_
0count[0]
1count[1]
0count[2]
0count[3]
#8466
0clk
0rst
1_02_
0_10_
1_03_
1_11_
0_04_
0_05_
1count[0]
1count[1]
0count[2]
0count[3]
#8467
0clk
0rst
0_02_
1_10_
0_03_
1_11_
1_04_
0_05_
0count[0]
0count[1]
1count[2]
0count[3]
#8468
0clk
0rst
1_02_
0_10_
0_03_
1_11_
1_04_
0_05_
1count[0]
0count[1]
1count[2]
0count[3]
#8469
0clk
0rst
0_02_
0_10_
1_03_
1_11_
1_04_
0_05_
0count[0]
1count[1]
1count[2]
0count[3]
#8470
0clk
0rst
1_02_
0_10_
1_03_
1_11_
1_04_
0_05_
1count[0]
1count[1]
1count[2]
0count[3]
#8471
0clk
0rst
0_02_
1_10_
0_03_
0_11_
0_04_
1_05_
0count[0]
0count[1]
0count[2]
1count[3]
#8472
0clk
0rst
1_02_
0_10_
0_03_
1_11_
0_04_
1_05_
1count[0]
0count[1]
0count[2]
1count[3]
#8473
0clk
0rst
0_02_
0_10_
1_03_
1_11_
0_04_
1_05_
0count[0]
1count[1]
0count[2]
1count[3]
#8474
0clk
0rst
1_02_
0_10_
1_03_
1_11_
0_04_
1_05_
1count[0]
1count[1]
0count[2]
1count[3]
#8475
0clk
0rst
0_02_
1_10_
0_03_
1_11_
1_04_
1_05_
0count[0]
0count[1]
1count[2]
1count[3]
#8476
0clk
0rst
1_02_
0_10_
0_03_
1_11_
1_04_
1_05_
1count[0]
0count[1]
1count[2]
1count[3]
#8477
0clk
0rst
0_02_
0_10_
1_03_
1_11_
1_04_
1_05_
0count[0]
1count[1]
1count[2]
1count[3]
#8478
0clk
0rst
1_02_
0_10_
1_03_
1_11_
1_04_
1_05_
1count[0]
1count[1]
1count[2]
1count[3]
#8479
0clk
0rst
0_02_
1_10_
0_03_
0_11_
0_04_
0_05_
0count[0]
0count[1]
0count[2]
0count[3]
#8480
0clk
0rst
1_02_
0_10_
0_03_
1_11_
0_04_
0_05_
1count[0]
0count[1]
0count[2]
0count[3]
#8481
0clk
0rst
0_02_
0_10_
1_03_
1_11_
0_04_
0_05_
0count[0]
1count[1]
0count[2]
0count[3]
#8482
0clk
0rst
1_02_
0_10_
1_03_
1_11_
0_04_
0_05_
1count[0]
1count[1]
0count[2]
0count[3]
#8483
0clk
0rst
0_02_
1_10_
0_03_
1_11_
1_04_
0_05_
0count[0]
0count[1]
1count[2]
0count[3]
#8484
0clk
0rst
1_02_
0_10_
0_03_
1_11_
1_04_
0_05_
1count[0]
0count[1]
1count[2]
0count[3]
#8485
0clk
0rst
0_02_
0_10_
1_03_
1_11_
1_04_
0_05_
0count[0]
1count[1]
1count[2]
0count[3]
#8486
0clk
0rst
1_02_
0_10_
1_03_
1_11_
1_04_
0_05_
1count[0]
1count[1]
1count[2]
0count[3]
#8487
0clk
0rst
0_02_
1_10_
0_03_
0_11_
0_04_
1_05_
0count[0]
0count[1]
0count[2]
1count[3]
#8488
0clk
0rst
1_02_
0_10_
0_03_
1_11_
0_04_
1_05_
1count[0]
0count[1]
0count[2]
1count[3]
#8489
0clk
0rst
0_02_
0_10_
1_03_
1_11_
0_04_
1_05_
0count[0]
1count[1]
0count[2]
1count[3]
#8490
0clk
0rst
1_02_
0_10_
1_03_
1_11_
0_04_
1_05_
1count[0]
1count[1]
0count[2]
1count[3]
#8491
0clk
0rst
0_02_
1_10_
0_03_
1_11_
1_04_
1_05_
0count[0]
0count[1]
1count[2]
1count[3]
#8492
0clk
0rst
1_02_
0_10_
0_03_
1_11_
1_04_
1_05_
1count[0]
0count[1]
1count[2]
1count[3]
#8493
0clk
0rst
0_02_
0_10_
1_03_
1_11_
1_04_
1_05_
0count[0]
1count[1]
1count[2]
1count[3]
#8494
0clk
0rst
1_02_
0_10_
1_03_
1_11_
1_04_
1_05_
1count[0]
1count[1]
1count[2]
1count[3]
#8495
0clk
0rst
0_02_
1_10_
0_03_
0_11_
0_04_
0_05_
0count[0]
0count[1]
0count[2]
0count[3]
#8496
0clk
0rst
1_02_
0_10_
0_03_
1_11_
0_04_
0_05_
1count[0]
0count[1]
0count[2]
0count[3]
#8497
0clk
0rst
0_02_
0_10_
1_03_
1_11_
0_04_
0_05_
0count[0]
1count[1]
0count[2]
0count[3]
#8498
0clk
0rst
1_02_
0_10_
1_03_
1_11_
0_04_
0_05_
1count[0]
1count[1]
0count[2]
0count[3]
#8499
0clk
0rst
0_02_
1_10_
0_03_
1_11_
1_04_
0_05_
0count[0]
0count[1]
1count[2]
0count[3]
#8500
0clk
0rst
1_02_
0_10_
0_03_
1_11_
1_04_
0_05_
1count[0]
0count[1]
1count[2]
0count[3]
#8501
0clk
0rst
0_02_
0_10_
1_03_
1_11_
1_04_
0_05_
0count[0]
1count[1]
1count[2]
0count[3]
#8502
0clk
0rst
1_02_
0_10_
1_03_
1_11_
1_04_
0_05_
1count[0]
1count[1]
1count[2]
0count[3]
#8503
0clk
0rst
0_02_
1_10_
0_03_
0_11_
0_04_
1_05_
0count[0]
0count[1]
0count[2]
1count[3]
#8504
0clk
0rst
1_02_
0_10_
0_03_
1_11_
0_04_
1_05_
1count[0]
0count[1]
0count[2]
1count[3]
#8505
0clk
0rst
0_02_
0_10_
1_03_
1_11_
0_04_
1_05_
0count[0]
1count[1]
0count[2]
1count[3]
#8506
0clk
0rst
1_02_
0_10_
1_03_
1_11_
0_04_
1_05_
1count[0]
1count[1]
0count[2]
1count[3]
#8507
0clk
0rst
0_02_
1_10_
0_03_
1_11_
1_04_
1_05_
0count[0]
0count[1]
1count[2]
1count[3]
#8508
0clk
0rst
1_02_
0_10_
0_03_
1_11_
1_04_
1_05_
1count[0]
0count[1]
1count[2]
1count[3]
#8509
0clk
0rst
0_02_
0_10_
1_03_
1_11_
1_04_
1_05_
0count[0]
1count[1]
1count[2]
1count[3]
#8510
0clk
0rst
1_02_
0_10_
1_03_
1_11_
1_04_
1_05_
1count[0]
1count[1]
1count[2]
1count[3]
#8511
0clk
0rst
0_02_
1_10_
0_03_
0_11_
0_04_
0_05_
0count[0]
0count[1]
0count[2]
0count[3]
#8512
0clk
0rst
1_02_
0_10_
0_03_
1_11_
0_04_
0_05_
1count[0]
0count[1]
0count[2]
0count[3]
#8513
0clk
0rst
0_02_
0_10_
1_03_
1_11_
0_04_
0_05_
0count[0]
1count[1]
0count[2]
0count[3]
#8514
0clk
0rst
1_02_
0_10_
1_03_
1_11_
0_04_
0_05_
1count[0]
1count[1]
0count[2]
0count[3]
#8515
0clk
0rst
0_02_
1_10_
0_03_
1_11_
1_04_
0_05_
0count[0]
0count[1]
1count[2]
0count[3]
#8516
0clk
0rst
1_02_
0_10_
0_03_
1_11_
1_04_
0_05_
1count[0]
0count[1]
1count[2]
0count[3]
#8517
0clk
0rst
0_02_
0_10_
1_03_
1_11_
1_04_
0_05_
0count[0]
1count[1]
1count[2]
0count[3]
#8518
0clk
0rst
1_02_
0_10_
1_03_
1_11_
1_04_
0_05_
1count[0]
1count[1]
1count[2]
0count[3]
#8519
0clk
0rst
0_02_
1_10_
0_03_
0_11_
0_04_
1_05_
0count[0]
0count[1]
0count[2]
1count[3]
#8520
0clk
0rst
1_02_
0_10_
0_03_
1_11_
0_04_
1_05_
1count[0]
0count[1]
0count[2]
1count[3]
#8521
0clk
0rst
0_02_
0_10_
1_03_
1_11_
0_04_
1_05_
0count[0]
1count[1]
0count[2]
1count[3]
#8522
0clk
0rst
1_02_
0_10_
1_03_
1_11_
0_04_
1_05_
1count[0]
1count[1]
0count[2]
1count[3]
#8523
0clk
0rst
0_02_
1_10_
0_03_
1_11_
1_04_
1_05_
0count[0]
0count[1]
1count[2]
1count[3]
#8524
0clk
0rst
1_02_
0_10_
0_03_
1_11_
1_04_
1_05_
1count[0]
0count[1]
1count[2]
1count[3]
#8525
0clk
0rst
0_02_
0_10_
1_03_
1_11_
1_04_
1_05_
0count[0]
1count[1]
1count[2]
1count[3]
#8526
0clk
0rst
1_02_
0_10_
1_03_
1_11_
1_04_
1_05_
1count[0]
1count[1]
1count[2]
1count[3]
#8527
0clk
0rst
0_02_
1_10_
0_03_
0_11_
0_04_
0_05_
0count[0]
0count[1]
0count[2]
0count[3]
#8528
0clk
0rst
1_02_
0_10_
0_03_
1_11_
0_04_
0_05_
1count[0]
0count[1]
0count[2]
0count[3]
#8529
0clk
0rst
0_02_
0_10_
1_03_
1_11_
0_04_
0_05_
0count[0]
1count[1]
0count[2]
0count[3]
#8530
0clk
0rst
1_02_
0_10_
1_03_
1_11_
0_04_
0_05_
1count[0]
1count[1]
0count[2]
0count[3]
#8531
0clk
0rst
0_02_
1_10_
0_03_
1_11_
1_04_
0_05_
0count[0]
0count[1]
1count[2]
0count[3]
#8532
0clk
0rst
1_02_
0_10_
0_03_
1_11_
1_04_
0_05_
1count[0]
0count[1]
1count[2]
0count[3]
#8533
0clk
0rst
0_02_
0_10_
1_03_
1_11_
1_04_
0_05_
0count[0]
1count[1]
1count[2]
0count[3]
#8534
0clk
0rst
1_02_
0_10_
1_03_
1_11_
1_04_
0_05_
1count[0]
1count[1]
1count[2]
0count[3]
#8535
0clk
0rst
0_02_
1_10_
0_03_
0_11_
0_04_
1_05_
0count[0]
0count[1]
0count[2]
1count[3]
#8536
0clk
0rst
1_02_
0_10_
0_03_
1_11_
0_04_
1_05_
1count[0]
0count[1]
0count[2]
1count[3]
#8537
0clk
0rst
0_02_
0_10_
1_03_
1_11_
0_04_
1_05_
0count[0]
1count[1]
0count[2]
1count[3]
#8538
0clk
0rst
1_02_
0_10_
1_03_
1_11_
0_04_
1_05_
1count[0]
1count[1]
0count[2]
1count[3]
#8539
0clk
0rst
0_02_
1_10_
0_03_
1_11_
1_04_
1_05_
0count[0]
0count[1]
1count[2]
1count[3]
#8540
0clk
0rst
1_02_
0_10_
0_03_
1_11_
1_04_
1_05_
1count[0]
0count[1]
1count[2]
1count[3]
#8541
0clk
0rst
0_02_
0_10_
1_03_
1_11_
1_04_
1_05_
0count[0]
1count[1]
1count[2]
1count[3]
#8542
0clk
0rst
1_02_
0_10_
1_03_
1_11_
1_04_
1_05_
1count[0]
1count[1]
1count[2]
1count[3]
#8543
0clk
0rst
0_02_
1_10_
0_03_
0_11_
0_04_
0_05_
0count[0]
0count[1]
0count[2]
0count[3]
#8544
0clk
0rst
1_02_
0_10_
0_03_
1_11_
0_04_
0_05_
1count[0]
0count[1]
0count[2]
0count[3]
#8545
0clk
0rst
0_02_
0_10_
1_03_
1_11_
0_04_
0_05_
0count[0]
1count[1]
0count[2]
0count[3]
#8546
0clk
0rst
1_02_
0_10_
1_03_
1_11_
0_04_
0_05_
1count[0]
1count[1]
0count[2]
0count[3]
#8547
0clk
0rst
0_02_
1_10_
0_03_
1_11_
1_04_
0_05_
0count[0]
0count[1]
1count[2]
0count[3]
#8548
0clk
0rst
1_02_
0_10_
0_03_
1_11_
1_04_
0_05_
1count[0]
0count[1]
1count[2]
0count[3]
#8549
0clk
0rst
0_02_
0_10_
1_03_
1_11_
1_04_
0_05_
0count[0]
1count[1]
1count[2]
0count[3]
#8550
0clk
0rst
1_02_
0_10_
1_03_
1_11_
1_04_
0_05_
1count[0]
1count[1]
1count[2]
0count[3]
#8551
0clk
0rst
0_02_
1_10_
0_03_
0_11_
0_04_
1_05_
0count[0]
0count[1]
0count[2]
1count[3]
#8552
0clk
0rst
1_02_
0_10_
0_03_
1_11_
0_04_
1_05_
1count[0]
0count[1]
0count[2]
1count[3]
#8553
0clk
0rst
0_02_
0_10_
1_03_
1_11_
0_04_
1_05_
0count[0]
1count[1]
0count[2]
1count[3]
#8554
0clk
0rst
1_02_
0_10_
1_03_
1_11_
0_04_
1_05_
1count[0]
1count[1]
0count[2]
1count[3]
#8555
0clk
0rst
0_02_
1_10_
0_03_
1_11_
1_04_
1_05_
0count[0]
0count[1]
1count[2]
1count[3]
#8556
0clk
0rst
1_02_
0_10_
0_03_
1_11_
1_04_
1_05_
1count[0]
0count[1]
1count[2]
1count[3]
#8557
0clk
0rst
0_02_
0_10_
1_03_
1_11_
1_04_
1_05_
0count[0]
1count[1]
1count[2]
1count[3]
#8558
0clk
0rst
1_02_
0_10_
1_03_
1_11_
1_04_
1_05_
1count[0]
1count[1]
1count[2]
1count[3]
#8559
0clk
0rst
0_02_
1_10_
0_03_
0_11_
0_04_
0_05_
0count[0]
0count[1]
0count[2]
0count[3]
#8560
0clk
0rst
1_02_
0_10_
0_03_
1_11_
0_04_
0_05_
1count[0]
0count[1]
0count[2]
0count[3]
#8561
0clk
0rst
0_02_
0_10_
1_03_
1_11_
0_04_
0_05_
0count[0]
1count[1]
0count[2]
0count[3]
#8562
0clk
0rst
1_02_
0_10_
1_03_
1_11_
0_04_
0_05_
1count[0]
1count[1]
0count[2]
0count[3]
#8563
0clk
0rst
0_02_
1_10_
0_03_
1_11_
1_04_
0_05_
0count[0]
0count[1]
1count[2]
0count[3]
#8564
0clk
0rst
1_02_
0_10_
0_03_
1_11_
1_04_
0_05_
1count[0]
0count[1]
1count[2]
0count[3]
#8565
0clk
0rst
0_02_
0_10_
1_03_
1_11_
1_04_
0_05_
0count[0]
1count[1]
1count[2]
0count[3]
#8566
0clk
0rst
1_02_
0_10_
1_03_
1_11_
1_04_
0_05_
1count[0]
1count[1]
1count[2]
0count[3]
#8567
0clk
0rst
0_02_
1_10_
0_03_
0_11_
0_04_
1_05_
0count[0]
0count[1]
0count[2]
1count[3]
#8568
0clk
0rst
1_02_
0_10_
0_03_
1_11_
0_04_
1_05_
1count[0]
0count[1]
0count[2]
1count[3]
#8569
0clk
0rst
0_02_
0_10_
1_03_
1_11_
0_04_
1_05_
0count[0]
1count[1]
0count[2]
1count[3]
#8570
0clk
0rst
1_02_
0_10_
1_03_
1_11_
0_04_
1_05_
1count[0]
1count[1]
0count[2]
1count[3]
#8571
0clk
0rst
0_02_
1_10_
0_03_
1_11_
1_04_
1_05_
0count[0]
0count[1]
1count[2]
1count[3]
#8572
0clk
0rst
1_02_
0_10_
0_03_
1_11_
1_04_
1_05_
1count[0]
0count[1]
1count[2]
1count[3]
#8573
0clk
0rst
0_02_
0_10_
1_03_
1_11_
1_04_
1_05_
0count[0]
1count[1]
1count[2]
1count[3]
#8574
0clk
0rst
1_02_
0_10_
1_03_
1_11_
1_04_
1_05_
1count[0]
1count[1]
1count[2]
1count[3]
#8575
0clk
0rst
0_02_
1_10_
0_03_
0_11_
0_04_
0_05_
0count[0]
0count[1]
0count[2]
0count[3]
#8576
0clk
0rst
1_02_
0_10_
0_03_
1_11_
0_04_
0_05_
1count[0]
0count[1]
0count[2]
0count[3]
#8577
0clk
0rst
0_02_
0_10_
1_03_
1_11_
0_04_
0_05_
0count[0]
1count[1]
0count[2]
0count[3]
#8578
0clk
0rst
1_02_
0_10_
1_03_
1_11_
0_04_
0_05_
1count[0]
1count[1]
0count[2]
0count[3]
#8579
0clk
0rst
0_02_
1_10_
0_03_
1_11_
1_04_
0_05_
0count[0]
0count[1]
1count[2]
0count[3]
#8580
0clk
0rst
1_02_
0_10_
0_03_
1_11_
1_04_
0_05_
1count[0]
0count[1]
1count[2]
0count[3]
#8581
0clk
0rst
0_02_
0_10_
1_03_
1_11_
1_04_
0_05_
0count[0]
1count[1]
1count[2]
0count[3]
#8582
0clk
0rst
1_02_
0_10_
1_03_
1_11_
1_04_
0_05_
1count[0]
1count[1]
1count[2]
0count[3]
#8583
0clk
0rst
0_02_
1_10_
0_03_
0_11_
0_04_
1_05_
0count[0]
0count[1]
0count[2]
1count[3]
#8584
0clk
0rst
1_02_
0_10_
0_03_
1_11_
0_04_
1_05_
1count[0]
0count[1]
0count[2]
1count[3]
#8585
0clk
0rst
0_02_
0_10_
1_03_
1_11_
0_04_
1_05_
0count[0]
1count[1]
0count[2]
1count[3]
#8586
0clk
0rst
1_02_
0_10_
1_03_
1_11_
0_04_
1_05_
1count[0]
1count[1]
0count[2]
1count[3]
#8587
0clk
0rst
0_02_
1_10_
0_03_
1_11_
1_04_
1_05_
0count[0]
0count[1]
1count[2]
1count[3]
#8588
0clk
0rst
1_02_
0_10_
0_03_
1_11_
1_04_
1_05_
1count[0]
0count[1]
1count[2]
1count[3]
#8589
0clk
0rst
0_02_
0_10_
1_03_
1_11_
1_04_
1_05_
0count[0]
1count[1]
1count[2]
1count[3]
#8590
0clk
0rst
1_02_
0_10_
1_03_
1_11_
1_04_
1_05_
1count[0]
1count[1]
1count[2]
1count[3]
#8591
0clk
0rst
0_02_
1_10_
0_03_
0_11_
0_04_
0_05_
0count[0]
0count[1]
0count[2]
0count[3]
#8592
0clk
0rst
1_02_
0_10_
0_03_
1_11_
0_04_
0_05_
1count[0]
0count[1]
0count[2]
0count[3]
#8593
0clk
0rst
0_02_
0_10_
1_03_
1_11_
0_04_
0_05_
0count[0]
1count[1]
0count[2]
0count[3]
#8594
0clk
0rst
1_02_
0_10_
1_03_
1_11_
0_04_
0_05_
1count[0]
1count[1]
0count[2]
0count[3]
#8595
0clk
0rst
0_02_
1_10_
0_03_
1_11_
1_04_
0_05_
0count[0]
0count[1]
1count[2]
0count[3]
#8596
0clk
0rst
1_02_
0_10_
0_03_
1_11_
1_04_
0_05_
1count[0]
0count[1]
1count[2]
0count[3]
#8597
0clk
0rst
0_02_
0_10_
1_03_
1_11_
1_04_
0_05_
0count[0]
1count[1]
1count[2]
0count[3]
#8598
0clk
0rst
1_02_
0_10_
1_03_
1_11_
1_04_
0_05_
1count[0]
1count[1]
1count[2]
0count[3]
#8599
0clk
0rst
0_02_
1_10_
0_03_
0_11_
0_04_
1_05_
0count[0]
0count[1]
0count[2]
1count[3]
#8600
0clk
0rst
1_02_
0_10_
0_03_
1_11_
0_04_
1_05_
1count[0]
0count[1]
0count[2]
1count[3]
#8601
0clk
0rst
0_02_
0_10_
1_03_
1_11_
0_04_
1_05_
0count[0]
1count[1]
0count[2]
1count[3]
#8602
0clk
0rst
1_02_
0_10_
1_03_
1_11_
0_04_
1_05_
1count[0]
1count[1]
0count[2]
1count[3]
#8603
0clk
0rst
0_02_
1_10_
0_03_
1_11_
1_04_
1_05_
0count[0]
0count[1]
1count[2]
1count[3]
#8604
0clk
0rst
1_02_
0_10_
0_03_
1_11_
1_04_
1_05_
1count[0]
0count[1]
1count[2]
1count[3]
#8605
0clk
0rst
0_02_
0_10_
1_03_
1_11_
1_04_
1_05_
0count[0]
1count[1]
1count[2]
1count[3]
#8606
0clk
0rst
1_02_
0_10_
1_03_
1_11_
1_04_
1_05_
1count[0]
1count[1]
1count[2]
1count[3]
#8607
0clk
0rst
0_02_
1_10_
0_03_
0_11_
0_04_
0_05_
0count[0]
0count[1]
0count[2]
0count[3]
#8608
0clk
0rst
1_02_
0_10_
0_03_
1_11_
0_04_
0_05_
1count[0]
0count[1]
0count[2]
0count[3]
#8609
0clk
0rst
0_02_
0_10_
1_03_
1_11_
0_04_
0_05_
0count[0]
1count[1]
0count[2]
0count[3]
#8610
0clk
0rst
1_02_
0_10_
1_03_
1_11_
0_04_
0_05_
1count[0]
1count[1]
0count[2]
0count[3]
#8611
0clk
0rst
0_02_
1_10_
0_03_
1_11_
1_04_
0_05_
0count[0]
0count[1]
1count[2]
0count[3]
#8612
0clk
0rst
1_02_
0_10_
0_03_
1_11_
1_04_
0_05_
1count[0]
0count[1]
1count[2]
0count[3]
#8613
0clk
0rst
0_02_
0_10_
1_03_
1_11_
1_04_
0_05_
0count[0]
1count[1]
1count[2]
0count[3]
#8614
0clk
0rst
1_02_
0_10_
1_03_
1_11_
1_04_
0_05_
1count[0]
1count[1]
1count[2]
0count[3]
#8615
0clk
0rst
0_02_
1_10_
0_03_
0_11_
0_04_
1_05_
0count[0]
0count[1]
0count[2]
1count[3]
#8616
0clk
0rst
1_02_
0_10_
0_03_
1_11_
0_04_
1_05_
1count[0]
0count[1]
0count[2]
1count[3]
#8617
0clk
0rst
0_02_
0_10_
1_03_
1_11_
0_04_
1_05_
0count[0]
1count[1]
0count[2]
1count[3]
#8618
0clk
0rst
1_02_
0_10_
1_03_
1_11_
0_04_
1_05_
1count[0]
1count[1]
0count[2]
1count[3]
#8619
0clk
0rst
0_02_
1_10_
0_03_
1_11_
1_04_
1_05_
0count[0]
0count[1]
1count[2]
1count[3]
#8620
0clk
0rst
1_02_
0_10_
0_03_
1_11_
1_04_
1_05_
1count[0]
0count[1]
1count[2]
1count[3]
#8621
0clk
0rst
0_02_
0_10_
1_03_
1_11_
1_04_
1_05_
0count[0]
1count[1]
1count[2]
1count[3]
#8622
0clk
0rst
1_02_
0_10_
1_03_
1_11_
1_04_
1_05_
1count[0]
1count[1]
1count[2]
1count[3]
#8623
0clk
0rst
0_02_
1_10_
0_03_
0_11_
0_04_
0_05_
0count[0]
0count[1]
0count[2]
0count[3]
#8624
0clk
0rst
1_02_
0_10_
0_03_
1_11_
0_04_
0_05_
1count[0]
0count[1]
0count[2]
0count[3]
#8625
0clk
0rst
0_02_
0_10_
1_03_
1_11_
0_04_
0_05_
0count[0]
1count[1]
0count[2]
0count[3]
#8626
0clk
0rst
1_02_
0_10_
1_03_
1_11_
0_04_
0_05_
1count[0]
1count[1]
0count[2]
0count[3]
#8627
0clk
0rst
0_02_
1_10_
0_03_
1_11_
1_04_
0_05_
0count[0]
0count[1]
1count[2]
0count[3]
#8628
0clk
0rst
1_02_
0_10_
0_03_
1_11_
1_04_
0_05_
1count[0]
0count[1]
1count[2]
0count[3]
#8629
0clk
0rst
0_02_
0_10_
1_03_
1_11_
1_04_
0_05_
0count[0]
1count[1]
1count[2]
0count[3]
#8630
0clk
0rst
1_02_
0_10_
1_03_
1_11_
1_04_
0_05_
1count[0]
1count[1]
1count[2]
0count[3]
#8631
0clk
0rst
0_02_
1_10_
0_03_
0_11_
0_04_
1_05_
0count[0]
0count[1]
0count[2]
1count[3]
#8632
0clk
0rst
1_02_
0_10_
0_03_
1_11_
0_04_
1_05_
1count[0]
0count[1]
0count[2]
1count[3]
#8633
0clk
0rst
0_02_
0_10_
1_03_
1_11_
0_04_
1_05_
0count[0]
1count[1]
0count[2]
1count[3]
#8634
0clk
0rst
1_02_
0_10_
1_03_
1_11_
0_04_
1_05_
1count[0]
1count[1]
0count[2]
1count[3]
#8635
0clk
0rst
0_02_
1_10_
0_03_
1_11_
1_04_
1_05_
0count[0]
0count[1]
1count[2]
1count[3]
#8636
0clk
0rst
1_02_
0_10_
0_03_
1_11_
1_04_
1_05_
1count[0]
0count[1]
1count[2]
1count[3]
#8637
0clk
0rst
0_02_
0_10_
1_03_
1_11_
1_04_
1_05_
0count[0]
1count[1]
1count[2]
1count[3]
#8638
0clk
0rst
1_02_
0_10_
1_03_
1_11_
1_04_
1_05_
1count[0]
1count[1]
1count[2]
1count[3]
#8639
0clk
0rst
0_02_
1_10_
0_03_
0_11_
0_04_
0_05_
0count[0]
0count[1]
0count[2]
0count[3]
#8640
0clk
0rst
1_02_
0_10_
0_03_
1_11_
0_04_
0_05_
1count[0]
0count[1]
0count[2]
0count[3]
#8641
0clk
0rst
0_02_
0_10_
1_03_
1_11_
0_04_
0_05_
0count[0]
1count[1]
0count[2]
0count[3]
#8642
0clk
0rst
1_02_
0_10_
1_03_
1_11_
0_04_
0_05_
1count[0]
1count[1]
0count[2]
0count[3]
#8643
0clk
0rst
0_02_
1_10_
0_03_
1_11_
1_04_
0_05_
0count[0]
0count[1]
1count[2]
0count[3]
#8644
0clk
0rst
1_02_
0_10_
0_03_
1_11_
1_04_
0_05_
1count[0]
0count[1]
1count[2]
0count[3]
#8645
0clk
0rst
0_02_
0_10_
1_03_
1_11_
1_04_
0_05_
0count[0]
1count[1]
1count[2]
0count[3]
#8646
0clk
0rst
1_02_
0_10_
1_03_
1_11_
1_04_
0_05_
1count[0]
1count[1]
1count[2]
0count[3]
#8647
0clk
0rst
0_02_
1_10_
0_03_
0_11_
0_04_
1_05_
0count[0]
0count[1]
0count[2]
1count[3]
#8648
0clk
0rst
1_02_
0_10_
0_03_
1_11_
0_04_
1_05_
1count[0]
0count[1]
0count[2]
1count[3]
#8649
0clk
0rst
0_02_
0_10_
1_03_
1_11_
0_04_
1_05_
0count[0]
1count[1]
0count[2]
1count[3]
#8650
0clk
0rst
1_02_
0_10_
1_03_
1_11_
0_04_
1_05_
1count[0]
1count[1]
0count[2]
1count[3]
#8651
0clk
0rst
0_02_
1_10_
0_03_
1_11_
1_04_
1_05_
0count[0]
0count[1]
1count[2]
1count[3]
#8652
0clk
0rst
1_02_
0_10_
0_03_
1_11_
1_04_
1_05_
1count[0]
0count[1]
1count[2]
1count[3]
#8653
0clk
0rst
0_02_
0_10_
1_03_
1_11_
1_04_
1_05_
0count[0]
1count[1]
1count[2]
1count[3]
#8654
0clk
0rst
1_02_
0_10_
1_03_
1_11_
1_04_
1_05_
1count[0]
1count[1]
1count[2]
1count[3]
#8655
0clk
0rst
0_02_
1_10_
0_03_
0_11_
0_04_
0_05_
0count[0]
0count[1]
0count[2]
0count[3]
#8656
0clk
0rst
1_02_
0_10_
0_03_
1_11_
0_04_
0_05_
1count[0]
0count[1]
0count[2]
0count[3]
#8657
0clk
0rst
0_02_
0_10_
1_03_
1_11_
0_04_
0_05_
0count[0]
1count[1]
0count[2]
0count[3]
#8658
0clk
0rst
1_02_
0_10_
1_03_
1_11_
0_04_
0_05_
1count[0]
1count[1]
0count[2]
0count[3]
#8659
0clk
0rst
0_02_
1_10_
0_03_
1_11_
1_04_
0_05_
0count[0]
0count[1]
1count[2]
0count[3]
#8660
0clk
0rst
1_02_
0_10_
0_03_
1_11_
1_04_
0_05_
1count[0]
0count[1]
1count[2]
0count[3]
#8661
0clk
0rst
0_02_
0_10_
1_03_
1_11_
1_04_
0_05_
0count[0]
1count[1]
1count[2]
0count[3]
#8662
0clk
0rst
1_02_
0_10_
1_03_
1_11_
1_04_
0_05_
1count[0]
1count[1]
1count[2]
0count[3]
#8663
0clk
0rst
0_02_
1_10_
0_03_
0_11_
0_04_
1_05_
0count[0]
0count[1]
0count[2]
1count[3]
#8664
0clk
0rst
1_02_
0_10_
0_03_
1_11_
0_04_
1_05_
1count[0]
0count[1]
0count[2]
1count[3]
#8665
0clk
0rst
0_02_
0_10_
1_03_
1_11_
0_04_
1_05_
0count[0]
1count[1]
0count[2]
1count[3]
#8666
0clk
0rst
1_02_
0_10_
1_03_
1_11_
0_04_
1_05_
1count[0]
1count[1]
0count[2]
1count[3]
#8667
0clk
0rst
0_02_
1_10_
0_03_
1_11_
1_04_
1_05_
0count[0]
0count[1]
1count[2]
1count[3]
#8668
0clk
0rst
1_02_
0_10_
0_03_
1_11_
1_04_
1_05_
1count[0]
0count[1]
1count[2]
1count[3]
#8669
0clk
0rst
0_02_
0_10_
1_03_
1_11_
1_04_
1_05_
0count[0]
1count[1]
1count[2]
1count[3]
#8670
0clk
0rst
1_02_
0_10_
1_03_
1_11_
1_04_
1_05_
1count[0]
1count[1]
1count[2]
1count[3]
#8671
0clk
0rst
0_02_
1_10_
0_03_
0_11_
0_04_
0_05_
0count[0]
0count[1]
0count[2]
0count[3]
#8672
0clk
0rst
1_02_
0_10_
0_03_
1_11_
0_04_
0_05_
1count[0]
0count[1]
0count[2]
0count[3]
#8673
0clk
0rst
0_02_
0_10_
1_03_
1_11_
0_04_
0_05_
0count[0]
1count[1]
0count[2]
0count[3]
#8674
0clk
0rst
1_02_
0_10_
1_03_
1_11_
0_04_
0_05_
1count[0]
1count[1]
0count[2]
0count[3]
#8675
0clk
0rst
0_02_
1_10_
0_03_
1_11_
1_04_
0_05_
0count[0]
0count[1]
1count[2]
0count[3]
#8676
0clk
0rst
1_02_
0_10_
0_03_
1_11_
1_04_
0_05_
1count[0]
0count[1]
1count[2]
0count[3]
#8677
0clk
0rst
0_02_
0_10_
1_03_
1_11_
1_04_
0_05_
0count[0]
1count[1]
1count[2]
0count[3]
#8678
0clk
0rst
1_02_
0_10_
1_03_
1_11_
1_04_
0_05_
1count[0]
1count[1]
1count[2]
0count[3]
#8679
0clk
0rst
0_02_
1_10_
0_03_
0_11_
0_04_
1_05_
0count[0]
0count[1]
0count[2]
1count[3]
#8680
0clk
0rst
1_02_
0_10_
0_03_
1_11_
0_04_
1_05_
1count[0]
0count[1]
0count[2]
1count[3]
#8681
0clk
0rst
0_02_
0_10_
1_03_
1_11_
0_04_
1_05_
0count[0]
1count[1]
0count[2]
1count[3]
#8682
0clk
0rst
1_02_
0_10_
1_03_
1_11_
0_04_
1_05_
1count[0]
1count[1]
0count[2]
1count[3]
#8683
0clk
0rst
0_02_
1_10_
0_03_
1_11_
1_04_
1_05_
0count[0]
0count[1]
1count[2]
1count[3]
#8684
0clk
0rst
1_02_
0_10_
0_03_
1_11_
1_04_
1_05_
1count[0]
0count[1]
1count[2]
1count[3]
#8685
0clk
0rst
0_02_
0_10_
1_03_
1_11_
1_04_
1_05_
0count[0]
1count[1]
1count[2]
1count[3]
#8686
0clk
0rst
1_02_
0_10_
1_03_
1_11_
1_04_
1_05_
1count[0]
1count[1]
1count[2]
1count[3]
#8687
0clk
0rst
0_02_
1_10_
0_03_
0_11_
0_04_
0_05_
0count[0]
0count[1]
0count[2]
0count[3]
#8688
0clk
0rst
1_02_
0_10_
0_03_
1_11_
0_04_
0_05_
1count[0]
0count[1]
0count[2]
0count[3]
#8689
0clk
0rst
0_02_
0_10_
1_03_
1_11_
0_04_
0_05_
0count[0]
1count[1]
0count[2]
0count[3]
#8690
0clk
0rst
1_02_
0_10_
1_03_
1_11_
0_04_
0_05_
1count[0]
1count[1]
0count[2]
0count[3]
#8691
0clk
0rst
0_02_
1_10_
0_03_
1_11_
1_04_
0_05_
0count[0]
0count[1]
1count[2]
0count[3]
#8692
0clk
0rst
1_02_
0_10_
0_03_
1_11_
1_04_
0_05_
1count[0]
0count[1]
1count[2]
0count[3]
#8693
0clk
0rst
0_02_
0_10_
1_03_
1_11_
1_04_
0_05_
0count[0]
1count[1]
1count[2]
0count[3]
#8694
0clk
0rst
1_02_
0_10_
1_03_
1_11_
1_04_
0_05_
1count[0]
1count[1]
1count[2]
0count[3]
#8695
0clk
0rst
0_02_
1_10_
0_03_
0_11_
0_04_
1_05_
0count[0]
0count[1]
0count[2]
1count[3]
#8696
0clk
0rst
1_02_
0_10_
0_03_
1_11_
0_04_
1_05_
1count[0]
0count[1]
0count[2]
1count[3]
#8697
0clk
0rst
0_02_
0_10_
1_03_
1_11_
0_04_
1_05_
0count[0]
1count[1]
0count[2]
1count[3]
#8698
0clk
0rst
1_02_
0_10_
1_03_
1_11_
0_04_
1_05_
1count[0]
1count[1]
0count[2]
1count[3]
#8699
0clk
0rst
0_02_
1_10_
0_03_
1_11_
1_04_
1_05_
0count[0]
0count[1]
1count[2]
1count[3]
#8700
0clk
0rst
1_02_
0_10_
0_03_
1_11_
1_04_
1_05_
1count[0]
0count[1]
1count[2]
1count[3]
#8701
0clk
0rst
0_02_
0_10_
1_03_
1_11_
1_04_
1_05_
0count[0]
1count[1]
1count[2]
1count[3]
#8702
0clk
0rst
1_02_
0_10_
1_03_
1_11_
1_04_
1_05_
1count[0]
1count[1]
1count[2]
1count[3]
#8703
0clk
0rst
0_02_
1_10_
0_03_
0_11_
0_04_
0_05_
0count[0]
0count[1]
0count[2]
0count[3]
#8704
0clk
0rst
1_02_
0_10_
0_03_
1_11_
0_04_
0_05_
1count[0]
0count[1]
0count[2]
0count[3]
#8705
0clk
0rst
0_02_
0_10_
1_03_
1_11_
0_04_
0_05_
0count[0]
1count[1]
0count[2]
0count[3]
#8706
0clk
0rst
1_02_
0_10_
1_03_
1_11_
0_04_
0_05_
1count[0]
1count[1]
0count[2]
0count[3]
#8707
0clk
0rst
0_02_
1_10_
0_03_
1_11_
1_04_
0_05_
0count[0]
0count[1]
1count[2]
0count[3]
#8708
0clk
0rst
1_02_
0_10_
0_03_
1_11_
1_04_
0_05_
1count[0]
0count[1]
1count[2]
0count[3]
#8709
0clk
0rst
0_02_
0_10_
1_03_
1_11_
1_04_
0_05_
0count[0]
1count[1]
1count[2]
0count[3]
#8710
0clk
0rst
1_02_
0_10_
1_03_
1_11_
1_04_
0_05_
1count[0]
1count[1]
1count[2]
0count[3]
#8711
0clk
0rst
0_02_
1_10_
0_03_
0_11_
0_04_
1_05_
0count[0]
0count[1]
0count[2]
1count[3]
#8712
0clk
0rst
1_02_
0_10_
0_03_
1_11_
0_04_
1_05_
1count[0]
0count[1]
0count[2]
1count[3]
#8713
0clk
0rst
0_02_
0_10_
1_03_
1_11_
0_04_
1_05_
0count[0]
1count[1]
0count[2]
1count[3]
#8714
0clk
0rst
1_02_
0_10_
1_03_
1_11_
0_04_
1_05_
1count[0]
1count[1]
0count[2]
1count[3]
#8715
0clk
0rst
0_02_
1_10_
0_03_
1_11_
1_04_
1_05_
0count[0]
0count[1]
1count[2]
1count[3]
#8716
0clk
0rst
1_02_
0_10_
0_03_
1_11_
1_04_
1_05_
1count[0]
0count[1]
1count[2]
1count[3]
#8717
0clk
0rst
0_02_
0_10_
1_03_
1_11_
1_04_
1_05_
0count[0]
1count[1]
1count[2]
1count[3]
#8718
0clk
0rst
1_02_
0_10_
1_03_
1_11_
1_04_
1_05_
1count[0]
1count[1]
1count[2]
1count[3]
#8719
0clk
0rst
0_02_
1_10_
0_03_
0_11_
0_04_
0_05_
0count[0]
0count[1]
0count[2]
0count[3]
#8720
0clk
0rst
1_02_
0_10_
0_03_
1_11_
0_04_
0_05_
1count[0]
0count[1]
0count[2]
0count[3]
#8721
0clk
0rst
0_02_
0_10_
1_03_
1_11_
0_04_
0_05_
0count[0]
1count[1]
0count[2]
0count[3]
#8722
0clk
0rst
1_02_
0_10_
1_03_
1_11_
0_04_
0_05_
1count[0]
1count[1]
0count[2]
0count[3]
#8723
0clk
0rst
0_02_
1_10_
0_03_
1_11_
1_04_
0_05_
0count[0]
0count[1]
1count[2]
0count[3]
#8724
0clk
0rst
1_02_
0_10_
0_03_
1_11_
1_04_
0_05_
1count[0]
0count[1]
1count[2]
0count[3]
#8725
0clk
0rst
0_02_
0_10_
1_03_
1_11_
1_04_
0_05_
0count[0]
1count[1]
1count[2]
0count[3]
#8726
0clk
0rst
1_02_
0_10_
1_03_
1_11_
1_04_
0_05_
1count[0]
1count[1]
1count[2]
0count[3]
#8727
0clk
0rst
0_02_
1_10_
0_03_
0_11_
0_04_
1_05_
0count[0]
0count[1]
0count[2]
1count[3]
#8728
0clk
0rst
1_02_
0_10_
0_03_
1_11_
0_04_
1_05_
1count[0]
0count[1]
0count[2]
1count[3]
#8729
0clk
0rst
0_02_
0_10_
1_03_
1_11_
0_04_
1_05_
0count[0]
1count[1]
0count[2]
1count[3]
#8730
0clk
0rst
1_02_
0_10_
1_03_
1_11_
0_04_
1_05_
1count[0]
1count[1]
0count[2]
1count[3]
#8731
0clk
0rst
0_02_
1_10_
0_03_
1_11_
1_04_
1_05_
0count[0]
0count[1]
1count[2]
1count[3]
#8732
0clk
0rst
1_02_
0_10_
0_03_
1_11_
1_04_
1_05_
1count[0]
0count[1]
1count[2]
1count[3]
#8733
0clk
0rst
0_02_
0_10_
1_03_
1_11_
1_04_
1_05_
0count[0]
1count[1]
1count[2]
1count[3]
#8734
0clk
0rst
1_02_
0_10_
1_03_
1_11_
1_04_
1_05_
1count[0]
1count[1]
1count[2]
1count[3]
#8735
0clk
0rst
0_02_
1_10_
0_03_
0_11_
0_04_
0_05_
0count[0]
0count[1]
0count[2]
0count[3]
#8736
0clk
0rst
1_02_
0_10_
0_03_
1_11_
0_04_
0_05_
1count[0]
0count[1]
0count[2]
0count[3]
#8737
0clk
0rst
0_02_
0_10_
1_03_
1_11_
0_04_
0_05_
0count[0]
1count[1]
0count[2]
0count[3]
#8738
0clk
0rst
1_02_
0_10_
1_03_
1_11_
0_04_
0_05_
1count[0]
1count[1]
0count[2]
0count[3]
#8739
0clk
0rst
0_02_
1_10_
0_03_
1_11_
1_04_
0_05_
0count[0]
0count[1]
1count[2]
0count[3]
#8740
0clk
0rst
1_02_
0_10_
0_03_
1_11_
1_04_
0_05_
1count[0]
0count[1]
1count[2]
0count[3]
#8741
0clk
0rst
0_02_
0_10_
1_03_
1_11_
1_04_
0_05_
0count[0]
1count[1]
1count[2]
0count[3]
#8742
0clk
0rst
1_02_
0_10_
1_03_
1_11_
1_04_
0_05_
1count[0]
1count[1]
1count[2]
0count[3]
#8743
0clk
0rst
0_02_
1_10_
0_03_
0_11_
0_04_
1_05_
0count[0]
0count[1]
0count[2]
1count[3]
#8744
0clk
0rst
1_02_
0_10_
0_03_
1_11_
0_04_
1_05_
1count[0]
0count[1]
0count[2]
1count[3]
#8745
0clk
0rst
0_02_
0_10_
1_03_
1_11_
0_04_
1_05_
0count[0]
1count[1]
0count[2]
1count[3]
#8746
0clk
0rst
1_02_
0_10_
1_03_
1_11_
0_04_
1_05_
1count[0]
1count[1]
0count[2]
1count[3]
#8747
0clk
0rst
0_02_
1_10_
0_03_
1_11_
1_04_
1_05_
0count[0]
0count[1]
1count[2]
1count[3]
#8748
0clk
0rst
1_02_
0_10_
0_03_
1_11_
1_04_
1_05_
1count[0]
0count[1]
1count[2]
1count[3]
#8749
0clk
0rst
0_02_
0_10_
1_03_
1_11_
1_04_
1_05_
0count[0]
1count[1]
1count[2]
1count[3]
#8750
0clk
0rst
1_02_
0_10_
1_03_
1_11_
1_04_
1_05_
1count[0]
1count[1]
1count[2]
1count[3]
#8751
0clk
0rst
0_02_
1_10_
0_03_
0_11_
0_04_
0_05_
0count[0]
0count[1]
0count[2]
0count[3]
#8752
0clk
0rst
1_02_
0_10_
0_03_
1_11_
0_04_
0_05_
1count[0]
0count[1]
0count[2]
0count[3]
#8753
0clk
0rst
0_02_
0_10_
1_03_
1_11_
0_04_
0_05_
0count[0]
1count[1]
0count[2]
0count[3]
#8754
0clk
0rst
1_02_
0_10_
1_03_
1_11_
0_04_
0_05_
1count[0]
1count[1]
0count[2]
0count[3]
#8755
0clk
0rst
0_02_
1_10_
0_03_
1_11_
1_04_
0_05_
0count[0]
0count[1]
1count[2]
0count[3]
#8756
0clk
0rst
1_02_
0_10_
0_03_
1_11_
1_04_
0_05_
1count[0]
0count[1]
1count[2]
0count[3]
#8757
0clk
0rst
0_02_
0_10_
1_03_
1_11_
1_04_
0_05_
0count[0]
1count[1]
1count[2]
0count[3]
#8758
0clk
0rst
1_02_
0_10_
1_03_
1_11_
1_04_
0_05_
1count[0]
1count[1]
1count[2]
0count[3]
#8759
0clk
0rst
0_02_
1_10_
0_03_
0_11_
0_04_
1_05_
0count[0]
0count[1]
0count[2]
1count[3]
#8760
0clk
0rst
1_02_
0_10_
0_03_
1_11_
0_04_
1_05_
1count[0]
0count[1]
0count[2]
1count[3]
#8761
0clk
0rst
0_02_
0_10_
1_03_
1_11_
0_04_
1_05_
0count[0]
1count[1]
0count[2]
1count[3]
#8762
0clk
0rst
1_02_
0_10_
1_03_
1_11_
0_04_
1_05_
1count[0]
1count[1]
0count[2]
1count[3]
#8763
0clk
0rst
0_02_
1_10_
0_03_
1_11_
1_04_
1_05_
0count[0]
0count[1]
1count[2]
1count[3]
#8764
0clk
0rst
1_02_
0_10_
0_03_
1_11_
1_04_
1_05_
1count[0]
0count[1]
1count[2]
1count[3]
#8765
0clk
0rst
0_02_
0_10_
1_03_
1_11_
1_04_
1_05_
0count[0]
1count[1]
1count[2]
1count[3]
#8766
0clk
0rst
1_02_
0_10_
1_03_
1_11_
1_04_
1_05_
1count[0]
1count[1]
1count[2]
1count[3]
#8767
0clk
0rst
0_02_
1_10_
0_03_
0_11_
0_04_
0_05_
0count[0]
0count[1]
0count[2]
0count[3]
#8768
0clk
0rst
1_02_
0_10_
0_03_
1_11_
0_04_
0_05_
1count[0]
0count[1]
0count[2]
0count[3]
#8769
0clk
0rst
0_02_
0_10_
1_03_
1_11_
0_04_
0_05_
0count[0]
1count[1]
0count[2]
0count[3]
#8770
0clk
0rst
1_02_
0_10_
1_03_
1_11_
0_04_
0_05_
1count[0]
1count[1]
0count[2]
0count[3]
#8771
0clk
0rst
0_02_
1_10_
0_03_
1_11_
1_04_
0_05_
0count[0]
0count[1]
1count[2]
0count[3]
#8772
0clk
0rst
1_02_
0_10_
0_03_
1_11_
1_04_
0_05_
1count[0]
0count[1]
1count[2]
0count[3]
#8773
0clk
0rst
0_02_
0_10_
1_03_
1_11_
1_04_
0_05_
0count[0]
1count[1]
1count[2]
0count[3]
#8774
0clk
0rst
1_02_
0_10_
1_03_
1_11_
1_04_
0_05_
1count[0]
1count[1]
1count[2]
0count[3]
#8775
0clk
0rst
0_02_
1_10_
0_03_
0_11_
0_04_
1_05_
0count[0]
0count[1]
0count[2]
1count[3]
#8776
0clk
0rst
1_02_
0_10_
0_03_
1_11_
0_04_
1_05_
1count[0]
0count[1]
0count[2]
1count[3]
#8777
0clk
0rst
0_02_
0_10_
1_03_
1_11_
0_04_
1_05_
0count[0]
1count[1]
0count[2]
1count[3]
#8778
0clk
0rst
1_02_
0_10_
1_03_
1_11_
0_04_
1_05_
1count[0]
1count[1]
0count[2]
1count[3]
#8779
0clk
0rst
0_02_
1_10_
0_03_
1_11_
1_04_
1_05_
0count[0]
0count[1]
1count[2]
1count[3]
#8780
0clk
0rst
1_02_
0_10_
0_03_
1_11_
1_04_
1_05_
1count[0]
0count[1]
1count[2]
1count[3]
#8781
0clk
0rst
0_02_
0_10_
1_03_
1_11_
1_04_
1_05_
0count[0]
1count[1]
1count[2]
1count[3]
#8782
0clk
0rst
1_02_
0_10_
1_03_
1_11_
1_04_
1_05_
1count[0]
1count[1]
1count[2]
1count[3]
#8783
0clk
0rst
0_02_
1_10_
0_03_
0_11_
0_04_
0_05_
0count[0]
0count[1]
0count[2]
0count[3]
#8784
0clk
0rst
1_02_
0_10_
0_03_
1_11_
0_04_
0_05_
1count[0]
0count[1]
0count[2]
0count[3]
#8785
0clk
0rst
0_02_
0_10_
1_03_
1_11_
0_04_
0_05_
0count[0]
1count[1]
0count[2]
0count[3]
#8786
0clk
0rst
1_02_
0_10_
1_03_
1_11_
0_04_
0_05_
1count[0]
1count[1]
0count[2]
0count[3]
#8787
0clk
0rst
0_02_
1_10_
0_03_
1_11_
1_04_
0_05_
0count[0]
0count[1]
1count[2]
0count[3]
#8788
0clk
0rst
1_02_
0_10_
0_03_
1_11_
1_04_
0_05_
1count[0]
0count[1]
1count[2]
0count[3]
#8789
0clk
0rst
0_02_
0_10_
1_03_
1_11_
1_04_
0_05_
0count[0]
1count[1]
1count[2]
0count[3]
#8790
0clk
0rst
1_02_
0_10_
1_03_
1_11_
1_04_
0_05_
1count[0]
1count[1]
1count[2]
0count[3]
#8791
0clk
0rst
0_02_
1_10_
0_03_
0_11_
0_04_
1_05_
0count[0]
0count[1]
0count[2]
1count[3]
#8792
0clk
0rst
1_02_
0_10_
0_03_
1_11_
0_04_
1_05_
1count[0]
0count[1]
0count[2]
1count[3]
#8793
0clk
0rst
0_02_
0_10_
1_03_
1_11_
0_04_
1_05_
0count[0]
1count[1]
0count[2]
1count[3]
#8794
0clk
0rst
1_02_
0_10_
1_03_
1_11_
0_04_
1_05_
1count[0]
1count[1]
0count[2]
1count[3]
#8795
0clk
0rst
0_02_
1_10_
0_03_
1_11_
1_04_
1_05_
0count[0]
0count[1]
1count[2]
1count[3]
#8796
0clk
0rst
1_02_
0_10_
0_03_
1_11_
1_04_
1_05_
1count[0]
0count[1]
1count[2]
1count[3]
#8797
0clk
0rst
0_02_
0_10_
1_03_
1_11_
1_04_
1_05_
0count[0]
1count[1]
1count[2]
1count[3]
#8798
0clk
0rst
1_02_
0_10_
1_03_
1_11_
1_04_
1_05_
1count[0]
1count[1]
1count[2]
1count[3]
#8799
0clk
0rst
0_02_
1_10_
0_03_
0_11_
0_04_
0_05_
0count[0]
0count[1]
0count[2]
0count[3]
#8800
0clk
0rst
1_02_
0_10_
0_03_
1_11_
0_04_
0_05_
1count[0]
0count[1]
0count[2]
0count[3]
#8801
0clk
0rst
0_02_
0_10_
1_03_
1_11_
0_04_
0_05_
0count[0]
1count[1]
0count[2]
0count[3]
#8802
0clk
0rst
1_02_
0_10_
1_03_
1_11_
0_04_
0_05_
1count[0]
1count[1]
0count[2]
0count[3]
#8803
0clk
0rst
0_02_
1_10_
0_03_
1_11_
1_04_
0_05_
0count[0]
0count[1]
1count[2]
0count[3]
#8804
0clk
0rst
1_02_
0_10_
0_03_
1_11_
1_04_
0_05_
1count[0]
0count[1]
1count[2]
0count[3]
#8805
0clk
0rst
0_02_
0_10_
1_03_
1_11_
1_04_
0_05_
0count[0]
1count[1]
1count[2]
0count[3]
#8806
0clk
0rst
1_02_
0_10_
1_03_
1_11_
1_04_
0_05_
1count[0]
1count[1]
1count[2]
0count[3]
#8807
0clk
0rst
0_02_
1_10_
0_03_
0_11_
0_04_
1_05_
0count[0]
0count[1]
0count[2]
1count[3]
#8808
0clk
0rst
1_02_
0_10_
0_03_
1_11_
0_04_
1_05_
1count[0]
0count[1]
0count[2]
1count[3]
#8809
0clk
0rst
0_02_
0_10_
1_03_
1_11_
0_04_
1_05_
0count[0]
1count[1]
0count[2]
1count[3]
#8810
0clk
0rst
1_02_
0_10_
1_03_
1_11_
0_04_
1_05_
1count[0]
1count[1]
0count[2]
1count[3]
#8811
0clk
0rst
0_02_
1_10_
0_03_
1_11_
1_04_
1_05_
0count[0]
0count[1]
1count[2]
1count[3]
#8812
0clk
0rst
1_02_
0_10_
0_03_
1_11_
1_04_
1_05_
1count[0]
0count[1]
1count[2]
1count[3]
#8813
0clk
0rst
0_02_
0_10_
1_03_
1_11_
1_04_
1_05_
0count[0]
1count[1]
1count[2]
1count[3]
#8814
0clk
0rst
1_02_
0_10_
1_03_
1_11_
1_04_
1_05_
1count[0]
1count[1]
1count[2]
1count[3]
#8815
0clk
0rst
0_02_
1_10_
0_03_
0_11_
0_04_
0_05_
0count[0]
0count[1]
0count[2]
0count[3]
#8816
0clk
0rst
1_02_
0_10_
0_03_
1_11_
0_04_
0_05_
1count[0]
0count[1]
0count[2]
0count[3]
#8817
0clk
0rst
0_02_
0_10_
1_03_
1_11_
0_04_
0_05_
0count[0]
1count[1]
0count[2]
0count[3]
#8818
0clk
0rst
1_02_
0_10_
1_03_
1_11_
0_04_
0_05_
1count[0]
1count[1]
0count[2]
0count[3]
#8819
0clk
0rst
0_02_
1_10_
0_03_
1_11_
1_04_
0_05_
0count[0]
0count[1]
1count[2]
0count[3]
#8820
0clk
0rst
1_02_
0_10_
0_03_
1_11_
1_04_
0_05_
1count[0]
0count[1]
1count[2]
0count[3]
#8821
0clk
0rst
0_02_
0_10_
1_03_
1_11_
1_04_
0_05_
0count[0]
1count[1]
1count[2]
0count[3]
#8822
0clk
0rst
1_02_
0_10_
1_03_
1_11_
1_04_
0_05_
1count[0]
1count[1]
1count[2]
0count[3]
#8823
0clk
0rst
0_02_
1_10_
0_03_
0_11_
0_04_
1_05_
0count[0]
0count[1]
0count[2]
1count[3]
#8824
0clk
0rst
1_02_
0_10_
0_03_
1_11_
0_04_
1_05_
1count[0]
0count[1]
0count[2]
1count[3]
#8825
0clk
0rst
0_02_
0_10_
1_03_
1_11_
0_04_
1_05_
0count[0]
1count[1]
0count[2]
1count[3]
#8826
0clk
0rst
1_02_
0_10_
1_03_
1_11_
0_04_
1_05_
1count[0]
1count[1]
0count[2]
1count[3]
#8827
0clk
0rst
0_02_
1_10_
0_03_
1_11_
1_04_
1_05_
0count[0]
0count[1]
1count[2]
1count[3]
#8828
0clk
0rst
1_02_
0_10_
0_03_
1_11_
1_04_
1_05_
1count[0]
0count[1]
1count[2]
1count[3]
#8829
0clk
0rst
0_02_
0_10_
1_03_
1_11_
1_04_
1_05_
0count[0]
1count[1]
1count[2]
1count[3]
#8830
0clk
0rst
1_02_
0_10_
1_03_
1_11_
1_04_
1_05_
1count[0]
1count[1]
1count[2]
1count[3]
#8831
0clk
0rst
0_02_
1_10_
0_03_
0_11_
0_04_
0_05_
0count[0]
0count[1]
0count[2]
0count[3]
#8832
0clk
0rst
1_02_
0_10_
0_03_
1_11_
0_04_
0_05_
1count[0]
0count[1]
0count[2]
0count[3]
#8833
0clk
0rst
0_02_
0_10_
1_03_
1_11_
0_04_
0_05_
0count[0]
1count[1]
0count[2]
0count[3]
#8834
0clk
0rst
1_02_
0_10_
1_03_
1_11_
0_04_
0_05_
1count[0]
1count[1]
0count[2]
0count[3]
#8835
0clk
0rst
0_02_
1_10_
0_03_
1_11_
1_04_
0_05_
0count[0]
0count[1]
1count[2]
0count[3]
#8836
0clk
0rst
1_02_
0_10_
0_03_
1_11_
1_04_
0_05_
1count[0]
0count[1]
1count[2]
0count[3]
#8837
0clk
0rst
0_02_
0_10_
1_03_
1_11_
1_04_
0_05_
0count[0]
1count[1]
1count[2]
0count[3]
#8838
0clk
0rst
1_02_
0_10_
1_03_
1_11_
1_04_
0_05_
1count[0]
1count[1]
1count[2]
0count[3]
#8839
0clk
0rst
0_02_
1_10_
0_03_
0_11_
0_04_
1_05_
0count[0]
0count[1]
0count[2]
1count[3]
#8840
0clk
0rst
1_02_
0_10_
0_03_
1_11_
0_04_
1_05_
1count[0]
0count[1]
0count[2]
1count[3]
#8841
0clk
0rst
0_02_
0_10_
1_03_
1_11_
0_04_
1_05_
0count[0]
1count[1]
0count[2]
1count[3]
#8842
0clk
0rst
1_02_
0_10_
1_03_
1_11_
0_04_
1_05_
1count[0]
1count[1]
0count[2]
1count[3]
#8843
0clk
0rst
0_02_
1_10_
0_03_
1_11_
1_04_
1_05_
0count[0]
0count[1]
1count[2]
1count[3]
#8844
0clk
0rst
1_02_
0_10_
0_03_
1_11_
1_04_
1_05_
1count[0]
0count[1]
1count[2]
1count[3]
#8845
0clk
0rst
0_02_
0_10_
1_03_
1_11_
1_04_
1_05_
0count[0]
1count[1]
1count[2]
1count[3]
#8846
0clk
0rst
1_02_
0_10_
1_03_
1_11_
1_04_
1_05_
1count[0]
1count[1]
1count[2]
1count[3]
#8847
0clk
0rst
0_02_
1_10_
0_03_
0_11_
0_04_
0_05_
0count[0]
0count[1]
0count[2]
0count[3]
#8848
0clk
0rst
1_02_
0_10_
0_03_
1_11_
0_04_
0_05_
1count[0]
0count[1]
0count[2]
0count[3]
#8849
0clk
0rst
0_02_
0_10_
1_03_
1_11_
0_04_
0_05_
0count[0]
1count[1]
0count[2]
0count[3]
#8850
0clk
0rst
1_02_
0_10_
1_03_
1_11_
0_04_
0_05_
1count[0]
1count[1]
0count[2]
0count[3]
#8851
0clk
0rst
0_02_
1_10_
0_03_
1_11_
1_04_
0_05_
0count[0]
0count[1]
1count[2]
0count[3]
#8852
0clk
0rst
1_02_
0_10_
0_03_
1_11_
1_04_
0_05_
1count[0]
0count[1]
1count[2]
0count[3]
#8853
0clk
0rst
0_02_
0_10_
1_03_
1_11_
1_04_
0_05_
0count[0]
1count[1]
1count[2]
0count[3]
#8854
0clk
0rst
1_02_
0_10_
1_03_
1_11_
1_04_
0_05_
1count[0]
1count[1]
1count[2]
0count[3]
#8855
0clk
0rst
0_02_
1_10_
0_03_
0_11_
0_04_
1_05_
0count[0]
0count[1]
0count[2]
1count[3]
#8856
0clk
0rst
1_02_
0_10_
0_03_
1_11_
0_04_
1_05_
1count[0]
0count[1]
0count[2]
1count[3]
#8857
0clk
0rst
0_02_
0_10_
1_03_
1_11_
0_04_
1_05_
0count[0]
1count[1]
0count[2]
1count[3]
#8858
0clk
0rst
1_02_
0_10_
1_03_
1_11_
0_04_
1_05_
1count[0]
1count[1]
0count[2]
1count[3]
#8859
0clk
0rst
0_02_
1_10_
0_03_
1_11_
1_04_
1_05_
0count[0]
0count[1]
1count[2]
1count[3]
#8860
0clk
0rst
1_02_
0_10_
0_03_
1_11_
1_04_
1_05_
1count[0]
0count[1]
1count[2]
1count[3]
#8861
0clk
0rst
0_02_
0_10_
1_03_
1_11_
1_04_
1_05_
0count[0]
1count[1]
1count[2]
1count[3]
#8862
0clk
0rst
1_02_
0_10_
1_03_
1_11_
1_04_
1_05_
1count[0]
1count[1]
1count[2]
1count[3]
#8863
0clk
0rst
0_02_
1_10_
0_03_
0_11_
0_04_
0_05_
0count[0]
0count[1]
0count[2]
0count[3]
#8864
0clk
0rst
1_02_
0_10_
0_03_
1_11_
0_04_
0_05_
1count[0]
0count[1]
0count[2]
0count[3]
#8865
0clk
0rst
0_02_
0_10_
1_03_
1_11_
0_04_
0_05_
0count[0]
1count[1]
0count[2]
0count[3]
#8866
0clk
0rst
1_02_
0_10_
1_03_
1_11_
0_04_
0_05_
1count[0]
1count[1]
0count[2]
0count[3]
#8867
0clk
0rst
0_02_
1_10_
0_03_
1_11_
1_04_
0_05_
0count[0]
0count[1]
1count[2]
0count[3]
#8868
0clk
0rst
1_02_
0_10_
0_03_
1_11_
1_04_
0_05_
1count[0]
0count[1]
1count[2]
0count[3]
#8869
0clk
0rst
0_02_
0_10_
1_03_
1_11_
1_04_
0_05_
0count[0]
1count[1]
1count[2]
0count[3]
#8870
0clk
0rst
1_02_
0_10_
1_03_
1_11_
1_04_
0_05_
1count[0]
1count[1]
1count[2]
0count[3]
#8871
0clk
0rst
0_02_
1_10_
0_03_
0_11_
0_04_
1_05_
0count[0]
0count[1]
0count[2]
1count[3]
#8872
0clk
0rst
1_02_
0_10_
0_03_
1_11_
0_04_
1_05_
1count[0]
0count[1]
0count[2]
1count[3]
#8873
0clk
0rst
0_02_
0_10_
1_03_
1_11_
0_04_
1_05_
0count[0]
1count[1]
0count[2]
1count[3]
#8874
0clk
0rst
1_02_
0_10_
1_03_
1_11_
0_04_
1_05_
1count[0]
1count[1]
0count[2]
1count[3]
#8875
0clk
0rst
0_02_
1_10_
0_03_
1_11_
1_04_
1_05_
0count[0]
0count[1]
1count[2]
1count[3]
#8876
0clk
0rst
1_02_
0_10_
0_03_
1_11_
1_04_
1_05_
1count[0]
0count[1]
1count[2]
1count[3]
#8877
0clk
0rst
0_02_
0_10_
1_03_
1_11_
1_04_
1_05_
0count[0]
1count[1]
1count[2]
1count[3]
#8878
0clk
0rst
1_02_
0_10_
1_03_
1_11_
1_04_
1_05_
1count[0]
1count[1]
1count[2]
1count[3]
#8879
0clk
0rst
0_02_
1_10_
0_03_
0_11_
0_04_
0_05_
0count[0]
0count[1]
0count[2]
0count[3]
#8880
0clk
0rst
1_02_
0_10_
0_03_
1_11_
0_04_
0_05_
1count[0]
0count[1]
0count[2]
0count[3]
#8881
0clk
0rst
0_02_
0_10_
1_03_
1_11_
0_04_
0_05_
0count[0]
1count[1]
0count[2]
0count[3]
#8882
0clk
0rst
1_02_
0_10_
1_03_
1_11_
0_04_
0_05_
1count[0]
1count[1]
0count[2]
0count[3]
#8883
0clk
0rst
0_02_
1_10_
0_03_
1_11_
1_04_
0_05_
0count[0]
0count[1]
1count[2]
0count[3]
#8884
0clk
0rst
1_02_
0_10_
0_03_
1_11_
1_04_
0_05_
1count[0]
0count[1]
1count[2]
0count[3]
#8885
0clk
0rst
0_02_
0_10_
1_03_
1_11_
1_04_
0_05_
0count[0]
1count[1]
1count[2]
0count[3]
#8886
0clk
0rst
1_02_
0_10_
1_03_
1_11_
1_04_
0_05_
1count[0]
1count[1]
1count[2]
0count[3]
#8887
0clk
0rst
0_02_
1_10_
0_03_
0_11_
0_04_
1_05_
0count[0]
0count[1]
0count[2]
1count[3]
#8888
0clk
0rst
1_02_
0_10_
0_03_
1_11_
0_04_
1_05_
1count[0]
0count[1]
0count[2]
1count[3]
#8889
0clk
0rst
0_02_
0_10_
1_03_
1_11_
0_04_
1_05_
0count[0]
1count[1]
0count[2]
1count[3]
#8890
0clk
0rst
1_02_
0_10_
1_03_
1_11_
0_04_
1_05_
1count[0]
1count[1]
0count[2]
1count[3]
#8891
0clk
0rst
0_02_
1_10_
0_03_
1_11_
1_04_
1_05_
0count[0]
0count[1]
1count[2]
1count[3]
#8892
0clk
0rst
1_02_
0_10_
0_03_
1_11_
1_04_
1_05_
1count[0]
0count[1]
1count[2]
1count[3]
#8893
0clk
0rst
0_02_
0_10_
1_03_
1_11_
1_04_
1_05_
0count[0]
1count[1]
1count[2]
1count[3]
#8894
0clk
0rst
1_02_
0_10_
1_03_
1_11_
1_04_
1_05_
1count[0]
1count[1]
1count[2]
1count[3]
#8895
0clk
0rst
0_02_
1_10_
0_03_
0_11_
0_04_
0_05_
0count[0]
0count[1]
0count[2]
0count[3]
#8896
0clk
0rst
1_02_
0_10_
0_03_
1_11_
0_04_
0_05_
1count[0]
0count[1]
0count[2]
0count[3]
#8897
0clk
0rst
0_02_
0_10_
1_03_
1_11_
0_04_
0_05_
0count[0]
1count[1]
0count[2]
0count[3]
#8898
0clk
0rst
1_02_
0_10_
1_03_
1_11_
0_04_
0_05_
1count[0]
1count[1]
0count[2]
0count[3]
#8899
0clk
0rst
0_02_
1_10_
0_03_
1_11_
1_04_
0_05_
0count[0]
0count[1]
1count[2]
0count[3]
#8900
0clk
0rst
1_02_
0_10_
0_03_
1_11_
1_04_
0_05_
1count[0]
0count[1]
1count[2]
0count[3]
#8901
0clk
0rst
0_02_
0_10_
1_03_
1_11_
1_04_
0_05_
0count[0]
1count[1]
1count[2]
0count[3]
#8902
0clk
0rst
1_02_
0_10_
1_03_
1_11_
1_04_
0_05_
1count[0]
1count[1]
1count[2]
0count[3]
#8903
0clk
0rst
0_02_
1_10_
0_03_
0_11_
0_04_
1_05_
0count[0]
0count[1]
0count[2]
1count[3]
#8904
0clk
0rst
1_02_
0_10_
0_03_
1_11_
0_04_
1_05_
1count[0]
0count[1]
0count[2]
1count[3]
#8905
0clk
0rst
0_02_
0_10_
1_03_
1_11_
0_04_
1_05_
0count[0]
1count[1]
0count[2]
1count[3]
#8906
0clk
0rst
1_02_
0_10_
1_03_
1_11_
0_04_
1_05_
1count[0]
1count[1]
0count[2]
1count[3]
#8907
0clk
0rst
0_02_
1_10_
0_03_
1_11_
1_04_
1_05_
0count[0]
0count[1]
1count[2]
1count[3]
#8908
0clk
0rst
1_02_
0_10_
0_03_
1_11_
1_04_
1_05_
1count[0]
0count[1]
1count[2]
1count[3]
#8909
0clk
0rst
0_02_
0_10_
1_03_
1_11_
1_04_
1_05_
0count[0]
1count[1]
1count[2]
1count[3]
#8910
0clk
0rst
1_02_
0_10_
1_03_
1_11_
1_04_
1_05_
1count[0]
1count[1]
1count[2]
1count[3]
#8911
0clk
0rst
0_02_
1_10_
0_03_
0_11_
0_04_
0_05_
0count[0]
0count[1]
0count[2]
0count[3]
#8912
0clk
0rst
1_02_
0_10_
0_03_
1_11_
0_04_
0_05_
1count[0]
0count[1]
0count[2]
0count[3]
#8913
0clk
0rst
0_02_
0_10_
1_03_
1_11_
0_04_
0_05_
0count[0]
1count[1]
0count[2]
0count[3]
#8914
0clk
0rst
1_02_
0_10_
1_03_
1_11_
0_04_
0_05_
1count[0]
1count[1]
0count[2]
0count[3]
#8915
0clk
0rst
0_02_
1_10_
0_03_
1_11_
1_04_
0_05_
0count[0]
0count[1]
1count[2]
0count[3]
#8916
0clk
0rst
1_02_
0_10_
0_03_
1_11_
1_04_
0_05_
1count[0]
0count[1]
1count[2]
0count[3]
#8917
0clk
0rst
0_02_
0_10_
1_03_
1_11_
1_04_
0_05_
0count[0]
1count[1]
1count[2]
0count[3]
#8918
0clk
0rst
1_02_
0_10_
1_03_
1_11_
1_04_
0_05_
1count[0]
1count[1]
1count[2]
0count[3]
#8919
0clk
0rst
0_02_
1_10_
0_03_
0_11_
0_04_
1_05_
0count[0]
0count[1]
0count[2]
1count[3]
#8920
0clk
0rst
1_02_
0_10_
0_03_
1_11_
0_04_
1_05_
1count[0]
0count[1]
0count[2]
1count[3]
#8921
0clk
0rst
0_02_
0_10_
1_03_
1_11_
0_04_
1_05_
0count[0]
1count[1]
0count[2]
1count[3]
#8922
0clk
0rst
1_02_
0_10_
1_03_
1_11_
0_04_
1_05_
1count[0]
1count[1]
0count[2]
1count[3]
#8923
0clk
0rst
0_02_
1_10_
0_03_
1_11_
1_04_
1_05_
0count[0]
0count[1]
1count[2]
1count[3]
#8924
0clk
0rst
1_02_
0_10_
0_03_
1_11_
1_04_
1_05_
1count[0]
0count[1]
1count[2]
1count[3]
#8925
0clk
0rst
0_02_
0_10_
1_03_
1_11_
1_04_
1_05_
0count[0]
1count[1]
1count[2]
1count[3]
#8926
0clk
0rst
1_02_
0_10_
1_03_
1_11_
1_04_
1_05_
1count[0]
1count[1]
1count[2]
1count[3]
#8927
0clk
0rst
0_02_
1_10_
0_03_
0_11_
0_04_
0_05_
0count[0]
0count[1]
0count[2]
0count[3]
#8928
0clk
0rst
1_02_
0_10_
0_03_
1_11_
0_04_
0_05_
1count[0]
0count[1]
0count[2]
0count[3]
#8929
0clk
0rst
0_02_
0_10_
1_03_
1_11_
0_04_
0_05_
0count[0]
1count[1]
0count[2]
0count[3]
#8930
0clk
0rst
1_02_
0_10_
1_03_
1_11_
0_04_
0_05_
1count[0]
1count[1]
0count[2]
0count[3]
#8931
0clk
0rst
0_02_
1_10_
0_03_
1_11_
1_04_
0_05_
0count[0]
0count[1]
1count[2]
0count[3]
#8932
0clk
0rst
1_02_
0_10_
0_03_
1_11_
1_04_
0_05_
1count[0]
0count[1]
1count[2]
0count[3]
#8933
0clk
0rst
0_02_
0_10_
1_03_
1_11_
1_04_
0_05_
0count[0]
1count[1]
1count[2]
0count[3]
#8934
0clk
0rst
1_02_
0_10_
1_03_
1_11_
1_04_
0_05_
1count[0]
1count[1]
1count[2]
0count[3]
#8935
0clk
0rst
0_02_
1_10_
0_03_
0_11_
0_04_
1_05_
0count[0]
0count[1]
0count[2]
1count[3]
#8936
0clk
0rst
1_02_
0_10_
0_03_
1_11_
0_04_
1_05_
1count[0]
0count[1]
0count[2]
1count[3]
#8937
0clk
0rst
0_02_
0_10_
1_03_
1_11_
0_04_
1_05_
0count[0]
1count[1]
0count[2]
1count[3]
#8938
0clk
0rst
1_02_
0_10_
1_03_
1_11_
0_04_
1_05_
1count[0]
1count[1]
0count[2]
1count[3]
#8939
0clk
0rst
0_02_
1_10_
0_03_
1_11_
1_04_
1_05_
0count[0]
0count[1]
1count[2]
1count[3]
#8940
0clk
0rst
1_02_
0_10_
0_03_
1_11_
1_04_
1_05_
1count[0]
0count[1]
1count[2]
1count[3]
#8941
0clk
0rst
0_02_
0_10_
1_03_
1_11_
1_04_
1_05_
0count[0]
1count[1]
1count[2]
1count[3]
#8942
0clk
0rst
1_02_
0_10_
1_03_
1_11_
1_04_
1_05_
1count[0]
1count[1]
1count[2]
1count[3]
#8943
0clk
0rst
0_02_
1_10_
0_03_
0_11_
0_04_
0_05_
0count[0]
0count[1]
0count[2]
0count[3]
#8944
0clk
0rst
1_02_
0_10_
0_03_
1_11_
0_04_
0_05_
1count[0]
0count[1]
0count[2]
0count[3]
#8945
0clk
0rst
0_02_
0_10_
1_03_
1_11_
0_04_
0_05_
0count[0]
1count[1]
0count[2]
0count[3]
#8946
0clk
0rst
1_02_
0_10_
1_03_
1_11_
0_04_
0_05_
1count[0]
1count[1]
0count[2]
0count[3]
#8947
0clk
0rst
0_02_
1_10_
0_03_
1_11_
1_04_
0_05_
0count[0]
0count[1]
1count[2]
0count[3]
#8948
0clk
0rst
1_02_
0_10_
0_03_
1_11_
1_04_
0_05_
1count[0]
0count[1]
1count[2]
0count[3]
#8949
0clk
0rst
0_02_
0_10_
1_03_
1_11_
1_04_
0_05_
0count[0]
1count[1]
1count[2]
0count[3]
#8950
0clk
0rst
1_02_
0_10_
1_03_
1_11_
1_04_
0_05_
1count[0]
1count[1]
1count[2]
0count[3]
#8951
0clk
0rst
0_02_
1_10_
0_03_
0_11_
0_04_
1_05_
0count[0]
0count[1]
0count[2]
1count[3]
#8952
0clk
0rst
1_02_
0_10_
0_03_
1_11_
0_04_
1_05_
1count[0]
0count[1]
0count[2]
1count[3]
#8953
0clk
0rst
0_02_
0_10_
1_03_
1_11_
0_04_
1_05_
0count[0]
1count[1]
0count[2]
1count[3]
#8954
0clk
0rst
1_02_
0_10_
1_03_
1_11_
0_04_
1_05_
1count[0]
1count[1]
0count[2]
1count[3]
#8955
0clk
0rst
0_02_
1_10_
0_03_
1_11_
1_04_
1_05_
0count[0]
0count[1]
1count[2]
1count[3]
#8956
0clk
0rst
1_02_
0_10_
0_03_
1_11_
1_04_
1_05_
1count[0]
0count[1]
1count[2]
1count[3]
#8957
0clk
0rst
0_02_
0_10_
1_03_
1_11_
1_04_
1_05_
0count[0]
1count[1]
1count[2]
1count[3]
#8958
0clk
0rst
1_02_
0_10_
1_03_
1_11_
1_04_
1_05_
1count[0]
1count[1]
1count[2]
1count[3]
#8959
0clk
0rst
0_02_
1_10_
0_03_
0_11_
0_04_
0_05_
0count[0]
0count[1]
0count[2]
0count[3]
#8960
0clk
0rst
1_02_
0_10_
0_03_
1_11_
0_04_
0_05_
1count[0]
0count[1]
0count[2]
0count[3]
#8961
0clk
0rst
0_02_
0_10_
1_03_
1_11_
0_04_
0_05_
0count[0]
1count[1]
0count[2]
0count[3]
#8962
0clk
0rst
1_02_
0_10_
1_03_
1_11_
0_04_
0_05_
1count[0]
1count[1]
0count[2]
0count[3]
#8963
0clk
0rst
0_02_
1_10_
0_03_
1_11_
1_04_
0_05_
0count[0]
0count[1]
1count[2]
0count[3]
#8964
0clk
0rst
1_02_
0_10_
0_03_
1_11_
1_04_
0_05_
1count[0]
0count[1]
1count[2]
0count[3]
#8965
0clk
0rst
0_02_
0_10_
1_03_
1_11_
1_04_
0_05_
0count[0]
1count[1]
1count[2]
0count[3]
#8966
0clk
0rst
1_02_
0_10_
1_03_
1_11_
1_04_
0_05_
1count[0]
1count[1]
1count[2]
0count[3]
#8967
0clk
0rst
0_02_
1_10_
0_03_
0_11_
0_04_
1_05_
0count[0]
0count[1]
0count[2]
1count[3]
#8968
0clk
0rst
1_02_
0_10_
0_03_
1_11_
0_04_
1_05_
1count[0]
0count[1]
0count[2]
1count[3]
#8969
0clk
0rst
0_02_
0_10_
1_03_
1_11_
0_04_
1_05_
0count[0]
1count[1]
0count[2]
1count[3]
#8970
0clk
0rst
1_02_
0_10_
1_03_
1_11_
0_04_
1_05_
1count[0]
1count[1]
0count[2]
1count[3]
#8971
0clk
0rst
0_02_
1_10_
0_03_
1_11_
1_04_
1_05_
0count[0]
0count[1]
1count[2]
1count[3]
#8972
0clk
0rst
1_02_
0_10_
0_03_
1_11_
1_04_
1_05_
1count[0]
0count[1]
1count[2]
1count[3]
#8973
0clk
0rst
0_02_
0_10_
1_03_
1_11_
1_04_
1_05_
0count[0]
1count[1]
1count[2]
1count[3]
#8974
0clk
0rst
1_02_
0_10_
1_03_
1_11_
1_04_
1_05_
1count[0]
1count[1]
1count[2]
1count[3]
#8975
0clk
0rst
0_02_
1_10_
0_03_
0_11_
0_04_
0_05_
0count[0]
0count[1]
0count[2]
0count[3]
#8976
0clk
0rst
1_02_
0_10_
0_03_
1_11_
0_04_
0_05_
1count[0]
0count[1]
0count[2]
0count[3]
#8977
0clk
0rst
0_02_
0_10_
1_03_
1_11_
0_04_
0_05_
0count[0]
1count[1]
0count[2]
0count[3]
#8978
0clk
0rst
1_02_
0_10_
1_03_
1_11_
0_04_
0_05_
1count[0]
1count[1]
0count[2]
0count[3]
#8979
0clk
0rst
0_02_
1_10_
0_03_
1_11_
1_04_
0_05_
0count[0]
0count[1]
1count[2]
0count[3]
#8980
0clk
0rst
1_02_
0_10_
0_03_
1_11_
1_04_
0_05_
1count[0]
0count[1]
1count[2]
0count[3]
#8981
0clk
0rst
0_02_
0_10_
1_03_
1_11_
1_04_
0_05_
0count[0]
1count[1]
1count[2]
0count[3]
#8982
0clk
0rst
1_02_
0_10_
1_03_
1_11_
1_04_
0_05_
1count[0]
1count[1]
1count[2]
0count[3]
#8983
0clk
0rst
0_02_
1_10_
0_03_
0_11_
0_04_
1_05_
0count[0]
0count[1]
0count[2]
1count[3]
#8984
0clk
0rst
1_02_
0_10_
0_03_
1_11_
0_04_
1_05_
1count[0]
0count[1]
0count[2]
1count[3]
#8985
0clk
0rst
0_02_
0_10_
1_03_
1_11_
0_04_
1_05_
0count[0]
1count[1]
0count[2]
1count[3]
#8986
0clk
0rst
1_02_
0_10_
1_03_
1_11_
0_04_
1_05_
1count[0]
1count[1]
0count[2]
1count[3]
#8987
0clk
0rst
0_02_
1_10_
0_03_
1_11_
1_04_
1_05_
0count[0]
0count[1]
1count[2]
1count[3]
#8988
0clk
0rst
1_02_
0_10_
0_03_
1_11_
1_04_
1_05_
1count[0]
0count[1]
1count[2]
1count[3]
#8989
0clk
0rst
0_02_
0_10_
1_03_
1_11_
1_04_
1_05_
0count[0]
1count[1]
1count[2]
1count[3]
#8990
0clk
0rst
1_02_
0_10_
1_03_
1_11_
1_04_
1_05_
1count[0]
1count[1]
1count[2]
1count[3]
#8991
0clk
0rst
0_02_
1_10_
0_03_
0_11_
0_04_
0_05_
0count[0]
0count[1]
0count[2]
0count[3]
#8992
0clk
0rst
1_02_
0_10_
0_03_
1_11_
0_04_
0_05_
1count[0]
0count[1]
0count[2]
0count[3]
#8993
0clk
0rst
0_02_
0_10_
1_03_
1_11_
0_04_
0_05_
0count[0]
1count[1]
0count[2]
0count[3]
#8994
0clk
0rst
1_02_
0_10_
1_03_
1_11_
0_04_
0_05_
1count[0]
1count[1]
0count[2]
0count[3]
#8995
0clk
0rst
0_02_
1_10_
0_03_
1_11_
1_04_
0_05_
0count[0]
0count[1]
1count[2]
0count[3]
#8996
0clk
0rst
1_02_
0_10_
0_03_
1_11_
1_04_
0_05_
1count[0]
0count[1]
1count[2]
0count[3]
#8997
0clk
0rst
0_02_
0_10_
1_03_
1_11_
1_04_
0_05_
0count[0]
1count[1]
1count[2]
0count[3]
#8998
0clk
0rst
1_02_
0_10_
1_03_
1_11_
1_04_
0_05_
1count[0]
1count[1]
1count[2]
0count[3]
#8999
0clk
0rst
0_02_
1_10_
0_03_
0_11_
0_04_
1_05_
0count[0]
0count[1]
0count[2]
1count[3]
#9000
0clk
0rst
1_02_
0_10_
0_03_
1_11_
0_04_
1_05_
1count[0]
0count[1]
0count[2]
1count[3]
#9001
0clk
0rst
0_02_
0_10_
1_03_
1_11_
0_04_
1_05_
0count[0]
1count[1]
0count[2]
1count[3]
#9002
0clk
0rst
1_02_
0_10_
1_03_
1_11_
0_04_
1_05_
1count[0]
1count[1]
0count[2]
1count[3]
#9003
0clk
0rst
0_02_
1_10_
0_03_
1_11_
1_04_
1_05_
0count[0]
0count[1]
1count[2]
1count[3]
#9004
0clk
0rst
1_02_
0_10_
0_03_
1_11_
1_04_
1_05_
1count[0]
0count[1]
1count[2]
1count[3]
#9005
0clk
0rst
0_02_
0_10_
1_03_
1_11_
1_04_
1_05_
0count[0]
1count[1]
1count[2]
1count[3]
#9006
0clk
0rst
1_02_
0_10_
1_03_
1_11_
1_04_
1_05_
1count[0]
1count[1]
1count[2]
1count[3]
#9007
0clk
0rst
0_02_
1_10_
0_03_
0_11_
0_04_
0_05_
0count[0]
0count[1]
0count[2]
0count[3]
#9008
0clk
0rst
1_02_
0_10_
0_03_
1_11_
0_04_
0_05_
1count[0]
0count[1]
0count[2]
0count[3]
#9009
0clk
0rst
0_02_
0_10_
1_03_
1_11_
0_04_
0_05_
0count[0]
1count[1]
0count[2]
0count[3]
#9010
0clk
0rst
1_02_
0_10_
1_03_
1_11_
0_04_
0_05_
1count[0]
1count[1]
0count[2]
0count[3]
#9011
0clk
0rst
0_02_
1_10_
0_03_
1_11_
1_04_
0_05_
0count[0]
0count[1]
1count[2]
0count[3]
#9012
0clk
0rst
1_02_
0_10_
0_03_
1_11_
1_04_
0_05_
1count[0]
0count[1]
1count[2]
0count[3]
#9013
0clk
0rst
0_02_
0_10_
1_03_
1_11_
1_04_
0_05_
0count[0]
1count[1]
1count[2]
0count[3]
#9014
0clk
0rst
1_02_
0_10_
1_03_
1_11_
1_04_
0_05_
1count[0]
1count[1]
1count[2]
0count[3]
#9015
0clk
0rst
0_02_
1_10_
0_03_
0_11_
0_04_
1_05_
0count[0]
0count[1]
0count[2]
1count[3]
#9016
0clk
0rst
1_02_
0_10_
0_03_
1_11_
0_04_
1_05_
1count[0]
0count[1]
0count[2]
1count[3]
#9017
0clk
0rst
0_02_
0_10_
1_03_
1_11_
0_04_
1_05_
0count[0]
1count[1]
0count[2]
1count[3]
#9018
0clk
0rst
1_02_
0_10_
1_03_
1_11_
0_04_
1_05_
1count[0]
1count[1]
0count[2]
1count[3]
#9019
0clk
0rst
0_02_
1_10_
0_03_
1_11_
1_04_
1_05_
0count[0]
0count[1]
1count[2]
1count[3]
#9020
0clk
0rst
1_02_
0_10_
0_03_
1_11_
1_04_
1_05_
1count[0]
0count[1]
1count[2]
1count[3]
#9021
0clk
0rst
0_02_
0_10_
1_03_
1_11_
1_04_
1_05_
0count[0]
1count[1]
1count[2]
1count[3]
#9022
0clk
0rst
1_02_
0_10_
1_03_
1_11_
1_04_
1_05_
1count[0]
1count[1]
1count[2]
1count[3]
#9023
0clk
0rst
0_02_
1_10_
0_03_
0_11_
0_04_
0_05_
0count[0]
0count[1]
0count[2]
0count[3]
#9024
0clk
0rst
1_02_
0_10_
0_03_
1_11_
0_04_
0_05_
1count[0]
0count[1]
0count[2]
0count[3]
#9025
0clk
0rst
0_02_
0_10_
1_03_
1_11_
0_04_
0_05_
0count[0]
1count[1]
0count[2]
0count[3]
#9026
0clk
0rst
1_02_
0_10_
1_03_
1_11_
0_04_
0_05_
1count[0]
1count[1]
0count[2]
0count[3]
#9027
0clk
0rst
0_02_
1_10_
0_03_
1_11_
1_04_
0_05_
0count[0]
0count[1]
1count[2]
0count[3]
#9028
0clk
0rst
1_02_
0_10_
0_03_
1_11_
1_04_
0_05_
1count[0]
0count[1]
1count[2]
0count[3]
#9029
0clk
0rst
0_02_
0_10_
1_03_
1_11_
1_04_
0_05_
0count[0]
1count[1]
1count[2]
0count[3]
#9030
0clk
0rst
1_02_
0_10_
1_03_
1_11_
1_04_
0_05_
1count[0]
1count[1]
1count[2]
0count[3]
#9031
0clk
0rst
0_02_
1_10_
0_03_
0_11_
0_04_
1_05_
0count[0]
0count[1]
0count[2]
1count[3]
#9032
0clk
0rst
1_02_
0_10_
0_03_
1_11_
0_04_
1_05_
1count[0]
0count[1]
0count[2]
1count[3]
#9033
0clk
0rst
0_02_
0_10_
1_03_
1_11_
0_04_
1_05_
0count[0]
1count[1]
0count[2]
1count[3]
#9034
0clk
0rst
1_02_
0_10_
1_03_
1_11_
0_04_
1_05_
1count[0]
1count[1]
0count[2]
1count[3]
#9035
0clk
0rst
0_02_
1_10_
0_03_
1_11_
1_04_
1_05_
0count[0]
0count[1]
1count[2]
1count[3]
#9036
0clk
0rst
1_02_
0_10_
0_03_
1_11_
1_04_
1_05_
1count[0]
0count[1]
1count[2]
1count[3]
#9037
0clk
0rst
0_02_
0_10_
1_03_
1_11_
1_04_
1_05_
0count[0]
1count[1]
1count[2]
1count[3]
#9038
0clk
0rst
1_02_
0_10_
1_03_
1_11_
1_04_
1_05_
1count[0]
1count[1]
1count[2]
1count[3]
#9039
0clk
0rst
0_02_
1_10_
0_03_
0_11_
0_04_
0_05_
0count[0]
0count[1]
0count[2]
0count[3]
#9040
0clk
0rst
1_02_
0_10_
0_03_
1_11_
0_04_
0_05_
1count[0]
0count[1]
0count[2]
0count[3]
#9041
0clk
0rst
0_02_
0_10_
1_03_
1_11_
0_04_
0_05_
0count[0]
1count[1]
0count[2]
0count[3]
#9042
0clk
0rst
1_02_
0_10_
1_03_
1_11_
0_04_
0_05_
1count[0]
1count[1]
0count[2]
0count[3]
#9043
0clk
0rst
0_02_
1_10_
0_03_
1_11_
1_04_
0_05_
0count[0]
0count[1]
1count[2]
0count[3]
#9044
0clk
0rst
1_02_
0_10_
0_03_
1_11_
1_04_
0_05_
1count[0]
0count[1]
1count[2]
0count[3]
#9045
0clk
0rst
0_02_
0_10_
1_03_
1_11_
1_04_
0_05_
0count[0]
1count[1]
1count[2]
0count[3]
#9046
0clk
0rst
1_02_
0_10_
1_03_
1_11_
1_04_
0_05_
1count[0]
1count[1]
1count[2]
0count[3]
#9047
0clk
0rst
0_02_
1_10_
0_03_
0_11_
0_04_
1_05_
0count[0]
0count[1]
0count[2]
1count[3]
#9048
0clk
0rst
1_02_
0_10_
0_03_
1_11_
0_04_
1_05_
1count[0]
0count[1]
0count[2]
1count[3]
#9049
0clk
0rst
0_02_
0_10_
1_03_
1_11_
0_04_
1_05_
0count[0]
1count[1]
0count[2]
1count[3]
#9050
0clk
0rst
1_02_
0_10_
1_03_
1_11_
0_04_
1_05_
1count[0]
1count[1]
0count[2]
1count[3]
#9051
0clk
0rst
0_02_
1_10_
0_03_
1_11_
1_04_
1_05_
0count[0]
0count[1]
1count[2]
1count[3]
#9052
0clk
0rst
1_02_
0_10_
0_03_
1_11_
1_04_
1_05_
1count[0]
0count[1]
1count[2]
1count[3]
#9053
0clk
0rst
0_02_
0_10_
1_03_
1_11_
1_04_
1_05_
0count[0]
1count[1]
1count[2]
1count[3]
#9054
0clk
0rst
1_02_
0_10_
1_03_
1_11_
1_04_
1_05_
1count[0]
1count[1]
1count[2]
1count[3]
#9055
0clk
0rst
0_02_
1_10_
0_03_
0_11_
0_04_
0_05_
0count[0]
0count[1]
0count[2]
0count[3]
#9056
0clk
0rst
1_02_
0_10_
0_03_
1_11_
0_04_
0_05_
1count[0]
0count[1]
0count[2]
0count[3]
#9057
0clk
0rst
0_02_
0_10_
1_03_
1_11_
0_04_
0_05_
0count[0]
1count[1]
0count[2]
0count[3]
#9058
0clk
0rst
1_02_
0_10_
1_03_
1_11_
0_04_
0_05_
1count[0]
1count[1]
0count[2]
0count[3]
#9059
0clk
0rst
0_02_
1_10_
0_03_
1_11_
1_04_
0_05_
0count[0]
0count[1]
1count[2]
0count[3]
#9060
0clk
0rst
1_02_
0_10_
0_03_
1_11_
1_04_
0_05_
1count[0]
0count[1]
1count[2]
0count[3]
#9061
0clk
0rst
0_02_
0_10_
1_03_
1_11_
1_04_
0_05_
0count[0]
1count[1]
1count[2]
0count[3]
#9062
0clk
0rst
1_02_
0_10_
1_03_
1_11_
1_04_
0_05_
1count[0]
1count[1]
1count[2]
0count[3]
#9063
0clk
0rst
0_02_
1_10_
0_03_
0_11_
0_04_
1_05_
0count[0]
0count[1]
0count[2]
1count[3]
#9064
0clk
0rst
1_02_
0_10_
0_03_
1_11_
0_04_
1_05_
1count[0]
0count[1]
0count[2]
1count[3]
#9065
0clk
0rst
0_02_
0_10_
1_03_
1_11_
0_04_
1_05_
0count[0]
1count[1]
0count[2]
1count[3]
#9066
0clk
0rst
1_02_
0_10_
1_03_
1_11_
0_04_
1_05_
1count[0]
1count[1]
0count[2]
1count[3]
#9067
0clk
0rst
0_02_
1_10_
0_03_
1_11_
1_04_
1_05_
0count[0]
0count[1]
1count[2]
1count[3]
#9068
0clk
0rst
1_02_
0_10_
0_03_
1_11_
1_04_
1_05_
1count[0]
0count[1]
1count[2]
1count[3]
#9069
0clk
0rst
0_02_
0_10_
1_03_
1_11_
1_04_
1_05_
0count[0]
1count[1]
1count[2]
1count[3]
#9070
0clk
0rst
1_02_
0_10_
1_03_
1_11_
1_04_
1_05_
1count[0]
1count[1]
1count[2]
1count[3]
#9071
0clk
0rst
0_02_
1_10_
0_03_
0_11_
0_04_
0_05_
0count[0]
0count[1]
0count[2]
0count[3]
#9072
0clk
0rst
1_02_
0_10_
0_03_
1_11_
0_04_
0_05_
1count[0]
0count[1]
0count[2]
0count[3]
#9073
0clk
0rst
0_02_
0_10_
1_03_
1_11_
0_04_
0_05_
0count[0]
1count[1]
0count[2]
0count[3]
#9074
0clk
0rst
1_02_
0_10_
1_03_
1_11_
0_04_
0_05_
1count[0]
1count[1]
0count[2]
0count[3]
#9075
0clk
0rst
0_02_
1_10_
0_03_
1_11_
1_04_
0_05_
0count[0]
0count[1]
1count[2]
0count[3]
#9076
0clk
0rst
1_02_
0_10_
0_03_
1_11_
1_04_
0_05_
1count[0]
0count[1]
1count[2]
0count[3]
#9077
0clk
0rst
0_02_
0_10_
1_03_
1_11_
1_04_
0_05_
0count[0]
1count[1]
1count[2]
0count[3]
#9078
0clk
0rst
1_02_
0_10_
1_03_
1_11_
1_04_
0_05_
1count[0]
1count[1]
1count[2]
0count[3]
#9079
0clk
0rst
0_02_
1_10_
0_03_
0_11_
0_04_
1_05_
0count[0]
0count[1]
0count[2]
1count[3]
#9080
0clk
0rst
1_02_
0_10_
0_03_
1_11_
0_04_
1_05_
1count[0]
0count[1]
0count[2]
1count[3]
#9081
0clk
0rst
0_02_
0_10_
1_03_
1_11_
0_04_
1_05_
0count[0]
1count[1]
0count[2]
1count[3]
#9082
0clk
0rst
1_02_
0_10_
1_03_
1_11_
0_04_
1_05_
1count[0]
1count[1]
0count[2]
1count[3]
#9083
0clk
0rst
0_02_
1_10_
0_03_
1_11_
1_04_
1_05_
0count[0]
0count[1]
1count[2]
1count[3]
#9084
0clk
0rst
1_02_
0_10_
0_03_
1_11_
1_04_
1_05_
1count[0]
0count[1]
1count[2]
1count[3]
#9085
0clk
0rst
0_02_
0_10_
1_03_
1_11_
1_04_
1_05_
0count[0]
1count[1]
1count[2]
1count[3]
#9086
0clk
0rst
1_02_
0_10_
1_03_
1_11_
1_04_
1_05_
1count[0]
1count[1]
1count[2]
1count[3]
#9087
0clk
0rst
0_02_
1_10_
0_03_
0_11_
0_04_
0_05_
0count[0]
0count[1]
0count[2]
0count[3]
#9088
0clk
0rst
1_02_
0_10_
0_03_
1_11_
0_04_
0_05_
1count[0]
0count[1]
0count[2]
0count[3]
#9089
0clk
0rst
0_02_
0_10_
1_03_
1_11_
0_04_
0_05_
0count[0]
1count[1]
0count[2]
0count[3]
#9090
0clk
0rst
1_02_
0_10_
1_03_
1_11_
0_04_
0_05_
1count[0]
1count[1]
0count[2]
0count[3]
#9091
0clk
0rst
0_02_
1_10_
0_03_
1_11_
1_04_
0_05_
0count[0]
0count[1]
1count[2]
0count[3]
#9092
0clk
0rst
1_02_
0_10_
0_03_
1_11_
1_04_
0_05_
1count[0]
0count[1]
1count[2]
0count[3]
#9093
0clk
0rst
0_02_
0_10_
1_03_
1_11_
1_04_
0_05_
0count[0]
1count[1]
1count[2]
0count[3]
#9094
0clk
0rst
1_02_
0_10_
1_03_
1_11_
1_04_
0_05_
1count[0]
1count[1]
1count[2]
0count[3]
#9095
0clk
0rst
0_02_
1_10_
0_03_
0_11_
0_04_
1_05_
0count[0]
0count[1]
0count[2]
1count[3]
#9096
0clk
0rst
1_02_
0_10_
0_03_
1_11_
0_04_
1_05_
1count[0]
0count[1]
0count[2]
1count[3]
#9097
0clk
0rst
0_02_
0_10_
1_03_
1_11_
0_04_
1_05_
0count[0]
1count[1]
0count[2]
1count[3]
#9098
0clk
0rst
1_02_
0_10_
1_03_
1_11_
0_04_
1_05_
1count[0]
1count[1]
0count[2]
1count[3]
#9099
0clk
0rst
0_02_
1_10_
0_03_
1_11_
1_04_
1_05_
0count[0]
0count[1]
1count[2]
1count[3]
#9100
0clk
0rst
1_02_
0_10_
0_03_
1_11_
1_04_
1_05_
1count[0]
0count[1]
1count[2]
1count[3]
#9101
0clk
0rst
0_02_
0_10_
1_03_
1_11_
1_04_
1_05_
0count[0]
1count[1]
1count[2]
1count[3]
#9102
0clk
0rst
1_02_
0_10_
1_03_
1_11_
1_04_
1_05_
1count[0]
1count[1]
1count[2]
1count[3]
#9103
0clk
0rst
0_02_
1_10_
0_03_
0_11_
0_04_
0_05_
0count[0]
0count[1]
0count[2]
0count[3]
#9104
0clk
0rst
1_02_
0_10_
0_03_
1_11_
0_04_
0_05_
1count[0]
0count[1]
0count[2]
0count[3]
#9105
0clk
0rst
0_02_
0_10_
1_03_
1_11_
0_04_
0_05_
0count[0]
1count[1]
0count[2]
0count[3]
#9106
0clk
0rst
1_02_
0_10_
1_03_
1_11_
0_04_
0_05_
1count[0]
1count[1]
0count[2]
0count[3]
#9107
0clk
0rst
0_02_
1_10_
0_03_
1_11_
1_04_
0_05_
0count[0]
0count[1]
1count[2]
0count[3]
#9108
0clk
0rst
1_02_
0_10_
0_03_
1_11_
1_04_
0_05_
1count[0]
0count[1]
1count[2]
0count[3]
#9109
0clk
0rst
0_02_
0_10_
1_03_
1_11_
1_04_
0_05_
0count[0]
1count[1]
1count[2]
0count[3]
#9110
0clk
0rst
1_02_
0_10_
1_03_
1_11_
1_04_
0_05_
1count[0]
1count[1]
1count[2]
0count[3]
#9111
0clk
0rst
0_02_
1_10_
0_03_
0_11_
0_04_
1_05_
0count[0]
0count[1]
0count[2]
1count[3]
#9112
0clk
0rst
1_02_
0_10_
0_03_
1_11_
0_04_
1_05_
1count[0]
0count[1]
0count[2]
1count[3]
#9113
0clk
0rst
0_02_
0_10_
1_03_
1_11_
0_04_
1_05_
0count[0]
1count[1]
0count[2]
1count[3]
#9114
0clk
0rst
1_02_
0_10_
1_03_
1_11_
0_04_
1_05_
1count[0]
1count[1]
0count[2]
1count[3]
#9115
0clk
0rst
0_02_
1_10_
0_03_
1_11_
1_04_
1_05_
0count[0]
0count[1]
1count[2]
1count[3]
#9116
0clk
0rst
1_02_
0_10_
0_03_
1_11_
1_04_
1_05_
1count[0]
0count[1]
1count[2]
1count[3]
#9117
0clk
0rst
0_02_
0_10_
1_03_
1_11_
1_04_
1_05_
0count[0]
1count[1]
1count[2]
1count[3]
#9118
0clk
0rst
1_02_
0_10_
1_03_
1_11_
1_04_
1_05_
1count[0]
1count[1]
1count[2]
1count[3]
#9119
0clk
0rst
0_02_
1_10_
0_03_
0_11_
0_04_
0_05_
0count[0]
0count[1]
0count[2]
0count[3]
#9120
0clk
0rst
1_02_
0_10_
0_03_
1_11_
0_04_
0_05_
1count[0]
0count[1]
0count[2]
0count[3]
#9121
0clk
0rst
0_02_
0_10_
1_03_
1_11_
0_04_
0_05_
0count[0]
1count[1]
0count[2]
0count[3]
#9122
0clk
0rst
1_02_
0_10_
1_03_
1_11_
0_04_
0_05_
1count[0]
1count[1]
0count[2]
0count[3]
#9123
0clk
0rst
0_02_
1_10_
0_03_
1_11_
1_04_
0_05_
0count[0]
0count[1]
1count[2]
0count[3]
#9124
0clk
0rst
1_02_
0_10_
0_03_
1_11_
1_04_
0_05_
1count[0]
0count[1]
1count[2]
0count[3]
#9125
0clk
0rst
0_02_
0_10_
1_03_
1_11_
1_04_
0_05_
0count[0]
1count[1]
1count[2]
0count[3]
#9126
0clk
0rst
1_02_
0_10_
1_03_
1_11_
1_04_
0_05_
1count[0]
1count[1]
1count[2]
0count[3]
#9127
0clk
0rst
0_02_
1_10_
0_03_
0_11_
0_04_
1_05_
0count[0]
0count[1]
0count[2]
1count[3]
#9128
0clk
0rst
1_02_
0_10_
0_03_
1_11_
0_04_
1_05_
1count[0]
0count[1]
0count[2]
1count[3]
#9129
0clk
0rst
0_02_
0_10_
1_03_
1_11_
0_04_
1_05_
0count[0]
1count[1]
0count[2]
1count[3]
#9130
0clk
0rst
1_02_
0_10_
1_03_
1_11_
0_04_
1_05_
1count[0]
1count[1]
0count[2]
1count[3]
#9131
0clk
0rst
0_02_
1_10_
0_03_
1_11_
1_04_
1_05_
0count[0]
0count[1]
1count[2]
1count[3]
#9132
0clk
0rst
1_02_
0_10_
0_03_
1_11_
1_04_
1_05_
1count[0]
0count[1]
1count[2]
1count[3]
#9133
0clk
0rst
0_02_
0_10_
1_03_
1_11_
1_04_
1_05_
0count[0]
1count[1]
1count[2]
1count[3]
#9134
0clk
0rst
1_02_
0_10_
1_03_
1_11_
1_04_
1_05_
1count[0]
1count[1]
1count[2]
1count[3]
#9135
0clk
0rst
0_02_
1_10_
0_03_
0_11_
0_04_
0_05_
0count[0]
0count[1]
0count[2]
0count[3]
#9136
0clk
0rst
1_02_
0_10_
0_03_
1_11_
0_04_
0_05_
1count[0]
0count[1]
0count[2]
0count[3]
#9137
0clk
0rst
0_02_
0_10_
1_03_
1_11_
0_04_
0_05_
0count[0]
1count[1]
0count[2]
0count[3]
#9138
0clk
0rst
1_02_
0_10_
1_03_
1_11_
0_04_
0_05_
1count[0]
1count[1]
0count[2]
0count[3]
#9139
0clk
0rst
0_02_
1_10_
0_03_
1_11_
1_04_
0_05_
0count[0]
0count[1]
1count[2]
0count[3]
#9140
0clk
0rst
1_02_
0_10_
0_03_
1_11_
1_04_
0_05_
1count[0]
0count[1]
1count[2]
0count[3]
#9141
0clk
0rst
0_02_
0_10_
1_03_
1_11_
1_04_
0_05_
0count[0]
1count[1]
1count[2]
0count[3]
#9142
0clk
0rst
1_02_
0_10_
1_03_
1_11_
1_04_
0_05_
1count[0]
1count[1]
1count[2]
0count[3]
#9143
0clk
0rst
0_02_
1_10_
0_03_
0_11_
0_04_
1_05_
0count[0]
0count[1]
0count[2]
1count[3]
#9144
0clk
0rst
1_02_
0_10_
0_03_
1_11_
0_04_
1_05_
1count[0]
0count[1]
0count[2]
1count[3]
#9145
0clk
0rst
0_02_
0_10_
1_03_
1_11_
0_04_
1_05_
0count[0]
1count[1]
0count[2]
1count[3]
#9146
0clk
0rst
1_02_
0_10_
1_03_
1_11_
0_04_
1_05_
1count[0]
1count[1]
0count[2]
1count[3]
#9147
0clk
0rst
0_02_
1_10_
0_03_
1_11_
1_04_
1_05_
0count[0]
0count[1]
1count[2]
1count[3]
#9148
0clk
0rst
1_02_
0_10_
0_03_
1_11_
1_04_
1_05_
1count[0]
0count[1]
1count[2]
1count[3]
#9149
0clk
0rst
0_02_
0_10_
1_03_
1_11_
1_04_
1_05_
0count[0]
1count[1]
1count[2]
1count[3]
#9150
0clk
0rst
1_02_
0_10_
1_03_
1_11_
1_04_
1_05_
1count[0]
1count[1]
1count[2]
1count[3]
#9151
0clk
0rst
0_02_
1_10_
0_03_
0_11_
0_04_
0_05_
0count[0]
0count[1]
0count[2]
0count[3]
#9152
0clk
0rst
1_02_
0_10_
0_03_
1_11_
0_04_
0_05_
1count[0]
0count[1]
0count[2]
0count[3]
#9153
0clk
0rst
0_02_
0_10_
1_03_
1_11_
0_04_
0_05_
0count[0]
1count[1]
0count[2]
0count[3]
#9154
0clk
0rst
1_02_
0_10_
1_03_
1_11_
0_04_
0_05_
1count[0]
1count[1]
0count[2]
0count[3]
#9155
0clk
0rst
0_02_
1_10_
0_03_
1_11_
1_04_
0_05_
0count[0]
0count[1]
1count[2]
0count[3]
#9156
0clk
0rst
1_02_
0_10_
0_03_
1_11_
1_04_
0_05_
1count[0]
0count[1]
1count[2]
0count[3]
#9157
0clk
0rst
0_02_
0_10_
1_03_
1_11_
1_04_
0_05_
0count[0]
1count[1]
1count[2]
0count[3]
#9158
0clk
0rst
1_02_
0_10_
1_03_
1_11_
1_04_
0_05_
1count[0]
1count[1]
1count[2]
0count[3]
#9159
0clk
0rst
0_02_
1_10_
0_03_
0_11_
0_04_
1_05_
0count[0]
0count[1]
0count[2]
1count[3]
#9160
0clk
0rst
1_02_
0_10_
0_03_
1_11_
0_04_
1_05_
1count[0]
0count[1]
0count[2]
1count[3]
#9161
0clk
0rst
0_02_
0_10_
1_03_
1_11_
0_04_
1_05_
0count[0]
1count[1]
0count[2]
1count[3]
#9162
0clk
0rst
1_02_
0_10_
1_03_
1_11_
0_04_
1_05_
1count[0]
1count[1]
0count[2]
1count[3]
#9163
0clk
0rst
0_02_
1_10_
0_03_
1_11_
1_04_
1_05_
0count[0]
0count[1]
1count[2]
1count[3]
#9164
0clk
0rst
1_02_
0_10_
0_03_
1_11_
1_04_
1_05_
1count[0]
0count[1]
1count[2]
1count[3]
#9165
0clk
0rst
0_02_
0_10_
1_03_
1_11_
1_04_
1_05_
0count[0]
1count[1]
1count[2]
1count[3]
#9166
0clk
0rst
1_02_
0_10_
1_03_
1_11_
1_04_
1_05_
1count[0]
1count[1]
1count[2]
1count[3]
#9167
0clk
0rst
0_02_
1_10_
0_03_
0_11_
0_04_
0_05_
0count[0]
0count[1]
0count[2]
0count[3]
#9168
0clk
0rst
1_02_
0_10_
0_03_
1_11_
0_04_
0_05_
1count[0]
0count[1]
0count[2]
0count[3]
#9169
0clk
0rst
0_02_
0_10_
1_03_
1_11_
0_04_
0_05_
0count[0]
1count[1]
0count[2]
0count[3]
#9170
0clk
0rst
1_02_
0_10_
1_03_
1_11_
0_04_
0_05_
1count[0]
1count[1]
0count[2]
0count[3]
#9171
0clk
0rst
0_02_
1_10_
0_03_
1_11_
1_04_
0_05_
0count[0]
0count[1]
1count[2]
0count[3]
#9172
0clk
0rst
1_02_
0_10_
0_03_
1_11_
1_04_
0_05_
1count[0]
0count[1]
1count[2]
0count[3]
#9173
0clk
0rst
0_02_
0_10_
1_03_
1_11_
1_04_
0_05_
0count[0]
1count[1]
1count[2]
0count[3]
#9174
0clk
0rst
1_02_
0_10_
1_03_
1_11_
1_04_
0_05_
1count[0]
1count[1]
1count[2]
0count[3]
#9175
0clk
0rst
0_02_
1_10_
0_03_
0_11_
0_04_
1_05_
0count[0]
0count[1]
0count[2]
1count[3]
#9176
0clk
0rst
1_02_
0_10_
0_03_
1_11_
0_04_
1_05_
1count[0]
0count[1]
0count[2]
1count[3]
#9177
0clk
0rst
0_02_
0_10_
1_03_
1_11_
0_04_
1_05_
0count[0]
1count[1]
0count[2]
1count[3]
#9178
0clk
0rst
1_02_
0_10_
1_03_
1_11_
0_04_
1_05_
1count[0]
1count[1]
0count[2]
1count[3]
#9179
0clk
0rst
0_02_
1_10_
0_03_
1_11_
1_04_
1_05_
0count[0]
0count[1]
1count[2]
1count[3]
#9180
0clk
0rst
1_02_
0_10_
0_03_
1_11_
1_04_
1_05_
1count[0]
0count[1]
1count[2]
1count[3]
#9181
0clk
0rst
0_02_
0_10_
1_03_
1_11_
1_04_
1_05_
0count[0]
1count[1]
1count[2]
1count[3]
#9182
0clk
0rst
1_02_
0_10_
1_03_
1_11_
1_04_
1_05_
1count[0]
1count[1]
1count[2]
1count[3]
#9183
0clk
0rst
0_02_
1_10_
0_03_
0_11_
0_04_
0_05_
0count[0]
0count[1]
0count[2]
0count[3]
#9184
0clk
0rst
1_02_
0_10_
0_03_
1_11_
0_04_
0_05_
1count[0]
0count[1]
0count[2]
0count[3]
#9185
0clk
0rst
0_02_
0_10_
1_03_
1_11_
0_04_
0_05_
0count[0]
1count[1]
0count[2]
0count[3]
#9186
0clk
0rst
1_02_
0_10_
1_03_
1_11_
0_04_
0_05_
1count[0]
1count[1]
0count[2]
0count[3]
#9187
0clk
0rst
0_02_
1_10_
0_03_
1_11_
1_04_
0_05_
0count[0]
0count[1]
1count[2]
0count[3]
#9188
0clk
0rst
1_02_
0_10_
0_03_
1_11_
1_04_
0_05_
1count[0]
0count[1]
1count[2]
0count[3]
#9189
0clk
0rst
0_02_
0_10_
1_03_
1_11_
1_04_
0_05_
0count[0]
1count[1]
1count[2]
0count[3]
#9190
0clk
0rst
1_02_
0_10_
1_03_
1_11_
1_04_
0_05_
1count[0]
1count[1]
1count[2]
0count[3]
#9191
0clk
0rst
0_02_
1_10_
0_03_
0_11_
0_04_
1_05_
0count[0]
0count[1]
0count[2]
1count[3]
#9192
0clk
0rst
1_02_
0_10_
0_03_
1_11_
0_04_
1_05_
1count[0]
0count[1]
0count[2]
1count[3]
#9193
0clk
0rst
0_02_
0_10_
1_03_
1_11_
0_04_
1_05_
0count[0]
1count[1]
0count[2]
1count[3]
#9194
0clk
0rst
1_02_
0_10_
1_03_
1_11_
0_04_
1_05_
1count[0]
1count[1]
0count[2]
1count[3]
#9195
0clk
0rst
0_02_
1_10_
0_03_
1_11_
1_04_
1_05_
0count[0]
0count[1]
1count[2]
1count[3]
#9196
0clk
0rst
1_02_
0_10_
0_03_
1_11_
1_04_
1_05_
1count[0]
0count[1]
1count[2]
1count[3]
#9197
0clk
0rst
0_02_
0_10_
1_03_
1_11_
1_04_
1_05_
0count[0]
1count[1]
1count[2]
1count[3]
#9198
0clk
0rst
1_02_
0_10_
1_03_
1_11_
1_04_
1_05_
1count[0]
1count[1]
1count[2]
1count[3]
#9199
0clk
0rst
0_02_
1_10_
0_03_
0_11_
0_04_
0_05_
0count[0]
0count[1]
0count[2]
0count[3]
#9200
0clk
0rst
1_02_
0_10_
0_03_
1_11_
0_04_
0_05_
1count[0]
0count[1]
0count[2]
0count[3]
#9201
0clk
0rst
0_02_
0_10_
1_03_
1_11_
0_04_
0_05_
0count[0]
1count[1]
0count[2]
0count[3]
#9202
0clk
0rst
1_02_
0_10_
1_03_
1_11_
0_04_
0_05_
1count[0]
1count[1]
0count[2]
0count[3]
#9203
0clk
0rst
0_02_
1_10_
0_03_
1_11_
1_04_
0_05_
0count[0]
0count[1]
1count[2]
0count[3]
#9204
0clk
0rst
1_02_
0_10_
0_03_
1_11_
1_04_
0_05_
1count[0]
0count[1]
1count[2]
0count[3]
#9205
0clk
0rst
0_02_
0_10_
1_03_
1_11_
1_04_
0_05_
0count[0]
1count[1]
1count[2]
0count[3]
#9206
0clk
0rst
1_02_
0_10_
1_03_
1_11_
1_04_
0_05_
1count[0]
1count[1]
1count[2]
0count[3]
#9207
0clk
0rst
0_02_
1_10_
0_03_
0_11_
0_04_
1_05_
0count[0]
0count[1]
0count[2]
1count[3]
#9208
0clk
0rst
1_02_
0_10_
0_03_
1_11_
0_04_
1_05_
1count[0]
0count[1]
0count[2]
1count[3]
#9209
0clk
0rst
0_02_
0_10_
1_03_
1_11_
0_04_
1_05_
0count[0]
1count[1]
0count[2]
1count[3]
#9210
0clk
0rst
1_02_
0_10_
1_03_
1_11_
0_04_
1_05_
1count[0]
1count[1]
0count[2]
1count[3]
#9211
0clk
0rst
0_02_
1_10_
0_03_
1_11_
1_04_
1_05_
0count[0]
0count[1]
1count[2]
1count[3]
#9212
0clk
0rst
1_02_
0_10_
0_03_
1_11_
1_04_
1_05_
1count[0]
0count[1]
1count[2]
1count[3]
#9213
0clk
0rst
0_02_
0_10_
1_03_
1_11_
1_04_
1_05_
0count[0]
1count[1]
1count[2]
1count[3]
#9214
0clk
0rst
1_02_
0_10_
1_03_
1_11_
1_04_
1_05_
1count[0]
1count[1]
1count[2]
1count[3]
#9215
0clk
0rst
0_02_
1_10_
0_03_
0_11_
0_04_
0_05_
0count[0]
0count[1]
0count[2]
0count[3]
#9216
0clk
0rst
1_02_
0_10_
0_03_
1_11_
0_04_
0_05_
1count[0]
0count[1]
0count[2]
0count[3]
#9217
0clk
0rst
0_02_
0_10_
1_03_
1_11_
0_04_
0_05_
0count[0]
1count[1]
0count[2]
0count[3]
#9218
0clk
0rst
1_02_
0_10_
1_03_
1_11_
0_04_
0_05_
1count[0]
1count[1]
0count[2]
0count[3]
#9219
0clk
0rst
0_02_
1_10_
0_03_
1_11_
1_04_
0_05_
0count[0]
0count[1]
1count[2]
0count[3]
#9220
0clk
0rst
1_02_
0_10_
0_03_
1_11_
1_04_
0_05_
1count[0]
0count[1]
1count[2]
0count[3]
#9221
0clk
0rst
0_02_
0_10_
1_03_
1_11_
1_04_
0_05_
0count[0]
1count[1]
1count[2]
0count[3]
#9222
0clk
0rst
1_02_
0_10_
1_03_
1_11_
1_04_
0_05_
1count[0]
1count[1]
1count[2]
0count[3]
#9223
0clk
0rst
0_02_
1_10_
0_03_
0_11_
0_04_
1_05_
0count[0]
0count[1]
0count[2]
1count[3]
#9224
0clk
0rst
1_02_
0_10_
0_03_
1_11_
0_04_
1_05_
1count[0]
0count[1]
0count[2]
1count[3]
#9225
0clk
0rst
0_02_
0_10_
1_03_
1_11_
0_04_
1_05_
0count[0]
1count[1]
0count[2]
1count[3]
#9226
0clk
0rst
1_02_
0_10_
1_03_
1_11_
0_04_
1_05_
1count[0]
1count[1]
0count[2]
1count[3]
#9227
0clk
0rst
0_02_
1_10_
0_03_
1_11_
1_04_
1_05_
0count[0]
0count[1]
1count[2]
1count[3]
#9228
0clk
0rst
1_02_
0_10_
0_03_
1_11_
1_04_
1_05_
1count[0]
0count[1]
1count[2]
1count[3]
#9229
0clk
0rst
0_02_
0_10_
1_03_
1_11_
1_04_
1_05_
0count[0]
1count[1]
1count[2]
1count[3]
#9230
0clk
0rst
1_02_
0_10_
1_03_
1_11_
1_04_
1_05_
1count[0]
1count[1]
1count[2]
1count[3]
#9231
0clk
0rst
0_02_
1_10_
0_03_
0_11_
0_04_
0_05_
0count[0]
0count[1]
0count[2]
0count[3]
#9232
0clk
0rst
1_02_
0_10_
0_03_
1_11_
0_04_
0_05_
1count[0]
0count[1]
0count[2]
0count[3]
#9233
0clk
0rst
0_02_
0_10_
1_03_
1_11_
0_04_
0_05_
0count[0]
1count[1]
0count[2]
0count[3]
#9234
0clk
0rst
1_02_
0_10_
1_03_
1_11_
0_04_
0_05_
1count[0]
1count[1]
0count[2]
0count[3]
#9235
0clk
0rst
0_02_
1_10_
0_03_
1_11_
1_04_
0_05_
0count[0]
0count[1]
1count[2]
0count[3]
#9236
0clk
0rst
1_02_
0_10_
0_03_
1_11_
1_04_
0_05_
1count[0]
0count[1]
1count[2]
0count[3]
#9237
0clk
0rst
0_02_
0_10_
1_03_
1_11_
1_04_
0_05_
0count[0]
1count[1]
1count[2]
0count[3]
#9238
0clk
0rst
1_02_
0_10_
1_03_
1_11_
1_04_
0_05_
1count[0]
1count[1]
1count[2]
0count[3]
#9239
0clk
0rst
0_02_
1_10_
0_03_
0_11_
0_04_
1_05_
0count[0]
0count[1]
0count[2]
1count[3]
#9240
0clk
0rst
1_02_
0_10_
0_03_
1_11_
0_04_
1_05_
1count[0]
0count[1]
0count[2]
1count[3]
#9241
0clk
0rst
0_02_
0_10_
1_03_
1_11_
0_04_
1_05_
0count[0]
1count[1]
0count[2]
1count[3]
#9242
0clk
0rst
1_02_
0_10_
1_03_
1_11_
0_04_
1_05_
1count[0]
1count[1]
0count[2]
1count[3]
#9243
0clk
0rst
0_02_
1_10_
0_03_
1_11_
1_04_
1_05_
0count[0]
0count[1]
1count[2]
1count[3]
#9244
0clk
0rst
1_02_
0_10_
0_03_
1_11_
1_04_
1_05_
1count[0]
0count[1]
1count[2]
1count[3]
#9245
0clk
0rst
0_02_
0_10_
1_03_
1_11_
1_04_
1_05_
0count[0]
1count[1]
1count[2]
1count[3]
#9246
0clk
0rst
1_02_
0_10_
1_03_
1_11_
1_04_
1_05_
1count[0]
1count[1]
1count[2]
1count[3]
#9247
0clk
0rst
0_02_
1_10_
0_03_
0_11_
0_04_
0_05_
0count[0]
0count[1]
0count[2]
0count[3]
#9248
0clk
0rst
1_02_
0_10_
0_03_
1_11_
0_04_
0_05_
1count[0]
0count[1]
0count[2]
0count[3]
#9249
0clk
0rst
0_02_
0_10_
1_03_
1_11_
0_04_
0_05_
0count[0]
1count[1]
0count[2]
0count[3]
#9250
0clk
0rst
1_02_
0_10_
1_03_
1_11_
0_04_
0_05_
1count[0]
1count[1]
0count[2]
0count[3]
#9251
0clk
0rst
0_02_
1_10_
0_03_
1_11_
1_04_
0_05_
0count[0]
0count[1]
1count[2]
0count[3]
#9252
0clk
0rst
1_02_
0_10_
0_03_
1_11_
1_04_
0_05_
1count[0]
0count[1]
1count[2]
0count[3]
#9253
0clk
0rst
0_02_
0_10_
1_03_
1_11_
1_04_
0_05_
0count[0]
1count[1]
1count[2]
0count[3]
#9254
0clk
0rst
1_02_
0_10_
1_03_
1_11_
1_04_
0_05_
1count[0]
1count[1]
1count[2]
0count[3]
#9255
0clk
0rst
0_02_
1_10_
0_03_
0_11_
0_04_
1_05_
0count[0]
0count[1]
0count[2]
1count[3]
#9256
0clk
0rst
1_02_
0_10_
0_03_
1_11_
0_04_
1_05_
1count[0]
0count[1]
0count[2]
1count[3]
#9257
0clk
0rst
0_02_
0_10_
1_03_
1_11_
0_04_
1_05_
0count[0]
1count[1]
0count[2]
1count[3]
#9258
0clk
0rst
1_02_
0_10_
1_03_
1_11_
0_04_
1_05_
1count[0]
1count[1]
0count[2]
1count[3]
#9259
0clk
0rst
0_02_
1_10_
0_03_
1_11_
1_04_
1_05_
0count[0]
0count[1]
1count[2]
1count[3]
#9260
0clk
0rst
1_02_
0_10_
0_03_
1_11_
1_04_
1_05_
1count[0]
0count[1]
1count[2]
1count[3]
#9261
0clk
0rst
0_02_
0_10_
1_03_
1_11_
1_04_
1_05_
0count[0]
1count[1]
1count[2]
1count[3]
#9262
0clk
0rst
1_02_
0_10_
1_03_
1_11_
1_04_
1_05_
1count[0]
1count[1]
1count[2]
1count[3]
#9263
0clk
0rst
0_02_
1_10_
0_03_
0_11_
0_04_
0_05_
0count[0]
0count[1]
0count[2]
0count[3]
#9264
0clk
0rst
1_02_
0_10_
0_03_
1_11_
0_04_
0_05_
1count[0]
0count[1]
0count[2]
0count[3]
#9265
0clk
0rst
0_02_
0_10_
1_03_
1_11_
0_04_
0_05_
0count[0]
1count[1]
0count[2]
0count[3]
#9266
0clk
0rst
1_02_
0_10_
1_03_
1_11_
0_04_
0_05_
1count[0]
1count[1]
0count[2]
0count[3]
#9267
0clk
0rst
0_02_
1_10_
0_03_
1_11_
1_04_
0_05_
0count[0]
0count[1]
1count[2]
0count[3]
#9268
0clk
0rst
1_02_
0_10_
0_03_
1_11_
1_04_
0_05_
1count[0]
0count[1]
1count[2]
0count[3]
#9269
0clk
0rst
0_02_
0_10_
1_03_
1_11_
1_04_
0_05_
0count[0]
1count[1]
1count[2]
0count[3]
#9270
0clk
0rst
1_02_
0_10_
1_03_
1_11_
1_04_
0_05_
1count[0]
1count[1]
1count[2]
0count[3]
#9271
0clk
0rst
0_02_
1_10_
0_03_
0_11_
0_04_
1_05_
0count[0]
0count[1]
0count[2]
1count[3]
#9272
0clk
0rst
1_02_
0_10_
0_03_
1_11_
0_04_
1_05_
1count[0]
0count[1]
0count[2]
1count[3]
#9273
0clk
0rst
0_02_
0_10_
1_03_
1_11_
0_04_
1_05_
0count[0]
1count[1]
0count[2]
1count[3]
#9274
0clk
0rst
1_02_
0_10_
1_03_
1_11_
0_04_
1_05_
1count[0]
1count[1]
0count[2]
1count[3]
#9275
0clk
0rst
0_02_
1_10_
0_03_
1_11_
1_04_
1_05_
0count[0]
0count[1]
1count[2]
1count[3]
#9276
0clk
0rst
1_02_
0_10_
0_03_
1_11_
1_04_
1_05_
1count[0]
0count[1]
1count[2]
1count[3]
#9277
0clk
0rst
0_02_
0_10_
1_03_
1_11_
1_04_
1_05_
0count[0]
1count[1]
1count[2]
1count[3]
#9278
0clk
0rst
1_02_
0_10_
1_03_
1_11_
1_04_
1_05_
1count[0]
1count[1]
1count[2]
1count[3]
#9279
0clk
0rst
0_02_
1_10_
0_03_
0_11_
0_04_
0_05_
0count[0]
0count[1]
0count[2]
0count[3]
#9280
0clk
0rst
1_02_
0_10_
0_03_
1_11_
0_04_
0_05_
1count[0]
0count[1]
0count[2]
0count[3]
#9281
0clk
0rst
0_02_
0_10_
1_03_
1_11_
0_04_
0_05_
0count[0]
1count[1]
0count[2]
0count[3]
#9282
0clk
0rst
1_02_
0_10_
1_03_
1_11_
0_04_
0_05_
1count[0]
1count[1]
0count[2]
0count[3]
#9283
0clk
0rst
0_02_
1_10_
0_03_
1_11_
1_04_
0_05_
0count[0]
0count[1]
1count[2]
0count[3]
#9284
0clk
0rst
1_02_
0_10_
0_03_
1_11_
1_04_
0_05_
1count[0]
0count[1]
1count[2]
0count[3]
#9285
0clk
0rst
0_02_
0_10_
1_03_
1_11_
1_04_
0_05_
0count[0]
1count[1]
1count[2]
0count[3]
#9286
0clk
0rst
1_02_
0_10_
1_03_
1_11_
1_04_
0_05_
1count[0]
1count[1]
1count[2]
0count[3]
#9287
0clk
0rst
0_02_
1_10_
0_03_
0_11_
0_04_
1_05_
0count[0]
0count[1]
0count[2]
1count[3]
#9288
0clk
0rst
1_02_
0_10_
0_03_
1_11_
0_04_
1_05_
1count[0]
0count[1]
0count[2]
1count[3]
#9289
0clk
0rst
0_02_
0_10_
1_03_
1_11_
0_04_
1_05_
0count[0]
1count[1]
0count[2]
1count[3]
#9290
0clk
0rst
1_02_
0_10_
1_03_
1_11_
0_04_
1_05_
1count[0]
1count[1]
0count[2]
1count[3]
#9291
0clk
0rst
0_02_
1_10_
0_03_
1_11_
1_04_
1_05_
0count[0]
0count[1]
1count[2]
1count[3]
#9292
0clk
0rst
1_02_
0_10_
0_03_
1_11_
1_04_
1_05_
1count[0]
0count[1]
1count[2]
1count[3]
#9293
0clk
0rst
0_02_
0_10_
1_03_
1_11_
1_04_
1_05_
0count[0]
1count[1]
1count[2]
1count[3]
#9294
0clk
0rst
1_02_
0_10_
1_03_
1_11_
1_04_
1_05_
1count[0]
1count[1]
1count[2]
1count[3]
#9295
0clk
0rst
0_02_
1_10_
0_03_
0_11_
0_04_
0_05_
0count[0]
0count[1]
0count[2]
0count[3]
#9296
0clk
0rst
1_02_
0_10_
0_03_
1_11_
0_04_
0_05_
1count[0]
0count[1]
0count[2]
0count[3]
#9297
0clk
0rst
0_02_
0_10_
1_03_
1_11_
0_04_
0_05_
0count[0]
1count[1]
0count[2]
0count[3]
#9298
0clk
0rst
1_02_
0_10_
1_03_
1_11_
0_04_
0_05_
1count[0]
1count[1]
0count[2]
0count[3]
#9299
0clk
0rst
0_02_
1_10_
0_03_
1_11_
1_04_
0_05_
0count[0]
0count[1]
1count[2]
0count[3]
#9300
0clk
0rst
1_02_
0_10_
0_03_
1_11_
1_04_
0_05_
1count[0]
0count[1]
1count[2]
0count[3]
#9301
0clk
0rst
0_02_
0_10_
1_03_
1_11_
1_04_
0_05_
0count[0]
1count[1]
1count[2]
0count[3]
#9302
0clk
0rst
1_02_
0_10_
1_03_
1_11_
1_04_
0_05_
1count[0]
1count[1]
1count[2]
0count[3]
#9303
0clk
0rst
0_02_
1_10_
0_03_
0_11_
0_04_
1_05_
0count[0]
0count[1]
0count[2]
1count[3]
#9304
0clk
0rst
1_02_
0_10_
0_03_
1_11_
0_04_
1_05_
1count[0]
0count[1]
0count[2]
1count[3]
#9305
0clk
0rst
0_02_
0_10_
1_03_
1_11_
0_04_
1_05_
0count[0]
1count[1]
0count[2]
1count[3]
#9306
0clk
0rst
1_02_
0_10_
1_03_
1_11_
0_04_
1_05_
1count[0]
1count[1]
0count[2]
1count[3]
#9307
0clk
0rst
0_02_
1_10_
0_03_
1_11_
1_04_
1_05_
0count[0]
0count[1]
1count[2]
1count[3]
#9308
0clk
0rst
1_02_
0_10_
0_03_
1_11_
1_04_
1_05_
1count[0]
0count[1]
1count[2]
1count[3]
#9309
0clk
0rst
0_02_
0_10_
1_03_
1_11_
1_04_
1_05_
0count[0]
1count[1]
1count[2]
1count[3]
#9310
0clk
0rst
1_02_
0_10_
1_03_
1_11_
1_04_
1_05_
1count[0]
1count[1]
1count[2]
1count[3]
#9311
0clk
0rst
0_02_
1_10_
0_03_
0_11_
0_04_
0_05_
0count[0]
0count[1]
0count[2]
0count[3]
#9312
0clk
0rst
1_02_
0_10_
0_03_
1_11_
0_04_
0_05_
1count[0]
0count[1]
0count[2]
0count[3]
#9313
0clk
0rst
0_02_
0_10_
1_03_
1_11_
0_04_
0_05_
0count[0]
1count[1]
0count[2]
0count[3]
#9314
0clk
0rst
1_02_
0_10_
1_03_
1_11_
0_04_
0_05_
1count[0]
1count[1]
0count[2]
0count[3]
#9315
0clk
0rst
0_02_
1_10_
0_03_
1_11_
1_04_
0_05_
0count[0]
0count[1]
1count[2]
0count[3]
#9316
0clk
0rst
1_02_
0_10_
0_03_
1_11_
1_04_
0_05_
1count[0]
0count[1]
1count[2]
0count[3]
#9317
0clk
0rst
0_02_
0_10_
1_03_
1_11_
1_04_
0_05_
0count[0]
1count[1]
1count[2]
0count[3]
#9318
0clk
0rst
1_02_
0_10_
1_03_
1_11_
1_04_
0_05_
1count[0]
1count[1]
1count[2]
0count[3]
#9319
0clk
0rst
0_02_
1_10_
0_03_
0_11_
0_04_
1_05_
0count[0]
0count[1]
0count[2]
1count[3]
#9320
0clk
0rst
1_02_
0_10_
0_03_
1_11_
0_04_
1_05_
1count[0]
0count[1]
0count[2]
1count[3]
#9321
0clk
0rst
0_02_
0_10_
1_03_
1_11_
0_04_
1_05_
0count[0]
1count[1]
0count[2]
1count[3]
#9322
0clk
0rst
1_02_
0_10_
1_03_
1_11_
0_04_
1_05_
1count[0]
1count[1]
0count[2]
1count[3]
#9323
0clk
0rst
0_02_
1_10_
0_03_
1_11_
1_04_
1_05_
0count[0]
0count[1]
1count[2]
1count[3]
#9324
0clk
0rst
1_02_
0_10_
0_03_
1_11_
1_04_
1_05_
1count[0]
0count[1]
1count[2]
1count[3]
#9325
0clk
0rst
0_02_
0_10_
1_03_
1_11_
1_04_
1_05_
0count[0]
1count[1]
1count[2]
1count[3]
#9326
0clk
0rst
1_02_
0_10_
1_03_
1_11_
1_04_
1_05_
1count[0]
1count[1]
1count[2]
1count[3]
#9327
0clk
0rst
0_02_
1_10_
0_03_
0_11_
0_04_
0_05_
0count[0]
0count[1]
0count[2]
0count[3]
#9328
0clk
0rst
1_02_
0_10_
0_03_
1_11_
0_04_
0_05_
1count[0]
0count[1]
0count[2]
0count[3]
#9329
0clk
0rst
0_02_
0_10_
1_03_
1_11_
0_04_
0_05_
0count[0]
1count[1]
0count[2]
0count[3]
#9330
0clk
0rst
1_02_
0_10_
1_03_
1_11_
0_04_
0_05_
1count[0]
1count[1]
0count[2]
0count[3]
#9331
0clk
0rst
0_02_
1_10_
0_03_
1_11_
1_04_
0_05_
0count[0]
0count[1]
1count[2]
0count[3]
#9332
0clk
0rst
1_02_
0_10_
0_03_
1_11_
1_04_
0_05_
1count[0]
0count[1]
1count[2]
0count[3]
#9333
0clk
0rst
0_02_
0_10_
1_03_
1_11_
1_04_
0_05_
0count[0]
1count[1]
1count[2]
0count[3]
#9334
0clk
0rst
1_02_
0_10_
1_03_
1_11_
1_04_
0_05_
1count[0]
1count[1]
1count[2]
0count[3]
#9335
0clk
0rst
0_02_
1_10_
0_03_
0_11_
0_04_
1_05_
0count[0]
0count[1]
0count[2]
1count[3]
#9336
0clk
0rst
1_02_
0_10_
0_03_
1_11_
0_04_
1_05_
1count[0]
0count[1]
0count[2]
1count[3]
#9337
0clk
0rst
0_02_
0_10_
1_03_
1_11_
0_04_
1_05_
0count[0]
1count[1]
0count[2]
1count[3]
#9338
0clk
0rst
1_02_
0_10_
1_03_
1_11_
0_04_
1_05_
1count[0]
1count[1]
0count[2]
1count[3]
#9339
0clk
0rst
0_02_
1_10_
0_03_
1_11_
1_04_
1_05_
0count[0]
0count[1]
1count[2]
1count[3]
#9340
0clk
0rst
1_02_
0_10_
0_03_
1_11_
1_04_
1_05_
1count[0]
0count[1]
1count[2]
1count[3]
#9341
0clk
0rst
0_02_
0_10_
1_03_
1_11_
1_04_
1_05_
0count[0]
1count[1]
1count[2]
1count[3]
#9342
0clk
0rst
1_02_
0_10_
1_03_
1_11_
1_04_
1_05_
1count[0]
1count[1]
1count[2]
1count[3]
#9343
0clk
0rst
0_02_
1_10_
0_03_
0_11_
0_04_
0_05_
0count[0]
0count[1]
0count[2]
0count[3]
#9344
0clk
0rst
1_02_
0_10_
0_03_
1_11_
0_04_
0_05_
1count[0]
0count[1]
0count[2]
0count[3]
#9345
0clk
0rst
0_02_
0_10_
1_03_
1_11_
0_04_
0_05_
0count[0]
1count[1]
0count[2]
0count[3]
#9346
0clk
0rst
1_02_
0_10_
1_03_
1_11_
0_04_
0_05_
1count[0]
1count[1]
0count[2]
0count[3]
#9347
0clk
0rst
0_02_
1_10_
0_03_
1_11_
1_04_
0_05_
0count[0]
0count[1]
1count[2]
0count[3]
#9348
0clk
0rst
1_02_
0_10_
0_03_
1_11_
1_04_
0_05_
1count[0]
0count[1]
1count[2]
0count[3]
#9349
0clk
0rst
0_02_
0_10_
1_03_
1_11_
1_04_
0_05_
0count[0]
1count[1]
1count[2]
0count[3]
#9350
0clk
0rst
1_02_
0_10_
1_03_
1_11_
1_04_
0_05_
1count[0]
1count[1]
1count[2]
0count[3]
#9351
0clk
0rst
0_02_
1_10_
0_03_
0_11_
0_04_
1_05_
0count[0]
0count[1]
0count[2]
1count[3]
#9352
0clk
0rst
1_02_
0_10_
0_03_
1_11_
0_04_
1_05_
1count[0]
0count[1]
0count[2]
1count[3]
#9353
0clk
0rst
0_02_
0_10_
1_03_
1_11_
0_04_
1_05_
0count[0]
1count[1]
0count[2]
1count[3]
#9354
0clk
0rst
1_02_
0_10_
1_03_
1_11_
0_04_
1_05_
1count[0]
1count[1]
0count[2]
1count[3]
#9355
0clk
0rst
0_02_
1_10_
0_03_
1_11_
1_04_
1_05_
0count[0]
0count[1]
1count[2]
1count[3]
#9356
0clk
0rst
1_02_
0_10_
0_03_
1_11_
1_04_
1_05_
1count[0]
0count[1]
1count[2]
1count[3]
#9357
0clk
0rst
0_02_
0_10_
1_03_
1_11_
1_04_
1_05_
0count[0]
1count[1]
1count[2]
1count[3]
#9358
0clk
0rst
1_02_
0_10_
1_03_
1_11_
1_04_
1_05_
1count[0]
1count[1]
1count[2]
1count[3]
#9359
0clk
0rst
0_02_
1_10_
0_03_
0_11_
0_04_
0_05_
0count[0]
0count[1]
0count[2]
0count[3]
#9360
0clk
0rst
1_02_
0_10_
0_03_
1_11_
0_04_
0_05_
1count[0]
0count[1]
0count[2]
0count[3]
#9361
0clk
0rst
0_02_
0_10_
1_03_
1_11_
0_04_
0_05_
0count[0]
1count[1]
0count[2]
0count[3]
#9362
0clk
0rst
1_02_
0_10_
1_03_
1_11_
0_04_
0_05_
1count[0]
1count[1]
0count[2]
0count[3]
#9363
0clk
0rst
0_02_
1_10_
0_03_
1_11_
1_04_
0_05_
0count[0]
0count[1]
1count[2]
0count[3]
#9364
0clk
0rst
1_02_
0_10_
0_03_
1_11_
1_04_
0_05_
1count[0]
0count[1]
1count[2]
0count[3]
#9365
0clk
0rst
0_02_
0_10_
1_03_
1_11_
1_04_
0_05_
0count[0]
1count[1]
1count[2]
0count[3]
#9366
0clk
0rst
1_02_
0_10_
1_03_
1_11_
1_04_
0_05_
1count[0]
1count[1]
1count[2]
0count[3]
#9367
0clk
0rst
0_02_
1_10_
0_03_
0_11_
0_04_
1_05_
0count[0]
0count[1]
0count[2]
1count[3]
#9368
0clk
0rst
1_02_
0_10_
0_03_
1_11_
0_04_
1_05_
1count[0]
0count[1]
0count[2]
1count[3]
#9369
0clk
0rst
0_02_
0_10_
1_03_
1_11_
0_04_
1_05_
0count[0]
1count[1]
0count[2]
1count[3]
#9370
0clk
0rst
1_02_
0_10_
1_03_
1_11_
0_04_
1_05_
1count[0]
1count[1]
0count[2]
1count[3]
#9371
0clk
0rst
0_02_
1_10_
0_03_
1_11_
1_04_
1_05_
0count[0]
0count[1]
1count[2]
1count[3]
#9372
0clk
0rst
1_02_
0_10_
0_03_
1_11_
1_04_
1_05_
1count[0]
0count[1]
1count[2]
1count[3]
#9373
0clk
0rst
0_02_
0_10_
1_03_
1_11_
1_04_
1_05_
0count[0]
1count[1]
1count[2]
1count[3]
#9374
0clk
0rst
1_02_
0_10_
1_03_
1_11_
1_04_
1_05_
1count[0]
1count[1]
1count[2]
1count[3]
#9375
0clk
0rst
0_02_
1_10_
0_03_
0_11_
0_04_
0_05_
0count[0]
0count[1]
0count[2]
0count[3]
#9376
0clk
0rst
1_02_
0_10_
0_03_
1_11_
0_04_
0_05_
1count[0]
0count[1]
0count[2]
0count[3]
#9377
0clk
0rst
0_02_
0_10_
1_03_
1_11_
0_04_
0_05_
0count[0]
1count[1]
0count[2]
0count[3]
#9378
0clk
0rst
1_02_
0_10_
1_03_
1_11_
0_04_
0_05_
1count[0]
1count[1]
0count[2]
0count[3]
#9379
0clk
0rst
0_02_
1_10_
0_03_
1_11_
1_04_
0_05_
0count[0]
0count[1]
1count[2]
0count[3]
#9380
0clk
0rst
1_02_
0_10_
0_03_
1_11_
1_04_
0_05_
1count[0]
0count[1]
1count[2]
0count[3]
#9381
0clk
0rst
0_02_
0_10_
1_03_
1_11_
1_04_
0_05_
0count[0]
1count[1]
1count[2]
0count[3]
#9382
0clk
0rst
1_02_
0_10_
1_03_
1_11_
1_04_
0_05_
1count[0]
1count[1]
1count[2]
0count[3]
#9383
0clk
0rst
0_02_
1_10_
0_03_
0_11_
0_04_
1_05_
0count[0]
0count[1]
0count[2]
1count[3]
#9384
0clk
0rst
1_02_
0_10_
0_03_
1_11_
0_04_
1_05_
1count[0]
0count[1]
0count[2]
1count[3]
#9385
0clk
0rst
0_02_
0_10_
1_03_
1_11_
0_04_
1_05_
0count[0]
1count[1]
0count[2]
1count[3]
#9386
0clk
0rst
1_02_
0_10_
1_03_
1_11_
0_04_
1_05_
1count[0]
1count[1]
0count[2]
1count[3]
#9387
0clk
0rst
0_02_
1_10_
0_03_
1_11_
1_04_
1_05_
0count[0]
0count[1]
1count[2]
1count[3]
#9388
0clk
0rst
1_02_
0_10_
0_03_
1_11_
1_04_
1_05_
1count[0]
0count[1]
1count[2]
1count[3]
#9389
0clk
0rst
0_02_
0_10_
1_03_
1_11_
1_04_
1_05_
0count[0]
1count[1]
1count[2]
1count[3]
#9390
0clk
0rst
1_02_
0_10_
1_03_
1_11_
1_04_
1_05_
1count[0]
1count[1]
1count[2]
1count[3]
#9391
0clk
0rst
0_02_
1_10_
0_03_
0_11_
0_04_
0_05_
0count[0]
0count[1]
0count[2]
0count[3]
#9392
0clk
0rst
1_02_
0_10_
0_03_
1_11_
0_04_
0_05_
1count[0]
0count[1]
0count[2]
0count[3]
#9393
0clk
0rst
0_02_
0_10_
1_03_
1_11_
0_04_
0_05_
0count[0]
1count[1]
0count[2]
0count[3]
#9394
0clk
0rst
1_02_
0_10_
1_03_
1_11_
0_04_
0_05_
1count[0]
1count[1]
0count[2]
0count[3]
#9395
0clk
0rst
0_02_
1_10_
0_03_
1_11_
1_04_
0_05_
0count[0]
0count[1]
1count[2]
0count[3]
#9396
0clk
0rst
1_02_
0_10_
0_03_
1_11_
1_04_
0_05_
1count[0]
0count[1]
1count[2]
0count[3]
#9397
0clk
0rst
0_02_
0_10_
1_03_
1_11_
1_04_
0_05_
0count[0]
1count[1]
1count[2]
0count[3]
#9398
0clk
0rst
1_02_
0_10_
1_03_
1_11_
1_04_
0_05_
1count[0]
1count[1]
1count[2]
0count[3]
#9399
0clk
0rst
0_02_
1_10_
0_03_
0_11_
0_04_
1_05_
0count[0]
0count[1]
0count[2]
1count[3]
#9400
0clk
0rst
1_02_
0_10_
0_03_
1_11_
0_04_
1_05_
1count[0]
0count[1]
0count[2]
1count[3]
#9401
0clk
0rst
0_02_
0_10_
1_03_
1_11_
0_04_
1_05_
0count[0]
1count[1]
0count[2]
1count[3]
#9402
0clk
0rst
1_02_
0_10_
1_03_
1_11_
0_04_
1_05_
1count[0]
1count[1]
0count[2]
1count[3]
#9403
0clk
0rst
0_02_
1_10_
0_03_
1_11_
1_04_
1_05_
0count[0]
0count[1]
1count[2]
1count[3]
#9404
0clk
0rst
1_02_
0_10_
0_03_
1_11_
1_04_
1_05_
1count[0]
0count[1]
1count[2]
1count[3]
#9405
0clk
0rst
0_02_
0_10_
1_03_
1_11_
1_04_
1_05_
0count[0]
1count[1]
1count[2]
1count[3]
#9406
0clk
0rst
1_02_
0_10_
1_03_
1_11_
1_04_
1_05_
1count[0]
1count[1]
1count[2]
1count[3]
#9407
0clk
0rst
0_02_
1_10_
0_03_
0_11_
0_04_
0_05_
0count[0]
0count[1]
0count[2]
0count[3]
#9408
0clk
0rst
1_02_
0_10_
0_03_
1_11_
0_04_
0_05_
1count[0]
0count[1]
0count[2]
0count[3]
#9409
0clk
0rst
0_02_
0_10_
1_03_
1_11_
0_04_
0_05_
0count[0]
1count[1]
0count[2]
0count[3]
#9410
0clk
0rst
1_02_
0_10_
1_03_
1_11_
0_04_
0_05_
1count[0]
1count[1]
0count[2]
0count[3]
#9411
0clk
0rst
0_02_
1_10_
0_03_
1_11_
1_04_
0_05_
0count[0]
0count[1]
1count[2]
0count[3]
#9412
0clk
0rst
1_02_
0_10_
0_03_
1_11_
1_04_
0_05_
1count[0]
0count[1]
1count[2]
0count[3]
#9413
0clk
0rst
0_02_
0_10_
1_03_
1_11_
1_04_
0_05_
0count[0]
1count[1]
1count[2]
0count[3]
#9414
0clk
0rst
1_02_
0_10_
1_03_
1_11_
1_04_
0_05_
1count[0]
1count[1]
1count[2]
0count[3]
#9415
0clk
0rst
0_02_
1_10_
0_03_
0_11_
0_04_
1_05_
0count[0]
0count[1]
0count[2]
1count[3]
#9416
0clk
0rst
1_02_
0_10_
0_03_
1_11_
0_04_
1_05_
1count[0]
0count[1]
0count[2]
1count[3]
#9417
0clk
0rst
0_02_
0_10_
1_03_
1_11_
0_04_
1_05_
0count[0]
1count[1]
0count[2]
1count[3]
#9418
0clk
0rst
1_02_
0_10_
1_03_
1_11_
0_04_
1_05_
1count[0]
1count[1]
0count[2]
1count[3]
#9419
0clk
0rst
0_02_
1_10_
0_03_
1_11_
1_04_
1_05_
0count[0]
0count[1]
1count[2]
1count[3]
#9420
0clk
0rst
1_02_
0_10_
0_03_
1_11_
1_04_
1_05_
1count[0]
0count[1]
1count[2]
1count[3]
#9421
0clk
0rst
0_02_
0_10_
1_03_
1_11_
1_04_
1_05_
0count[0]
1count[1]
1count[2]
1count[3]
#9422
0clk
0rst
1_02_
0_10_
1_03_
1_11_
1_04_
1_05_
1count[0]
1count[1]
1count[2]
1count[3]
#9423
0clk
0rst
0_02_
1_10_
0_03_
0_11_
0_04_
0_05_
0count[0]
0count[1]
0count[2]
0count[3]
#9424
0clk
0rst
1_02_
0_10_
0_03_
1_11_
0_04_
0_05_
1count[0]
0count[1]
0count[2]
0count[3]
#9425
0clk
0rst
0_02_
0_10_
1_03_
1_11_
0_04_
0_05_
0count[0]
1count[1]
0count[2]
0count[3]
#9426
0clk
0rst
1_02_
0_10_
1_03_
1_11_
0_04_
0_05_
1count[0]
1count[1]
0count[2]
0count[3]
#9427
0clk
0rst
0_02_
1_10_
0_03_
1_11_
1_04_
0_05_
0count[0]
0count[1]
1count[2]
0count[3]
#9428
0clk
0rst
1_02_
0_10_
0_03_
1_11_
1_04_
0_05_
1count[0]
0count[1]
1count[2]
0count[3]
#9429
0clk
0rst
0_02_
0_10_
1_03_
1_11_
1_04_
0_05_
0count[0]
1count[1]
1count[2]
0count[3]
#9430
0clk
0rst
1_02_
0_10_
1_03_
1_11_
1_04_
0_05_
1count[0]
1count[1]
1count[2]
0count[3]
#9431
0clk
0rst
0_02_
1_10_
0_03_
0_11_
0_04_
1_05_
0count[0]
0count[1]
0count[2]
1count[3]
#9432
0clk
0rst
1_02_
0_10_
0_03_
1_11_
0_04_
1_05_
1count[0]
0count[1]
0count[2]
1count[3]
#9433
0clk
0rst
0_02_
0_10_
1_03_
1_11_
0_04_
1_05_
0count[0]
1count[1]
0count[2]
1count[3]
#9434
0clk
0rst
1_02_
0_10_
1_03_
1_11_
0_04_
1_05_
1count[0]
1count[1]
0count[2]
1count[3]
#9435
0clk
0rst
0_02_
1_10_
0_03_
1_11_
1_04_
1_05_
0count[0]
0count[1]
1count[2]
1count[3]
#9436
0clk
0rst
1_02_
0_10_
0_03_
1_11_
1_04_
1_05_
1count[0]
0count[1]
1count[2]
1count[3]
#9437
0clk
0rst
0_02_
0_10_
1_03_
1_11_
1_04_
1_05_
0count[0]
1count[1]
1count[2]
1count[3]
#9438
0clk
0rst
1_02_
0_10_
1_03_
1_11_
1_04_
1_05_
1count[0]
1count[1]
1count[2]
1count[3]
#9439
0clk
0rst
0_02_
1_10_
0_03_
0_11_
0_04_
0_05_
0count[0]
0count[1]
0count[2]
0count[3]
#9440
0clk
0rst
1_02_
0_10_
0_03_
1_11_
0_04_
0_05_
1count[0]
0count[1]
0count[2]
0count[3]
#9441
0clk
0rst
0_02_
0_10_
1_03_
1_11_
0_04_
0_05_
0count[0]
1count[1]
0count[2]
0count[3]
#9442
0clk
0rst
1_02_
0_10_
1_03_
1_11_
0_04_
0_05_
1count[0]
1count[1]
0count[2]
0count[3]
#9443
0clk
0rst
0_02_
1_10_
0_03_
1_11_
1_04_
0_05_
0count[0]
0count[1]
1count[2]
0count[3]
#9444
0clk
0rst
1_02_
0_10_
0_03_
1_11_
1_04_
0_05_
1count[0]
0count[1]
1count[2]
0count[3]
#9445
0clk
0rst
0_02_
0_10_
1_03_
1_11_
1_04_
0_05_
0count[0]
1count[1]
1count[2]
0count[3]
#9446
0clk
0rst
1_02_
0_10_
1_03_
1_11_
1_04_
0_05_
1count[0]
1count[1]
1count[2]
0count[3]
#9447
0clk
0rst
0_02_
1_10_
0_03_
0_11_
0_04_
1_05_
0count[0]
0count[1]
0count[2]
1count[3]
#9448
0clk
0rst
1_02_
0_10_
0_03_
1_11_
0_04_
1_05_
1count[0]
0count[1]
0count[2]
1count[3]
#9449
0clk
0rst
0_02_
0_10_
1_03_
1_11_
0_04_
1_05_
0count[0]
1count[1]
0count[2]
1count[3]
#9450
0clk
0rst
1_02_
0_10_
1_03_
1_11_
0_04_
1_05_
1count[0]
1count[1]
0count[2]
1count[3]
#9451
0clk
0rst
0_02_
1_10_
0_03_
1_11_
1_04_
1_05_
0count[0]
0count[1]
1count[2]
1count[3]
#9452
0clk
0rst
1_02_
0_10_
0_03_
1_11_
1_04_
1_05_
1count[0]
0count[1]
1count[2]
1count[3]
#9453
0clk
0rst
0_02_
0_10_
1_03_
1_11_
1_04_
1_05_
0count[0]
1count[1]
1count[2]
1count[3]
#9454
0clk
0rst
1_02_
0_10_
1_03_
1_11_
1_04_
1_05_
1count[0]
1count[1]
1count[2]
1count[3]
#9455
0clk
0rst
0_02_
1_10_
0_03_
0_11_
0_04_
0_05_
0count[0]
0count[1]
0count[2]
0count[3]
#9456
0clk
0rst
1_02_
0_10_
0_03_
1_11_
0_04_
0_05_
1count[0]
0count[1]
0count[2]
0count[3]
#9457
0clk
0rst
0_02_
0_10_
1_03_
1_11_
0_04_
0_05_
0count[0]
1count[1]
0count[2]
0count[3]
#9458
0clk
0rst
1_02_
0_10_
1_03_
1_11_
0_04_
0_05_
1count[0]
1count[1]
0count[2]
0count[3]
#9459
0clk
0rst
0_02_
1_10_
0_03_
1_11_
1_04_
0_05_
0count[0]
0count[1]
1count[2]
0count[3]
#9460
0clk
0rst
1_02_
0_10_
0_03_
1_11_
1_04_
0_05_
1count[0]
0count[1]
1count[2]
0count[3]
#9461
0clk
0rst
0_02_
0_10_
1_03_
1_11_
1_04_
0_05_
0count[0]
1count[1]
1count[2]
0count[3]
#9462
0clk
0rst
1_02_
0_10_
1_03_
1_11_
1_04_
0_05_
1count[0]
1count[1]
1count[2]
0count[3]
#9463
0clk
0rst
0_02_
1_10_
0_03_
0_11_
0_04_
1_05_
0count[0]
0count[1]
0count[2]
1count[3]
#9464
0clk
0rst
1_02_
0_10_
0_03_
1_11_
0_04_
1_05_
1count[0]
0count[1]
0count[2]
1count[3]
#9465
0clk
0rst
0_02_
0_10_
1_03_
1_11_
0_04_
1_05_
0count[0]
1count[1]
0count[2]
1count[3]
#9466
0clk
0rst
1_02_
0_10_
1_03_
1_11_
0_04_
1_05_
1count[0]
1count[1]
0count[2]
1count[3]
#9467
0clk
0rst
0_02_
1_10_
0_03_
1_11_
1_04_
1_05_
0count[0]
0count[1]
1count[2]
1count[3]
#9468
0clk
0rst
1_02_
0_10_
0_03_
1_11_
1_04_
1_05_
1count[0]
0count[1]
1count[2]
1count[3]
#9469
0clk
0rst
0_02_
0_10_
1_03_
1_11_
1_04_
1_05_
0count[0]
1count[1]
1count[2]
1count[3]
#9470
0clk
0rst
1_02_
0_10_
1_03_
1_11_
1_04_
1_05_
1count[0]
1count[1]
1count[2]
1count[3]
#9471
0clk
0rst
0_02_
1_10_
0_03_
0_11_
0_04_
0_05_
0count[0]
0count[1]
0count[2]
0count[3]
#9472
0clk
0rst
1_02_
0_10_
0_03_
1_11_
0_04_
0_05_
1count[0]
0count[1]
0count[2]
0count[3]
#9473
0clk
0rst
0_02_
0_10_
1_03_
1_11_
0_04_
0_05_
0count[0]
1count[1]
0count[2]
0count[3]
#9474
0clk
0rst
1_02_
0_10_
1_03_
1_11_
0_04_
0_05_
1count[0]
1count[1]
0count[2]
0count[3]
#9475
0clk
0rst
0_02_
1_10_
0_03_
1_11_
1_04_
0_05_
0count[0]
0count[1]
1count[2]
0count[3]
#9476
0clk
0rst
1_02_
0_10_
0_03_
1_11_
1_04_
0_05_
1count[0]
0count[1]
1count[2]
0count[3]
#9477
0clk
0rst
0_02_
0_10_
1_03_
1_11_
1_04_
0_05_
0count[0]
1count[1]
1count[2]
0count[3]
#9478
0clk
0rst
1_02_
0_10_
1_03_
1_11_
1_04_
0_05_
1count[0]
1count[1]
1count[2]
0count[3]
#9479
0clk
0rst
0_02_
1_10_
0_03_
0_11_
0_04_
1_05_
0count[0]
0count[1]
0count[2]
1count[3]
#9480
0clk
0rst
1_02_
0_10_
0_03_
1_11_
0_04_
1_05_
1count[0]
0count[1]
0count[2]
1count[3]
#9481
0clk
0rst
0_02_
0_10_
1_03_
1_11_
0_04_
1_05_
0count[0]
1count[1]
0count[2]
1count[3]
#9482
0clk
0rst
1_02_
0_10_
1_03_
1_11_
0_04_
1_05_
1count[0]
1count[1]
0count[2]
1count[3]
#9483
0clk
0rst
0_02_
1_10_
0_03_
1_11_
1_04_
1_05_
0count[0]
0count[1]
1count[2]
1count[3]
#9484
0clk
0rst
1_02_
0_10_
0_03_
1_11_
1_04_
1_05_
1count[0]
0count[1]
1count[2]
1count[3]
#9485
0clk
0rst
0_02_
0_10_
1_03_
1_11_
1_04_
1_05_
0count[0]
1count[1]
1count[2]
1count[3]
#9486
0clk
0rst
1_02_
0_10_
1_03_
1_11_
1_04_
1_05_
1count[0]
1count[1]
1count[2]
1count[3]
#9487
0clk
0rst
0_02_
1_10_
0_03_
0_11_
0_04_
0_05_
0count[0]
0count[1]
0count[2]
0count[3]
#9488
0clk
0rst
1_02_
0_10_
0_03_
1_11_
0_04_
0_05_
1count[0]
0count[1]
0count[2]
0count[3]
#9489
0clk
0rst
0_02_
0_10_
1_03_
1_11_
0_04_
0_05_
0count[0]
1count[1]
0count[2]
0count[3]
#9490
0clk
0rst
1_02_
0_10_
1_03_
1_11_
0_04_
0_05_
1count[0]
1count[1]
0count[2]
0count[3]
#9491
0clk
0rst
0_02_
1_10_
0_03_
1_11_
1_04_
0_05_
0count[0]
0count[1]
1count[2]
0count[3]
#9492
0clk
0rst
1_02_
0_10_
0_03_
1_11_
1_04_
0_05_
1count[0]
0count[1]
1count[2]
0count[3]
#9493
0clk
0rst
0_02_
0_10_
1_03_
1_11_
1_04_
0_05_
0count[0]
1count[1]
1count[2]
0count[3]
#9494
0clk
0rst
1_02_
0_10_
1_03_
1_11_
1_04_
0_05_
1count[0]
1count[1]
1count[2]
0count[3]
#9495
0clk
0rst
0_02_
1_10_
0_03_
0_11_
0_04_
1_05_
0count[0]
0count[1]
0count[2]
1count[3]
#9496
0clk
0rst
1_02_
0_10_
0_03_
1_11_
0_04_
1_05_
1count[0]
0count[1]
0count[2]
1count[3]
#9497
0clk
0rst
0_02_
0_10_
1_03_
1_11_
0_04_
1_05_
0count[0]
1count[1]
0count[2]
1count[3]
#9498
0clk
0rst
1_02_
0_10_
1_03_
1_11_
0_04_
1_05_
1count[0]
1count[1]
0count[2]
1count[3]
#9499
0clk
0rst
0_02_
1_10_
0_03_
1_11_
1_04_
1_05_
0count[0]
0count[1]
1count[2]
1count[3]
#9500
0clk
0rst
1_02_
0_10_
0_03_
1_11_
1_04_
1_05_
1count[0]
0count[1]
1count[2]
1count[3]
#9501
0clk
0rst
0_02_
0_10_
1_03_
1_11_
1_04_
1_05_
0count[0]
1count[1]
1count[2]
1count[3]
#9502
0clk
0rst
1_02_
0_10_
1_03_
1_11_
1_04_
1_05_
1count[0]
1count[1]
1count[2]
1count[3]
#9503
0clk
0rst
0_02_
1_10_
0_03_
0_11_
0_04_
0_05_
0count[0]
0count[1]
0count[2]
0count[3]
#9504
0clk
0rst
1_02_
0_10_
0_03_
1_11_
0_04_
0_05_
1count[0]
0count[1]
0count[2]
0count[3]
#9505
0clk
0rst
0_02_
0_10_
1_03_
1_11_
0_04_
0_05_
0count[0]
1count[1]
0count[2]
0count[3]
#9506
0clk
0rst
1_02_
0_10_
1_03_
1_11_
0_04_
0_05_
1count[0]
1count[1]
0count[2]
0count[3]
#9507
0clk
0rst
0_02_
1_10_
0_03_
1_11_
1_04_
0_05_
0count[0]
0count[1]
1count[2]
0count[3]
#9508
0clk
0rst
1_02_
0_10_
0_03_
1_11_
1_04_
0_05_
1count[0]
0count[1]
1count[2]
0count[3]
#9509
0clk
0rst
0_02_
0_10_
1_03_
1_11_
1_04_
0_05_
0count[0]
1count[1]
1count[2]
0count[3]
#9510
0clk
0rst
1_02_
0_10_
1_03_
1_11_
1_04_
0_05_
1count[0]
1count[1]
1count[2]
0count[3]
#9511
0clk
0rst
0_02_
1_10_
0_03_
0_11_
0_04_
1_05_
0count[0]
0count[1]
0count[2]
1count[3]
#9512
0clk
0rst
1_02_
0_10_
0_03_
1_11_
0_04_
1_05_
1count[0]
0count[1]
0count[2]
1count[3]
#9513
0clk
0rst
0_02_
0_10_
1_03_
1_11_
0_04_
1_05_
0count[0]
1count[1]
0count[2]
1count[3]
#9514
0clk
0rst
1_02_
0_10_
1_03_
1_11_
0_04_
1_05_
1count[0]
1count[1]
0count[2]
1count[3]
#9515
0clk
0rst
0_02_
1_10_
0_03_
1_11_
1_04_
1_05_
0count[0]
0count[1]
1count[2]
1count[3]
#9516
0clk
0rst
1_02_
0_10_
0_03_
1_11_
1_04_
1_05_
1count[0]
0count[1]
1count[2]
1count[3]
#9517
0clk
0rst
0_02_
0_10_
1_03_
1_11_
1_04_
1_05_
0count[0]
1count[1]
1count[2]
1count[3]
#9518
0clk
0rst
1_02_
0_10_
1_03_
1_11_
1_04_
1_05_
1count[0]
1count[1]
1count[2]
1count[3]
#9519
0clk
0rst
0_02_
1_10_
0_03_
0_11_
0_04_
0_05_
0count[0]
0count[1]
0count[2]
0count[3]
#9520
0clk
0rst
1_02_
0_10_
0_03_
1_11_
0_04_
0_05_
1count[0]
0count[1]
0count[2]
0count[3]
#9521
0clk
0rst
0_02_
0_10_
1_03_
1_11_
0_04_
0_05_
0count[0]
1count[1]
0count[2]
0count[3]
#9522
0clk
0rst
1_02_
0_10_
1_03_
1_11_
0_04_
0_05_
1count[0]
1count[1]
0count[2]
0count[3]
#9523
0clk
0rst
0_02_
1_10_
0_03_
1_11_
1_04_
0_05_
0count[0]
0count[1]
1count[2]
0count[3]
#9524
0clk
0rst
1_02_
0_10_
0_03_
1_11_
1_04_
0_05_
1count[0]
0count[1]
1count[2]
0count[3]
#9525
0clk
0rst
0_02_
0_10_
1_03_
1_11_
1_04_
0_05_
0count[0]
1count[1]
1count[2]
0count[3]
#9526
0clk
0rst
1_02_
0_10_
1_03_
1_11_
1_04_
0_05_
1count[0]
1count[1]
1count[2]
0count[3]
#9527
0clk
0rst
0_02_
1_10_
0_03_
0_11_
0_04_
1_05_
0count[0]
0count[1]
0count[2]
1count[3]
#9528
0clk
0rst
1_02_
0_10_
0_03_
1_11_
0_04_
1_05_
1count[0]
0count[1]
0count[2]
1count[3]
#9529
0clk
0rst
0_02_
0_10_
1_03_
1_11_
0_04_
1_05_
0count[0]
1count[1]
0count[2]
1count[3]
#9530
0clk
0rst
1_02_
0_10_
1_03_
1_11_
0_04_
1_05_
1count[0]
1count[1]
0count[2]
1count[3]
#9531
0clk
0rst
0_02_
1_10_
0_03_
1_11_
1_04_
1_05_
0count[0]
0count[1]
1count[2]
1count[3]
#9532
0clk
0rst
1_02_
0_10_
0_03_
1_11_
1_04_
1_05_
1count[0]
0count[1]
1count[2]
1count[3]
#9533
0clk
0rst
0_02_
0_10_
1_03_
1_11_
1_04_
1_05_
0count[0]
1count[1]
1count[2]
1count[3]
#9534
0clk
0rst
1_02_
0_10_
1_03_
1_11_
1_04_
1_05_
1count[0]
1count[1]
1count[2]
1count[3]
#9535
0clk
0rst
0_02_
1_10_
0_03_
0_11_
0_04_
0_05_
0count[0]
0count[1]
0count[2]
0count[3]
#9536
0clk
0rst
1_02_
0_10_
0_03_
1_11_
0_04_
0_05_
1count[0]
0count[1]
0count[2]
0count[3]
#9537
0clk
0rst
0_02_
0_10_
1_03_
1_11_
0_04_
0_05_
0count[0]
1count[1]
0count[2]
0count[3]
#9538
0clk
0rst
1_02_
0_10_
1_03_
1_11_
0_04_
0_05_
1count[0]
1count[1]
0count[2]
0count[3]
#9539
0clk
0rst
0_02_
1_10_
0_03_
1_11_
1_04_
0_05_
0count[0]
0count[1]
1count[2]
0count[3]
#9540
0clk
0rst
1_02_
0_10_
0_03_
1_11_
1_04_
0_05_
1count[0]
0count[1]
1count[2]
0count[3]
#9541
0clk
0rst
0_02_
0_10_
1_03_
1_11_
1_04_
0_05_
0count[0]
1count[1]
1count[2]
0count[3]
#9542
0clk
0rst
1_02_
0_10_
1_03_
1_11_
1_04_
0_05_
1count[0]
1count[1]
1count[2]
0count[3]
#9543
0clk
0rst
0_02_
1_10_
0_03_
0_11_
0_04_
1_05_
0count[0]
0count[1]
0count[2]
1count[3]
#9544
0clk
0rst
1_02_
0_10_
0_03_
1_11_
0_04_
1_05_
1count[0]
0count[1]
0count[2]
1count[3]
#9545
0clk
0rst
0_02_
0_10_
1_03_
1_11_
0_04_
1_05_
0count[0]
1count[1]
0count[2]
1count[3]
#9546
0clk
0rst
1_02_
0_10_
1_03_
1_11_
0_04_
1_05_
1count[0]
1count[1]
0count[2]
1count[3]
#9547
0clk
0rst
0_02_
1_10_
0_03_
1_11_
1_04_
1_05_
0count[0]
0count[1]
1count[2]
1count[3]
#9548
0clk
0rst
1_02_
0_10_
0_03_
1_11_
1_04_
1_05_
1count[0]
0count[1]
1count[2]
1count[3]
#9549
0clk
0rst
0_02_
0_10_
1_03_
1_11_
1_04_
1_05_
0count[0]
1count[1]
1count[2]
1count[3]
#9550
0clk
0rst
1_02_
0_10_
1_03_
1_11_
1_04_
1_05_
1count[0]
1count[1]
1count[2]
1count[3]
#9551
0clk
0rst
0_02_
1_10_
0_03_
0_11_
0_04_
0_05_
0count[0]
0count[1]
0count[2]
0count[3]
#9552
0clk
0rst
1_02_
0_10_
0_03_
1_11_
0_04_
0_05_
1count[0]
0count[1]
0count[2]
0count[3]
#9553
0clk
0rst
0_02_
0_10_
1_03_
1_11_
0_04_
0_05_
0count[0]
1count[1]
0count[2]
0count[3]
#9554
0clk
0rst
1_02_
0_10_
1_03_
1_11_
0_04_
0_05_
1count[0]
1count[1]
0count[2]
0count[3]
#9555
0clk
0rst
0_02_
1_10_
0_03_
1_11_
1_04_
0_05_
0count[0]
0count[1]
1count[2]
0count[3]
#9556
0clk
0rst
1_02_
0_10_
0_03_
1_11_
1_04_
0_05_
1count[0]
0count[1]
1count[2]
0count[3]
#9557
0clk
0rst
0_02_
0_10_
1_03_
1_11_
1_04_
0_05_
0count[0]
1count[1]
1count[2]
0count[3]
#9558
0clk
0rst
1_02_
0_10_
1_03_
1_11_
1_04_
0_05_
1count[0]
1count[1]
1count[2]
0count[3]
#9559
0clk
0rst
0_02_
1_10_
0_03_
0_11_
0_04_
1_05_
0count[0]
0count[1]
0count[2]
1count[3]
#9560
0clk
0rst
1_02_
0_10_
0_03_
1_11_
0_04_
1_05_
1count[0]
0count[1]
0count[2]
1count[3]
#9561
0clk
0rst
0_02_
0_10_
1_03_
1_11_
0_04_
1_05_
0count[0]
1count[1]
0count[2]
1count[3]
#9562
0clk
0rst
1_02_
0_10_
1_03_
1_11_
0_04_
1_05_
1count[0]
1count[1]
0count[2]
1count[3]
#9563
0clk
0rst
0_02_
1_10_
0_03_
1_11_
1_04_
1_05_
0count[0]
0count[1]
1count[2]
1count[3]
#9564
0clk
0rst
1_02_
0_10_
0_03_
1_11_
1_04_
1_05_
1count[0]
0count[1]
1count[2]
1count[3]
#9565
0clk
0rst
0_02_
0_10_
1_03_
1_11_
1_04_
1_05_
0count[0]
1count[1]
1count[2]
1count[3]
#9566
0clk
0rst
1_02_
0_10_
1_03_
1_11_
1_04_
1_05_
1count[0]
1count[1]
1count[2]
1count[3]
#9567
0clk
0rst
0_02_
1_10_
0_03_
0_11_
0_04_
0_05_
0count[0]
0count[1]
0count[2]
0count[3]
#9568
0clk
0rst
1_02_
0_10_
0_03_
1_11_
0_04_
0_05_
1count[0]
0count[1]
0count[2]
0count[3]
#9569
0clk
0rst
0_02_
0_10_
1_03_
1_11_
0_04_
0_05_
0count[0]
1count[1]
0count[2]
0count[3]
#9570
0clk
0rst
1_02_
0_10_
1_03_
1_11_
0_04_
0_05_
1count[0]
1count[1]
0count[2]
0count[3]
#9571
0clk
0rst
0_02_
1_10_
0_03_
1_11_
1_04_
0_05_
0count[0]
0count[1]
1count[2]
0count[3]
#9572
0clk
0rst
1_02_
0_10_
0_03_
1_11_
1_04_
0_05_
1count[0]
0count[1]
1count[2]
0count[3]
#9573
0clk
0rst
0_02_
0_10_
1_03_
1_11_
1_04_
0_05_
0count[0]
1count[1]
1count[2]
0count[3]
#9574
0clk
0rst
1_02_
0_10_
1_03_
1_11_
1_04_
0_05_
1count[0]
1count[1]
1count[2]
0count[3]
#9575
0clk
0rst
0_02_
1_10_
0_03_
0_11_
0_04_
1_05_
0count[0]
0count[1]
0count[2]
1count[3]
#9576
0clk
0rst
1_02_
0_10_
0_03_
1_11_
0_04_
1_05_
1count[0]
0count[1]
0count[2]
1count[3]
#9577
0clk
0rst
0_02_
0_10_
1_03_
1_11_
0_04_
1_05_
0count[0]
1count[1]
0count[2]
1count[3]
#9578
0clk
0rst
1_02_
0_10_
1_03_
1_11_
0_04_
1_05_
1count[0]
1count[1]
0count[2]
1count[3]
#9579
0clk
0rst
0_02_
1_10_
0_03_
1_11_
1_04_
1_05_
0count[0]
0count[1]
1count[2]
1count[3]
#9580
0clk
0rst
1_02_
0_10_
0_03_
1_11_
1_04_
1_05_
1count[0]
0count[1]
1count[2]
1count[3]
#9581
0clk
0rst
0_02_
0_10_
1_03_
1_11_
1_04_
1_05_
0count[0]
1count[1]
1count[2]
1count[3]
#9582
0clk
0rst
1_02_
0_10_
1_03_
1_11_
1_04_
1_05_
1count[0]
1count[1]
1count[2]
1count[3]
#9583
0clk
0rst
0_02_
1_10_
0_03_
0_11_
0_04_
0_05_
0count[0]
0count[1]
0count[2]
0count[3]
#9584
0clk
0rst
1_02_
0_10_
0_03_
1_11_
0_04_
0_05_
1count[0]
0count[1]
0count[2]
0count[3]
#9585
0clk
0rst
0_02_
0_10_
1_03_
1_11_
0_04_
0_05_
0count[0]
1count[1]
0count[2]
0count[3]
#9586
0clk
0rst
1_02_
0_10_
1_03_
1_11_
0_04_
0_05_
1count[0]
1count[1]
0count[2]
0count[3]
#9587
0clk
0rst
0_02_
1_10_
0_03_
1_11_
1_04_
0_05_
0count[0]
0count[1]
1count[2]
0count[3]
#9588
0clk
0rst
1_02_
0_10_
0_03_
1_11_
1_04_
0_05_
1count[0]
0count[1]
1count[2]
0count[3]
#9589
0clk
0rst
0_02_
0_10_
1_03_
1_11_
1_04_
0_05_
0count[0]
1count[1]
1count[2]
0count[3]
#9590
0clk
0rst
1_02_
0_10_
1_03_
1_11_
1_04_
0_05_
1count[0]
1count[1]
1count[2]
0count[3]
#9591
0clk
0rst
0_02_
1_10_
0_03_
0_11_
0_04_
1_05_
0count[0]
0count[1]
0count[2]
1count[3]
#9592
0clk
0rst
1_02_
0_10_
0_03_
1_11_
0_04_
1_05_
1count[0]
0count[1]
0count[2]
1count[3]
#9593
0clk
0rst
0_02_
0_10_
1_03_
1_11_
0_04_
1_05_
0count[0]
1count[1]
0count[2]
1count[3]
#9594
0clk
0rst
1_02_
0_10_
1_03_
1_11_
0_04_
1_05_
1count[0]
1count[1]
0count[2]
1count[3]
#9595
0clk
0rst
0_02_
1_10_
0_03_
1_11_
1_04_
1_05_
0count[0]
0count[1]
1count[2]
1count[3]
#9596
0clk
0rst
1_02_
0_10_
0_03_
1_11_
1_04_
1_05_
1count[0]
0count[1]
1count[2]
1count[3]
#9597
0clk
0rst
0_02_
0_10_
1_03_
1_11_
1_04_
1_05_
0count[0]
1count[1]
1count[2]
1count[3]
#9598
0clk
0rst
1_02_
0_10_
1_03_
1_11_
1_04_
1_05_
1count[0]
1count[1]
1count[2]
1count[3]
#9599
0clk
0rst
0_02_
1_10_
0_03_
0_11_
0_04_
0_05_
0count[0]
0count[1]
0count[2]
0count[3]
#9600
0clk
0rst
1_02_
0_10_
0_03_
1_11_
0_04_
0_05_
1count[0]
0count[1]
0count[2]
0count[3]
#9601
0clk
0rst
0_02_
0_10_
1_03_
1_11_
0_04_
0_05_
0count[0]
1count[1]
0count[2]
0count[3]
#9602
0clk
0rst
1_02_
0_10_
1_03_
1_11_
0_04_
0_05_
1count[0]
1count[1]
0count[2]
0count[3]
#9603
0clk
0rst
0_02_
1_10_
0_03_
1_11_
1_04_
0_05_
0count[0]
0count[1]
1count[2]
0count[3]
#9604
0clk
0rst
1_02_
0_10_
0_03_
1_11_
1_04_
0_05_
1count[0]
0count[1]
1count[2]
0count[3]
#9605
0clk
0rst
0_02_
0_10_
1_03_
1_11_
1_04_
0_05_
0count[0]
1count[1]
1count[2]
0count[3]
#9606
0clk
0rst
1_02_
0_10_
1_03_
1_11_
1_04_
0_05_
1count[0]
1count[1]
1count[2]
0count[3]
#9607
0clk
0rst
0_02_
1_10_
0_03_
0_11_
0_04_
1_05_
0count[0]
0count[1]
0count[2]
1count[3]
#9608
0clk
0rst
1_02_
0_10_
0_03_
1_11_
0_04_
1_05_
1count[0]
0count[1]
0count[2]
1count[3]
#9609
0clk
0rst
0_02_
0_10_
1_03_
1_11_
0_04_
1_05_
0count[0]
1count[1]
0count[2]
1count[3]
#9610
0clk
0rst
1_02_
0_10_
1_03_
1_11_
0_04_
1_05_
1count[0]
1count[1]
0count[2]
1count[3]
#9611
0clk
0rst
0_02_
1_10_
0_03_
1_11_
1_04_
1_05_
0count[0]
0count[1]
1count[2]
1count[3]
#9612
0clk
0rst
1_02_
0_10_
0_03_
1_11_
1_04_
1_05_
1count[0]
0count[1]
1count[2]
1count[3]
#9613
0clk
0rst
0_02_
0_10_
1_03_
1_11_
1_04_
1_05_
0count[0]
1count[1]
1count[2]
1count[3]
#9614
0clk
0rst
1_02_
0_10_
1_03_
1_11_
1_04_
1_05_
1count[0]
1count[1]
1count[2]
1count[3]
#9615
0clk
0rst
0_02_
1_10_
0_03_
0_11_
0_04_
0_05_
0count[0]
0count[1]
0count[2]
0count[3]
#9616
0clk
0rst
1_02_
0_10_
0_03_
1_11_
0_04_
0_05_
1count[0]
0count[1]
0count[2]
0count[3]
#9617
0clk
0rst
0_02_
0_10_
1_03_
1_11_
0_04_
0_05_
0count[0]
1count[1]
0count[2]
0count[3]
#9618
0clk
0rst
1_02_
0_10_
1_03_
1_11_
0_04_
0_05_
1count[0]
1count[1]
0count[2]
0count[3]
#9619
0clk
0rst
0_02_
1_10_
0_03_
1_11_
1_04_
0_05_
0count[0]
0count[1]
1count[2]
0count[3]
#9620
0clk
0rst
1_02_
0_10_
0_03_
1_11_
1_04_
0_05_
1count[0]
0count[1]
1count[2]
0count[3]
#9621
0clk
0rst
0_02_
0_10_
1_03_
1_11_
1_04_
0_05_
0count[0]
1count[1]
1count[2]
0count[3]
#9622
0clk
0rst
1_02_
0_10_
1_03_
1_11_
1_04_
0_05_
1count[0]
1count[1]
1count[2]
0count[3]
#9623
0clk
0rst
0_02_
1_10_
0_03_
0_11_
0_04_
1_05_
0count[0]
0count[1]
0count[2]
1count[3]
#9624
0clk
0rst
1_02_
0_10_
0_03_
1_11_
0_04_
1_05_
1count[0]
0count[1]
0count[2]
1count[3]
#9625
0clk
0rst
0_02_
0_10_
1_03_
1_11_
0_04_
1_05_
0count[0]
1count[1]
0count[2]
1count[3]
#9626
0clk
0rst
1_02_
0_10_
1_03_
1_11_
0_04_
1_05_
1count[0]
1count[1]
0count[2]
1count[3]
#9627
0clk
0rst
0_02_
1_10_
0_03_
1_11_
1_04_
1_05_
0count[0]
0count[1]
1count[2]
1count[3]
#9628
0clk
0rst
1_02_
0_10_
0_03_
1_11_
1_04_
1_05_
1count[0]
0count[1]
1count[2]
1count[3]
#9629
0clk
0rst
0_02_
0_10_
1_03_
1_11_
1_04_
1_05_
0count[0]
1count[1]
1count[2]
1count[3]
#9630
0clk
0rst
1_02_
0_10_
1_03_
1_11_
1_04_
1_05_
1count[0]
1count[1]
1count[2]
1count[3]
#9631
0clk
0rst
0_02_
1_10_
0_03_
0_11_
0_04_
0_05_
0count[0]
0count[1]
0count[2]
0count[3]
#9632
0clk
0rst
1_02_
0_10_
0_03_
1_11_
0_04_
0_05_
1count[0]
0count[1]
0count[2]
0count[3]
#9633
0clk
0rst
0_02_
0_10_
1_03_
1_11_
0_04_
0_05_
0count[0]
1count[1]
0count[2]
0count[3]
#9634
0clk
0rst
1_02_
0_10_
1_03_
1_11_
0_04_
0_05_
1count[0]
1count[1]
0count[2]
0count[3]
#9635
0clk
0rst
0_02_
1_10_
0_03_
1_11_
1_04_
0_05_
0count[0]
0count[1]
1count[2]
0count[3]
#9636
0clk
0rst
1_02_
0_10_
0_03_
1_11_
1_04_
0_05_
1count[0]
0count[1]
1count[2]
0count[3]
#9637
0clk
0rst
0_02_
0_10_
1_03_
1_11_
1_04_
0_05_
0count[0]
1count[1]
1count[2]
0count[3]
#9638
0clk
0rst
1_02_
0_10_
1_03_
1_11_
1_04_
0_05_
1count[0]
1count[1]
1count[2]
0count[3]
#9639
0clk
0rst
0_02_
1_10_
0_03_
0_11_
0_04_
1_05_
0count[0]
0count[1]
0count[2]
1count[3]
#9640
0clk
0rst
1_02_
0_10_
0_03_
1_11_
0_04_
1_05_
1count[0]
0count[1]
0count[2]
1count[3]
#9641
0clk
0rst
0_02_
0_10_
1_03_
1_11_
0_04_
1_05_
0count[0]
1count[1]
0count[2]
1count[3]
#9642
0clk
0rst
1_02_
0_10_
1_03_
1_11_
0_04_
1_05_
1count[0]
1count[1]
0count[2]
1count[3]
#9643
0clk
0rst
0_02_
1_10_
0_03_
1_11_
1_04_
1_05_
0count[0]
0count[1]
1count[2]
1count[3]
#9644
0clk
0rst
1_02_
0_10_
0_03_
1_11_
1_04_
1_05_
1count[0]
0count[1]
1count[2]
1count[3]
#9645
0clk
0rst
0_02_
0_10_
1_03_
1_11_
1_04_
1_05_
0count[0]
1count[1]
1count[2]
1count[3]
#9646
0clk
0rst
1_02_
0_10_
1_03_
1_11_
1_04_
1_05_
1count[0]
1count[1]
1count[2]
1count[3]
#9647
0clk
0rst
0_02_
1_10_
0_03_
0_11_
0_04_
0_05_
0count[0]
0count[1]
0count[2]
0count[3]
#9648
0clk
0rst
1_02_
0_10_
0_03_
1_11_
0_04_
0_05_
1count[0]
0count[1]
0count[2]
0count[3]
#9649
0clk
0rst
0_02_
0_10_
1_03_
1_11_
0_04_
0_05_
0count[0]
1count[1]
0count[2]
0count[3]
#9650
0clk
0rst
1_02_
0_10_
1_03_
1_11_
0_04_
0_05_
1count[0]
1count[1]
0count[2]
0count[3]
#9651
0clk
0rst
0_02_
1_10_
0_03_
1_11_
1_04_
0_05_
0count[0]
0count[1]
1count[2]
0count[3]
#9652
0clk
0rst
1_02_
0_10_
0_03_
1_11_
1_04_
0_05_
1count[0]
0count[1]
1count[2]
0count[3]
#9653
0clk
0rst
0_02_
0_10_
1_03_
1_11_
1_04_
0_05_
0count[0]
1count[1]
1count[2]
0count[3]
#9654
0clk
0rst
1_02_
0_10_
1_03_
1_11_
1_04_
0_05_
1count[0]
1count[1]
1count[2]
0count[3]
#9655
0clk
0rst
0_02_
1_10_
0_03_
0_11_
0_04_
1_05_
0count[0]
0count[1]
0count[2]
1count[3]
#9656
0clk
0rst
1_02_
0_10_
0_03_
1_11_
0_04_
1_05_
1count[0]
0count[1]
0count[2]
1count[3]
#9657
0clk
0rst
0_02_
0_10_
1_03_
1_11_
0_04_
1_05_
0count[0]
1count[1]
0count[2]
1count[3]
#9658
0clk
0rst
1_02_
0_10_
1_03_
1_11_
0_04_
1_05_
1count[0]
1count[1]
0count[2]
1count[3]
#9659
0clk
0rst
0_02_
1_10_
0_03_
1_11_
1_04_
1_05_
0count[0]
0count[1]
1count[2]
1count[3]
#9660
0clk
0rst
1_02_
0_10_
0_03_
1_11_
1_04_
1_05_
1count[0]
0count[1]
1count[2]
1count[3]
#9661
0clk
0rst
0_02_
0_10_
1_03_
1_11_
1_04_
1_05_
0count[0]
1count[1]
1count[2]
1count[3]
#9662
0clk
0rst
1_02_
0_10_
1_03_
1_11_
1_04_
1_05_
1count[0]
1count[1]
1count[2]
1count[3]
#9663
0clk
0rst
0_02_
1_10_
0_03_
0_11_
0_04_
0_05_
0count[0]
0count[1]
0count[2]
0count[3]
#9664
0clk
0rst
1_02_
0_10_
0_03_
1_11_
0_04_
0_05_
1count[0]
0count[1]
0count[2]
0count[3]
#9665
0clk
0rst
0_02_
0_10_
1_03_
1_11_
0_04_
0_05_
0count[0]
1count[1]
0count[2]
0count[3]
#9666
0clk
0rst
1_02_
0_10_
1_03_
1_11_
0_04_
0_05_
1count[0]
1count[1]
0count[2]
0count[3]
#9667
0clk
0rst
0_02_
1_10_
0_03_
1_11_
1_04_
0_05_
0count[0]
0count[1]
1count[2]
0count[3]
#9668
0clk
0rst
1_02_
0_10_
0_03_
1_11_
1_04_
0_05_
1count[0]
0count[1]
1count[2]
0count[3]
#9669
0clk
0rst
0_02_
0_10_
1_03_
1_11_
1_04_
0_05_
0count[0]
1count[1]
1count[2]
0count[3]
#9670
0clk
0rst
1_02_
0_10_
1_03_
1_11_
1_04_
0_05_
1count[0]
1count[1]
1count[2]
0count[3]
#9671
0clk
0rst
0_02_
1_10_
0_03_
0_11_
0_04_
1_05_
0count[0]
0count[1]
0count[2]
1count[3]
#9672
0clk
0rst
1_02_
0_10_
0_03_
1_11_
0_04_
1_05_
1count[0]
0count[1]
0count[2]
1count[3]
#9673
0clk
0rst
0_02_
0_10_
1_03_
1_11_
0_04_
1_05_
0count[0]
1count[1]
0count[2]
1count[3]
#9674
0clk
0rst
1_02_
0_10_
1_03_
1_11_
0_04_
1_05_
1count[0]
1count[1]
0count[2]
1count[3]
#9675
0clk
0rst
0_02_
1_10_
0_03_
1_11_
1_04_
1_05_
0count[0]
0count[1]
1count[2]
1count[3]
#9676
0clk
0rst
1_02_
0_10_
0_03_
1_11_
1_04_
1_05_
1count[0]
0count[1]
1count[2]
1count[3]
#9677
0clk
0rst
0_02_
0_10_
1_03_
1_11_
1_04_
1_05_
0count[0]
1count[1]
1count[2]
1count[3]
#9678
0clk
0rst
1_02_
0_10_
1_03_
1_11_
1_04_
1_05_
1count[0]
1count[1]
1count[2]
1count[3]
#9679
0clk
0rst
0_02_
1_10_
0_03_
0_11_
0_04_
0_05_
0count[0]
0count[1]
0count[2]
0count[3]
#9680
0clk
0rst
1_02_
0_10_
0_03_
1_11_
0_04_
0_05_
1count[0]
0count[1]
0count[2]
0count[3]
#9681
0clk
0rst
0_02_
0_10_
1_03_
1_11_
0_04_
0_05_
0count[0]
1count[1]
0count[2]
0count[3]
#9682
0clk
0rst
1_02_
0_10_
1_03_
1_11_
0_04_
0_05_
1count[0]
1count[1]
0count[2]
0count[3]
#9683
0clk
0rst
0_02_
1_10_
0_03_
1_11_
1_04_
0_05_
0count[0]
0count[1]
1count[2]
0count[3]
#9684
0clk
0rst
1_02_
0_10_
0_03_
1_11_
1_04_
0_05_
1count[0]
0count[1]
1count[2]
0count[3]
#9685
0clk
0rst
0_02_
0_10_
1_03_
1_11_
1_04_
0_05_
0count[0]
1count[1]
1count[2]
0count[3]
#9686
0clk
0rst
1_02_
0_10_
1_03_
1_11_
1_04_
0_05_
1count[0]
1count[1]
1count[2]
0count[3]
#9687
0clk
0rst
0_02_
1_10_
0_03_
0_11_
0_04_
1_05_
0count[0]
0count[1]
0count[2]
1count[3]
#9688
0clk
0rst
1_02_
0_10_
0_03_
1_11_
0_04_
1_05_
1count[0]
0count[1]
0count[2]
1count[3]
#9689
0clk
0rst
0_02_
0_10_
1_03_
1_11_
0_04_
1_05_
0count[0]
1count[1]
0count[2]
1count[3]
#9690
0clk
0rst
1_02_
0_10_
1_03_
1_11_
0_04_
1_05_
1count[0]
1count[1]
0count[2]
1count[3]
#9691
0clk
0rst
0_02_
1_10_
0_03_
1_11_
1_04_
1_05_
0count[0]
0count[1]
1count[2]
1count[3]
#9692
0clk
0rst
1_02_
0_10_
0_03_
1_11_
1_04_
1_05_
1count[0]
0count[1]
1count[2]
1count[3]
#9693
0clk
0rst
0_02_
0_10_
1_03_
1_11_
1_04_
1_05_
0count[0]
1count[1]
1count[2]
1count[3]
#9694
0clk
0rst
1_02_
0_10_
1_03_
1_11_
1_04_
1_05_
1count[0]
1count[1]
1count[2]
1count[3]
#9695
0clk
0rst
0_02_
1_10_
0_03_
0_11_
0_04_
0_05_
0count[0]
0count[1]
0count[2]
0count[3]
#9696
0clk
0rst
1_02_
0_10_
0_03_
1_11_
0_04_
0_05_
1count[0]
0count[1]
0count[2]
0count[3]
#9697
0clk
0rst
0_02_
0_10_
1_03_
1_11_
0_04_
0_05_
0count[0]
1count[1]
0count[2]
0count[3]
#9698
0clk
0rst
1_02_
0_10_
1_03_
1_11_
0_04_
0_05_
1count[0]
1count[1]
0count[2]
0count[3]
#9699
0clk
0rst
0_02_
1_10_
0_03_
1_11_
1_04_
0_05_
0count[0]
0count[1]
1count[2]
0count[3]
#9700
0clk
0rst
1_02_
0_10_
0_03_
1_11_
1_04_
0_05_
1count[0]
0count[1]
1count[2]
0count[3]
#9701
0clk
0rst
0_02_
0_10_
1_03_
1_11_
1_04_
0_05_
0count[0]
1count[1]
1count[2]
0count[3]
#9702
0clk
0rst
1_02_
0_10_
1_03_
1_11_
1_04_
0_05_
1count[0]
1count[1]
1count[2]
0count[3]
#9703
0clk
0rst
0_02_
1_10_
0_03_
0_11_
0_04_
1_05_
0count[0]
0count[1]
0count[2]
1count[3]
#9704
0clk
0rst
1_02_
0_10_
0_03_
1_11_
0_04_
1_05_
1count[0]
0count[1]
0count[2]
1count[3]
#9705
0clk
0rst
0_02_
0_10_
1_03_
1_11_
0_04_
1_05_
0count[0]
1count[1]
0count[2]
1count[3]
#9706
0clk
0rst
1_02_
0_10_
1_03_
1_11_
0_04_
1_05_
1count[0]
1count[1]
0count[2]
1count[3]
#9707
0clk
0rst
0_02_
1_10_
0_03_
1_11_
1_04_
1_05_
0count[0]
0count[1]
1count[2]
1count[3]
#9708
0clk
0rst
1_02_
0_10_
0_03_
1_11_
1_04_
1_05_
1count[0]
0count[1]
1count[2]
1count[3]
#9709
0clk
0rst
0_02_
0_10_
1_03_
1_11_
1_04_
1_05_
0count[0]
1count[1]
1count[2]
1count[3]
#9710
0clk
0rst
1_02_
0_10_
1_03_
1_11_
1_04_
1_05_
1count[0]
1count[1]
1count[2]
1count[3]
#9711
0clk
0rst
0_02_
1_10_
0_03_
0_11_
0_04_
0_05_
0count[0]
0count[1]
0count[2]
0count[3]
#9712
0clk
0rst
1_02_
0_10_
0_03_
1_11_
0_04_
0_05_
1count[0]
0count[1]
0count[2]
0count[3]
#9713
0clk
0rst
0_02_
0_10_
1_03_
1_11_
0_04_
0_05_
0count[0]
1count[1]
0count[2]
0count[3]
#9714
0clk
0rst
1_02_
0_10_
1_03_
1_11_
0_04_
0_05_
1count[0]
1count[1]
0count[2]
0count[3]
#9715
0clk
0rst
0_02_
1_10_
0_03_
1_11_
1_04_
0_05_
0count[0]
0count[1]
1count[2]
0count[3]
#9716
0clk
0rst
1_02_
0_10_
0_03_
1_11_
1_04_
0_05_
1count[0]
0count[1]
1count[2]
0count[3]
#9717
0clk
0rst
0_02_
0_10_
1_03_
1_11_
1_04_
0_05_
0count[0]
1count[1]
1count[2]
0count[3]
#9718
0clk
0rst
1_02_
0_10_
1_03_
1_11_
1_04_
0_05_
1count[0]
1count[1]
1count[2]
0count[3]
#9719
0clk
0rst
0_02_
1_10_
0_03_
0_11_
0_04_
1_05_
0count[0]
0count[1]
0count[2]
1count[3]
#9720
0clk
0rst
1_02_
0_10_
0_03_
1_11_
0_04_
1_05_
1count[0]
0count[1]
0count[2]
1count[3]
#9721
0clk
0rst
0_02_
0_10_
1_03_
1_11_
0_04_
1_05_
0count[0]
1count[1]
0count[2]
1count[3]
#9722
0clk
0rst
1_02_
0_10_
1_03_
1_11_
0_04_
1_05_
1count[0]
1count[1]
0count[2]
1count[3]
#9723
0clk
0rst
0_02_
1_10_
0_03_
1_11_
1_04_
1_05_
0count[0]
0count[1]
1count[2]
1count[3]
#9724
0clk
0rst
1_02_
0_10_
0_03_
1_11_
1_04_
1_05_
1count[0]
0count[1]
1count[2]
1count[3]
#9725
0clk
0rst
0_02_
0_10_
1_03_
1_11_
1_04_
1_05_
0count[0]
1count[1]
1count[2]
1count[3]
#9726
0clk
0rst
1_02_
0_10_
1_03_
1_11_
1_04_
1_05_
1count[0]
1count[1]
1count[2]
1count[3]
#9727
0clk
0rst
0_02_
1_10_
0_03_
0_11_
0_04_
0_05_
0count[0]
0count[1]
0count[2]
0count[3]
#9728
0clk
0rst
1_02_
0_10_
0_03_
1_11_
0_04_
0_05_
1count[0]
0count[1]
0count[2]
0count[3]
#9729
0clk
0rst
0_02_
0_10_
1_03_
1_11_
0_04_
0_05_
0count[0]
1count[1]
0count[2]
0count[3]
#9730
0clk
0rst
1_02_
0_10_
1_03_
1_11_
0_04_
0_05_
1count[0]
1count[1]
0count[2]
0count[3]
#9731
0clk
0rst
0_02_
1_10_
0_03_
1_11_
1_04_
0_05_
0count[0]
0count[1]
1count[2]
0count[3]
#9732
0clk
0rst
1_02_
0_10_
0_03_
1_11_
1_04_
0_05_
1count[0]
0count[1]
1count[2]
0count[3]
#9733
0clk
0rst
0_02_
0_10_
1_03_
1_11_
1_04_
0_05_
0count[0]
1count[1]
1count[2]
0count[3]
#9734
0clk
0rst
1_02_
0_10_
1_03_
1_11_
1_04_
0_05_
1count[0]
1count[1]
1count[2]
0count[3]
#9735
0clk
0rst
0_02_
1_10_
0_03_
0_11_
0_04_
1_05_
0count[0]
0count[1]
0count[2]
1count[3]
#9736
0clk
0rst
1_02_
0_10_
0_03_
1_11_
0_04_
1_05_
1count[0]
0count[1]
0count[2]
1count[3]
#9737
0clk
0rst
0_02_
0_10_
1_03_
1_11_
0_04_
1_05_
0count[0]
1count[1]
0count[2]
1count[3]
#9738
0clk
0rst
1_02_
0_10_
1_03_
1_11_
0_04_
1_05_
1count[0]
1count[1]
0count[2]
1count[3]
#9739
0clk
0rst
0_02_
1_10_
0_03_
1_11_
1_04_
1_05_
0count[0]
0count[1]
1count[2]
1count[3]
#9740
0clk
0rst
1_02_
0_10_
0_03_
1_11_
1_04_
1_05_
1count[0]
0count[1]
1count[2]
1count[3]
#9741
0clk
0rst
0_02_
0_10_
1_03_
1_11_
1_04_
1_05_
0count[0]
1count[1]
1count[2]
1count[3]
#9742
0clk
0rst
1_02_
0_10_
1_03_
1_11_
1_04_
1_05_
1count[0]
1count[1]
1count[2]
1count[3]
#9743
0clk
0rst
0_02_
1_10_
0_03_
0_11_
0_04_
0_05_
0count[0]
0count[1]
0count[2]
0count[3]
#9744
0clk
0rst
1_02_
0_10_
0_03_
1_11_
0_04_
0_05_
1count[0]
0count[1]
0count[2]
0count[3]
#9745
0clk
0rst
0_02_
0_10_
1_03_
1_11_
0_04_
0_05_
0count[0]
1count[1]
0count[2]
0count[3]
#9746
0clk
0rst
1_02_
0_10_
1_03_
1_11_
0_04_
0_05_
1count[0]
1count[1]
0count[2]
0count[3]
#9747
0clk
0rst
0_02_
1_10_
0_03_
1_11_
1_04_
0_05_
0count[0]
0count[1]
1count[2]
0count[3]
#9748
0clk
0rst
1_02_
0_10_
0_03_
1_11_
1_04_
0_05_
1count[0]
0count[1]
1count[2]
0count[3]
#9749
0clk
0rst
0_02_
0_10_
1_03_
1_11_
1_04_
0_05_
0count[0]
1count[1]
1count[2]
0count[3]
#9750
0clk
0rst
1_02_
0_10_
1_03_
1_11_
1_04_
0_05_
1count[0]
1count[1]
1count[2]
0count[3]
#9751
0clk
0rst
0_02_
1_10_
0_03_
0_11_
0_04_
1_05_
0count[0]
0count[1]
0count[2]
1count[3]
#9752
0clk
0rst
1_02_
0_10_
0_03_
1_11_
0_04_
1_05_
1count[0]
0count[1]
0count[2]
1count[3]
#9753
0clk
0rst
0_02_
0_10_
1_03_
1_11_
0_04_
1_05_
0count[0]
1count[1]
0count[2]
1count[3]
#9754
0clk
0rst
1_02_
0_10_
1_03_
1_11_
0_04_
1_05_
1count[0]
1count[1]
0count[2]
1count[3]
#9755
0clk
0rst
0_02_
1_10_
0_03_
1_11_
1_04_
1_05_
0count[0]
0count[1]
1count[2]
1count[3]
#9756
0clk
0rst
1_02_
0_10_
0_03_
1_11_
1_04_
1_05_
1count[0]
0count[1]
1count[2]
1count[3]
#9757
0clk
0rst
0_02_
0_10_
1_03_
1_11_
1_04_
1_05_
0count[0]
1count[1]
1count[2]
1count[3]
#9758
0clk
0rst
1_02_
0_10_
1_03_
1_11_
1_04_
1_05_
1count[0]
1count[1]
1count[2]
1count[3]
#9759
0clk
0rst
0_02_
1_10_
0_03_
0_11_
0_04_
0_05_
0count[0]
0count[1]
0count[2]
0count[3]
#9760
0clk
0rst
1_02_
0_10_
0_03_
1_11_
0_04_
0_05_
1count[0]
0count[1]
0count[2]
0count[3]
#9761
0clk
0rst
0_02_
0_10_
1_03_
1_11_
0_04_
0_05_
0count[0]
1count[1]
0count[2]
0count[3]
#9762
0clk
0rst
1_02_
0_10_
1_03_
1_11_
0_04_
0_05_
1count[0]
1count[1]
0count[2]
0count[3]
#9763
0clk
0rst
0_02_
1_10_
0_03_
1_11_
1_04_
0_05_
0count[0]
0count[1]
1count[2]
0count[3]
#9764
0clk
0rst
1_02_
0_10_
0_03_
1_11_
1_04_
0_05_
1count[0]
0count[1]
1count[2]
0count[3]
#9765
0clk
0rst
0_02_
0_10_
1_03_
1_11_
1_04_
0_05_
0count[0]
1count[1]
1count[2]
0count[3]
#9766
0clk
0rst
1_02_
0_10_
1_03_
1_11_
1_04_
0_05_
1count[0]
1count[1]
1count[2]
0count[3]
#9767
0clk
0rst
0_02_
1_10_
0_03_
0_11_
0_04_
1_05_
0count[0]
0count[1]
0count[2]
1count[3]
#9768
0clk
0rst
1_02_
0_10_
0_03_
1_11_
0_04_
1_05_
1count[0]
0count[1]
0count[2]
1count[3]
#9769
0clk
0rst
0_02_
0_10_
1_03_
1_11_
0_04_
1_05_
0count[0]
1count[1]
0count[2]
1count[3]
#9770
0clk
0rst
1_02_
0_10_
1_03_
1_11_
0_04_
1_05_
1count[0]
1count[1]
0count[2]
1count[3]
#9771
0clk
0rst
0_02_
1_10_
0_03_
1_11_
1_04_
1_05_
0count[0]
0count[1]
1count[2]
1count[3]
#9772
0clk
0rst
1_02_
0_10_
0_03_
1_11_
1_04_
1_05_
1count[0]
0count[1]
1count[2]
1count[3]
#9773
0clk
0rst
0_02_
0_10_
1_03_
1_11_
1_04_
1_05_
0count[0]
1count[1]
1count[2]
1count[3]
#9774
0clk
0rst
1_02_
0_10_
1_03_
1_11_
1_04_
1_05_
1count[0]
1count[1]
1count[2]
1count[3]
#9775
0clk
0rst
0_02_
1_10_
0_03_
0_11_
0_04_
0_05_
0count[0]
0count[1]
0count[2]
0count[3]
#9776
0clk
0rst
1_02_
0_10_
0_03_
1_11_
0_04_
0_05_
1count[0]
0count[1]
0count[2]
0count[3]
#9777
0clk
0rst
0_02_
0_10_
1_03_
1_11_
0_04_
0_05_
0count[0]
1count[1]
0count[2]
0count[3]
#9778
0clk
0rst
1_02_
0_10_
1_03_
1_11_
0_04_
0_05_
1count[0]
1count[1]
0count[2]
0count[3]
#9779
0clk
0rst
0_02_
1_10_
0_03_
1_11_
1_04_
0_05_
0count[0]
0count[1]
1count[2]
0count[3]
#9780
0clk
0rst
1_02_
0_10_
0_03_
1_11_
1_04_
0_05_
1count[0]
0count[1]
1count[2]
0count[3]
#9781
0clk
0rst
0_02_
0_10_
1_03_
1_11_
1_04_
0_05_
0count[0]
1count[1]
1count[2]
0count[3]
#9782
0clk
0rst
1_02_
0_10_
1_03_
1_11_
1_04_
0_05_
1count[0]
1count[1]
1count[2]
0count[3]
#9783
0clk
0rst
0_02_
1_10_
0_03_
0_11_
0_04_
1_05_
0count[0]
0count[1]
0count[2]
1count[3]
#9784
0clk
0rst
1_02_
0_10_
0_03_
1_11_
0_04_
1_05_
1count[0]
0count[1]
0count[2]
1count[3]
#9785
0clk
0rst
0_02_
0_10_
1_03_
1_11_
0_04_
1_05_
0count[0]
1count[1]
0count[2]
1count[3]
#9786
0clk
0rst
1_02_
0_10_
1_03_
1_11_
0_04_
1_05_
1count[0]
1count[1]
0count[2]
1count[3]
#9787
0clk
0rst
0_02_
1_10_
0_03_
1_11_
1_04_
1_05_
0count[0]
0count[1]
1count[2]
1count[3]
#9788
0clk
0rst
1_02_
0_10_
0_03_
1_11_
1_04_
1_05_
1count[0]
0count[1]
1count[2]
1count[3]
#9789
0clk
0rst
0_02_
0_10_
1_03_
1_11_
1_04_
1_05_
0count[0]
1count[1]
1count[2]
1count[3]
#9790
0clk
0rst
1_02_
0_10_
1_03_
1_11_
1_04_
1_05_
1count[0]
1count[1]
1count[2]
1count[3]
#9791
0clk
0rst
0_02_
1_10_
0_03_
0_11_
0_04_
0_05_
0count[0]
0count[1]
0count[2]
0count[3]
#9792
0clk
0rst
1_02_
0_10_
0_03_
1_11_
0_04_
0_05_
1count[0]
0count[1]
0count[2]
0count[3]
#9793
0clk
0rst
0_02_
0_10_
1_03_
1_11_
0_04_
0_05_
0count[0]
1count[1]
0count[2]
0count[3]
#9794
0clk
0rst
1_02_
0_10_
1_03_
1_11_
0_04_
0_05_
1count[0]
1count[1]
0count[2]
0count[3]
#9795
0clk
0rst
0_02_
1_10_
0_03_
1_11_
1_04_
0_05_
0count[0]
0count[1]
1count[2]
0count[3]
#9796
0clk
0rst
1_02_
0_10_
0_03_
1_11_
1_04_
0_05_
1count[0]
0count[1]
1count[2]
0count[3]
#9797
0clk
0rst
0_02_
0_10_
1_03_
1_11_
1_04_
0_05_
0count[0]
1count[1]
1count[2]
0count[3]
#9798
0clk
0rst
1_02_
0_10_
1_03_
1_11_
1_04_
0_05_
1count[0]
1count[1]
1count[2]
0count[3]
#9799
0clk
0rst
0_02_
1_10_
0_03_
0_11_
0_04_
1_05_
0count[0]
0count[1]
0count[2]
1count[3]
#9800
0clk
0rst
1_02_
0_10_
0_03_
1_11_
0_04_
1_05_
1count[0]
0count[1]
0count[2]
1count[3]
#9801
0clk
0rst
0_02_
0_10_
1_03_
1_11_
0_04_
1_05_
0count[0]
1count[1]
0count[2]
1count[3]
#9802
0clk
0rst
1_02_
0_10_
1_03_
1_11_
0_04_
1_05_
1count[0]
1count[1]
0count[2]
1count[3]
#9803
0clk
0rst
0_02_
1_10_
0_03_
1_11_
1_04_
1_05_
0count[0]
0count[1]
1count[2]
1count[3]
#9804
0clk
0rst
1_02_
0_10_
0_03_
1_11_
1_04_
1_05_
1count[0]
0count[1]
1count[2]
1count[3]
#9805
0clk
0rst
0_02_
0_10_
1_03_
1_11_
1_04_
1_05_
0count[0]
1count[1]
1count[2]
1count[3]
#9806
0clk
0rst
1_02_
0_10_
1_03_
1_11_
1_04_
1_05_
1count[0]
1count[1]
1count[2]
1count[3]
#9807
0clk
0rst
0_02_
1_10_
0_03_
0_11_
0_04_
0_05_
0count[0]
0count[1]
0count[2]
0count[3]
#9808
0clk
0rst
1_02_
0_10_
0_03_
1_11_
0_04_
0_05_
1count[0]
0count[1]
0count[2]
0count[3]
#9809
0clk
0rst
0_02_
0_10_
1_03_
1_11_
0_04_
0_05_
0count[0]
1count[1]
0count[2]
0count[3]
#9810
0clk
0rst
1_02_
0_10_
1_03_
1_11_
0_04_
0_05_
1count[0]
1count[1]
0count[2]
0count[3]
#9811
0clk
0rst
0_02_
1_10_
0_03_
1_11_
1_04_
0_05_
0count[0]
0count[1]
1count[2]
0count[3]
#9812
0clk
0rst
1_02_
0_10_
0_03_
1_11_
1_04_
0_05_
1count[0]
0count[1]
1count[2]
0count[3]
#9813
0clk
0rst
0_02_
0_10_
1_03_
1_11_
1_04_
0_05_
0count[0]
1count[1]
1count[2]
0count[3]
#9814
0clk
0rst
1_02_
0_10_
1_03_
1_11_
1_04_
0_05_
1count[0]
1count[1]
1count[2]
0count[3]
#9815
0clk
0rst
0_02_
1_10_
0_03_
0_11_
0_04_
1_05_
0count[0]
0count[1]
0count[2]
1count[3]
#9816
0clk
0rst
1_02_
0_10_
0_03_
1_11_
0_04_
1_05_
1count[0]
0count[1]
0count[2]
1count[3]
#9817
0clk
0rst
0_02_
0_10_
1_03_
1_11_
0_04_
1_05_
0count[0]
1count[1]
0count[2]
1count[3]
#9818
0clk
0rst
1_02_
0_10_
1_03_
1_11_
0_04_
1_05_
1count[0]
1count[1]
0count[2]
1count[3]
#9819
0clk
0rst
0_02_
1_10_
0_03_
1_11_
1_04_
1_05_
0count[0]
0count[1]
1count[2]
1count[3]
#9820
0clk
0rst
1_02_
0_10_
0_03_
1_11_
1_04_
1_05_
1count[0]
0count[1]
1count[2]
1count[3]
#9821
0clk
0rst
0_02_
0_10_
1_03_
1_11_
1_04_
1_05_
0count[0]
1count[1]
1count[2]
1count[3]
#9822
0clk
0rst
1_02_
0_10_
1_03_
1_11_
1_04_
1_05_
1count[0]
1count[1]
1count[2]
1count[3]
#9823
0clk
0rst
0_02_
1_10_
0_03_
0_11_
0_04_
0_05_
0count[0]
0count[1]
0count[2]
0count[3]
#9824
0clk
0rst
1_02_
0_10_
0_03_
1_11_
0_04_
0_05_
1count[0]
0count[1]
0count[2]
0count[3]
#9825
0clk
0rst
0_02_
0_10_
1_03_
1_11_
0_04_
0_05_
0count[0]
1count[1]
0count[2]
0count[3]
#9826
0clk
0rst
1_02_
0_10_
1_03_
1_11_
0_04_
0_05_
1count[0]
1count[1]
0count[2]
0count[3]
#9827
0clk
0rst
0_02_
1_10_
0_03_
1_11_
1_04_
0_05_
0count[0]
0count[1]
1count[2]
0count[3]
#9828
0clk
0rst
1_02_
0_10_
0_03_
1_11_
1_04_
0_05_
1count[0]
0count[1]
1count[2]
0count[3]
#9829
0clk
0rst
0_02_
0_10_
1_03_
1_11_
1_04_
0_05_
0count[0]
1count[1]
1count[2]
0count[3]
#9830
0clk
0rst
1_02_
0_10_
1_03_
1_11_
1_04_
0_05_
1count[0]
1count[1]
1count[2]
0count[3]
#9831
0clk
0rst
0_02_
1_10_
0_03_
0_11_
0_04_
1_05_
0count[0]
0count[1]
0count[2]
1count[3]
#9832
0clk
0rst
1_02_
0_10_
0_03_
1_11_
0_04_
1_05_
1count[0]
0count[1]
0count[2]
1count[3]
#9833
0clk
0rst
0_02_
0_10_
1_03_
1_11_
0_04_
1_05_
0count[0]
1count[1]
0count[2]
1count[3]
#9834
0clk
0rst
1_02_
0_10_
1_03_
1_11_
0_04_
1_05_
1count[0]
1count[1]
0count[2]
1count[3]
#9835
0clk
0rst
0_02_
1_10_
0_03_
1_11_
1_04_
1_05_
0count[0]
0count[1]
1count[2]
1count[3]
#9836
0clk
0rst
1_02_
0_10_
0_03_
1_11_
1_04_
1_05_
1count[0]
0count[1]
1count[2]
1count[3]
#9837
0clk
0rst
0_02_
0_10_
1_03_
1_11_
1_04_
1_05_
0count[0]
1count[1]
1count[2]
1count[3]
#9838
0clk
0rst
1_02_
0_10_
1_03_
1_11_
1_04_
1_05_
1count[0]
1count[1]
1count[2]
1count[3]
#9839
0clk
0rst
0_02_
1_10_
0_03_
0_11_
0_04_
0_05_
0count[0]
0count[1]
0count[2]
0count[3]
#9840
0clk
0rst
1_02_
0_10_
0_03_
1_11_
0_04_
0_05_
1count[0]
0count[1]
0count[2]
0count[3]
#9841
0clk
0rst
0_02_
0_10_
1_03_
1_11_
0_04_
0_05_
0count[0]
1count[1]
0count[2]
0count[3]
#9842
0clk
0rst
1_02_
0_10_
1_03_
1_11_
0_04_
0_05_
1count[0]
1count[1]
0count[2]
0count[3]
#9843
0clk
0rst
0_02_
1_10_
0_03_
1_11_
1_04_
0_05_
0count[0]
0count[1]
1count[2]
0count[3]
#9844
0clk
0rst
1_02_
0_10_
0_03_
1_11_
1_04_
0_05_
1count[0]
0count[1]
1count[2]
0count[3]
#9845
0clk
0rst
0_02_
0_10_
1_03_
1_11_
1_04_
0_05_
0count[0]
1count[1]
1count[2]
0count[3]
#9846
0clk
0rst
1_02_
0_10_
1_03_
1_11_
1_04_
0_05_
1count[0]
1count[1]
1count[2]
0count[3]
#9847
0clk
0rst
0_02_
1_10_
0_03_
0_11_
0_04_
1_05_
0count[0]
0count[1]
0count[2]
1count[3]
#9848
0clk
0rst
1_02_
0_10_
0_03_
1_11_
0_04_
1_05_
1count[0]
0count[1]
0count[2]
1count[3]
#9849
0clk
0rst
0_02_
0_10_
1_03_
1_11_
0_04_
1_05_
0count[0]
1count[1]
0count[2]
1count[3]
#9850
0clk
0rst
1_02_
0_10_
1_03_
1_11_
0_04_
1_05_
1count[0]
1count[1]
0count[2]
1count[3]
#9851
0clk
0rst
0_02_
1_10_
0_03_
1_11_
1_04_
1_05_
0count[0]
0count[1]
1count[2]
1count[3]
#9852
0clk
0rst
1_02_
0_10_
0_03_
1_11_
1_04_
1_05_
1count[0]
0count[1]
1count[2]
1count[3]
#9853
0clk
0rst
0_02_
0_10_
1_03_
1_11_
1_04_
1_05_
0count[0]
1count[1]
1count[2]
1count[3]
#9854
0clk
0rst
1_02_
0_10_
1_03_
1_11_
1_04_
1_05_
1count[0]
1count[1]
1count[2]
1count[3]
#9855
0clk
0rst
0_02_
1_10_
0_03_
0_11_
0_04_
0_05_
0count[0]
0count[1]
0count[2]
0count[3]
#9856
0clk
0rst
1_02_
0_10_
0_03_
1_11_
0_04_
0_05_
1count[0]
0count[1]
0count[2]
0count[3]
#9857
0clk
0rst
0_02_
0_10_
1_03_
1_11_
0_04_
0_05_
0count[0]
1count[1]
0count[2]
0count[3]
#9858
0clk
0rst
1_02_
0_10_
1_03_
1_11_
0_04_
0_05_
1count[0]
1count[1]
0count[2]
0count[3]
#9859
0clk
0rst
0_02_
1_10_
0_03_
1_11_
1_04_
0_05_
0count[0]
0count[1]
1count[2]
0count[3]
#9860
0clk
0rst
1_02_
0_10_
0_03_
1_11_
1_04_
0_05_
1count[0]
0count[1]
1count[2]
0count[3]
#9861
0clk
0rst
0_02_
0_10_
1_03_
1_11_
1_04_
0_05_
0count[0]
1count[1]
1count[2]
0count[3]
#9862
0clk
0rst
1_02_
0_10_
1_03_
1_11_
1_04_
0_05_
1count[0]
1count[1]
1count[2]
0count[3]
#9863
0clk
0rst
0_02_
1_10_
0_03_
0_11_
0_04_
1_05_
0count[0]
0count[1]
0count[2]
1count[3]
#9864
0clk
0rst
1_02_
0_10_
0_03_
1_11_
0_04_
1_05_
1count[0]
0count[1]
0count[2]
1count[3]
#9865
0clk
0rst
0_02_
0_10_
1_03_
1_11_
0_04_
1_05_
0count[0]
1count[1]
0count[2]
1count[3]
#9866
0clk
0rst
1_02_
0_10_
1_03_
1_11_
0_04_
1_05_
1count[0]
1count[1]
0count[2]
1count[3]
#9867
0clk
0rst
0_02_
1_10_
0_03_
1_11_
1_04_
1_05_
0count[0]
0count[1]
1count[2]
1count[3]
#9868
0clk
0rst
1_02_
0_10_
0_03_
1_11_
1_04_
1_05_
1count[0]
0count[1]
1count[2]
1count[3]
#9869
0clk
0rst
0_02_
0_10_
1_03_
1_11_
1_04_
1_05_
0count[0]
1count[1]
1count[2]
1count[3]
#9870
0clk
0rst
1_02_
0_10_
1_03_
1_11_
1_04_
1_05_
1count[0]
1count[1]
1count[2]
1count[3]
#9871
0clk
0rst
0_02_
1_10_
0_03_
0_11_
0_04_
0_05_
0count[0]
0count[1]
0count[2]
0count[3]
#9872
0clk
0rst
1_02_
0_10_
0_03_
1_11_
0_04_
0_05_
1count[0]
0count[1]
0count[2]
0count[3]
#9873
0clk
0rst
0_02_
0_10_
1_03_
1_11_
0_04_
0_05_
0count[0]
1count[1]
0count[2]
0count[3]
#9874
0clk
0rst
1_02_
0_10_
1_03_
1_11_
0_04_
0_05_
1count[0]
1count[1]
0count[2]
0count[3]
#9875
0clk
0rst
0_02_
1_10_
0_03_
1_11_
1_04_
0_05_
0count[0]
0count[1]
1count[2]
0count[3]
#9876
0clk
0rst
1_02_
0_10_
0_03_
1_11_
1_04_
0_05_
1count[0]
0count[1]
1count[2]
0count[3]
#9877
0clk
0rst
0_02_
0_10_
1_03_
1_11_
1_04_
0_05_
0count[0]
1count[1]
1count[2]
0count[3]
#9878
0clk
0rst
1_02_
0_10_
1_03_
1_11_
1_04_
0_05_
1count[0]
1count[1]
1count[2]
0count[3]
#9879
0clk
0rst
0_02_
1_10_
0_03_
0_11_
0_04_
1_05_
0count[0]
0count[1]
0count[2]
1count[3]
#9880
0clk
0rst
1_02_
0_10_
0_03_
1_11_
0_04_
1_05_
1count[0]
0count[1]
0count[2]
1count[3]
#9881
0clk
0rst
0_02_
0_10_
1_03_
1_11_
0_04_
1_05_
0count[0]
1count[1]
0count[2]
1count[3]
#9882
0clk
0rst
1_02_
0_10_
1_03_
1_11_
0_04_
1_05_
1count[0]
1count[1]
0count[2]
1count[3]
#9883
0clk
0rst
0_02_
1_10_
0_03_
1_11_
1_04_
1_05_
0count[0]
0count[1]
1count[2]
1count[3]
#9884
0clk
0rst
1_02_
0_10_
0_03_
1_11_
1_04_
1_05_
1count[0]
0count[1]
1count[2]
1count[3]
#9885
0clk
0rst
0_02_
0_10_
1_03_
1_11_
1_04_
1_05_
0count[0]
1count[1]
1count[2]
1count[3]
#9886
0clk
0rst
1_02_
0_10_
1_03_
1_11_
1_04_
1_05_
1count[0]
1count[1]
1count[2]
1count[3]
#9887
0clk
0rst
0_02_
1_10_
0_03_
0_11_
0_04_
0_05_
0count[0]
0count[1]
0count[2]
0count[3]
#9888
0clk
0rst
1_02_
0_10_
0_03_
1_11_
0_04_
0_05_
1count[0]
0count[1]
0count[2]
0count[3]
#9889
0clk
0rst
0_02_
0_10_
1_03_
1_11_
0_04_
0_05_
0count[0]
1count[1]
0count[2]
0count[3]
#9890
0clk
0rst
1_02_
0_10_
1_03_
1_11_
0_04_
0_05_
1count[0]
1count[1]
0count[2]
0count[3]
#9891
0clk
0rst
0_02_
1_10_
0_03_
1_11_
1_04_
0_05_
0count[0]
0count[1]
1count[2]
0count[3]
#9892
0clk
0rst
1_02_
0_10_
0_03_
1_11_
1_04_
0_05_
1count[0]
0count[1]
1count[2]
0count[3]
#9893
0clk
0rst
0_02_
0_10_
1_03_
1_11_
1_04_
0_05_
0count[0]
1count[1]
1count[2]
0count[3]
#9894
0clk
0rst
1_02_
0_10_
1_03_
1_11_
1_04_
0_05_
1count[0]
1count[1]
1count[2]
0count[3]
#9895
0clk
0rst
0_02_
1_10_
0_03_
0_11_
0_04_
1_05_
0count[0]
0count[1]
0count[2]
1count[3]
#9896
0clk
0rst
1_02_
0_10_
0_03_
1_11_
0_04_
1_05_
1count[0]
0count[1]
0count[2]
1count[3]
#9897
0clk
0rst
0_02_
0_10_
1_03_
1_11_
0_04_
1_05_
0count[0]
1count[1]
0count[2]
1count[3]
#9898
0clk
0rst
1_02_
0_10_
1_03_
1_11_
0_04_
1_05_
1count[0]
1count[1]
0count[2]
1count[3]
#9899
0clk
0rst
0_02_
1_10_
0_03_
1_11_
1_04_
1_05_
0count[0]
0count[1]
1count[2]
1count[3]
#9900
0clk
0rst
1_02_
0_10_
0_03_
1_11_
1_04_
1_05_
1count[0]
0count[1]
1count[2]
1count[3]
#9901
0clk
0rst
0_02_
0_10_
1_03_
1_11_
1_04_
1_05_
0count[0]
1count[1]
1count[2]
1count[3]
#9902
0clk
0rst
1_02_
0_10_
1_03_
1_11_
1_04_
1_05_
1count[0]
1count[1]
1count[2]
1count[3]
#9903
0clk
0rst
0_02_
1_10_
0_03_
0_11_
0_04_
0_05_
0count[0]
0count[1]
0count[2]
0count[3]
#9904
0clk
0rst
1_02_
0_10_
0_03_
1_11_
0_04_
0_05_
1count[0]
0count[1]
0count[2]
0count[3]
#9905
0clk
0rst
0_02_
0_10_
1_03_
1_11_
0_04_
0_05_
0count[0]
1count[1]
0count[2]
0count[3]
#9906
0clk
0rst
1_02_
0_10_
1_03_
1_11_
0_04_
0_05_
1count[0]
1count[1]
0count[2]
0count[3]
#9907
0clk
0rst
0_02_
1_10_
0_03_
1_11_
1_04_
0_05_
0count[0]
0count[1]
1count[2]
0count[3]
#9908
0clk
0rst
1_02_
0_10_
0_03_
1_11_
1_04_
0_05_
1count[0]
0count[1]
1count[2]
0count[3]
#9909
0clk
0rst
0_02_
0_10_
1_03_
1_11_
1_04_
0_05_
0count[0]
1count[1]
1count[2]
0count[3]
#9910
0clk
0rst
1_02_
0_10_
1_03_
1_11_
1_04_
0_05_
1count[0]
1count[1]
1count[2]
0count[3]
#9911
0clk
0rst
0_02_
1_10_
0_03_
0_11_
0_04_
1_05_
0count[0]
0count[1]
0count[2]
1count[3]
#9912
0clk
0rst
1_02_
0_10_
0_03_
1_11_
0_04_
1_05_
1count[0]
0count[1]
0count[2]
1count[3]
#9913
0clk
0rst
0_02_
0_10_
1_03_
1_11_
0_04_
1_05_
0count[0]
1count[1]
0count[2]
1count[3]
#9914
0clk
0rst
1_02_
0_10_
1_03_
1_11_
0_04_
1_05_
1count[0]
1count[1]
0count[2]
1count[3]
#9915
0clk
0rst
0_02_
1_10_
0_03_
1_11_
1_04_
1_05_
0count[0]
0count[1]
1count[2]
1count[3]
#9916
0clk
0rst
1_02_
0_10_
0_03_
1_11_
1_04_
1_05_
1count[0]
0count[1]
1count[2]
1count[3]
#9917
0clk
0rst
0_02_
0_10_
1_03_
1_11_
1_04_
1_05_
0count[0]
1count[1]
1count[2]
1count[3]
#9918
0clk
0rst
1_02_
0_10_
1_03_
1_11_
1_04_
1_05_
1count[0]
1count[1]
1count[2]
1count[3]
#9919
0clk
0rst
0_02_
1_10_
0_03_
0_11_
0_04_
0_05_
0count[0]
0count[1]
0count[2]
0count[3]
#9920
0clk
0rst
1_02_
0_10_
0_03_
1_11_
0_04_
0_05_
1count[0]
0count[1]
0count[2]
0count[3]
#9921
0clk
0rst
0_02_
0_10_
1_03_
1_11_
0_04_
0_05_
0count[0]
1count[1]
0count[2]
0count[3]
#9922
0clk
0rst
1_02_
0_10_
1_03_
1_11_
0_04_
0_05_
1count[0]
1count[1]
0count[2]
0count[3]
#9923
0clk
0rst
0_02_
1_10_
0_03_
1_11_
1_04_
0_05_
0count[0]
0count[1]
1count[2]
0count[3]
#9924
0clk
0rst
1_02_
0_10_
0_03_
1_11_
1_04_
0_05_
1count[0]
0count[1]
1count[2]
0count[3]
#9925
0clk
0rst
0_02_
0_10_
1_03_
1_11_
1_04_
0_05_
0count[0]
1count[1]
1count[2]
0count[3]
#9926
0clk
0rst
1_02_
0_10_
1_03_
1_11_
1_04_
0_05_
1count[0]
1count[1]
1count[2]
0count[3]
#9927
0clk
0rst
0_02_
1_10_
0_03_
0_11_
0_04_
1_05_
0count[0]
0count[1]
0count[2]
1count[3]
#9928
0clk
0rst
1_02_
0_10_
0_03_
1_11_
0_04_
1_05_
1count[0]
0count[1]
0count[2]
1count[3]
#9929
0clk
0rst
0_02_
0_10_
1_03_
1_11_
0_04_
1_05_
0count[0]
1count[1]
0count[2]
1count[3]
#9930
0clk
0rst
1_02_
0_10_
1_03_
1_11_
0_04_
1_05_
1count[0]
1count[1]
0count[2]
1count[3]
#9931
0clk
0rst
0_02_
1_10_
0_03_
1_11_
1_04_
1_05_
0count[0]
0count[1]
1count[2]
1count[3]
#9932
0clk
0rst
1_02_
0_10_
0_03_
1_11_
1_04_
1_05_
1count[0]
0count[1]
1count[2]
1count[3]
#9933
0clk
0rst
0_02_
0_10_
1_03_
1_11_
1_04_
1_05_
0count[0]
1count[1]
1count[2]
1count[3]
#9934
0clk
0rst
1_02_
0_10_
1_03_
1_11_
1_04_
1_05_
1count[0]
1count[1]
1count[2]
1count[3]
#9935
0clk
0rst
0_02_
1_10_
0_03_
0_11_
0_04_
0_05_
0count[0]
0count[1]
0count[2]
0count[3]
#9936
0clk
0rst
1_02_
0_10_
0_03_
1_11_
0_04_
0_05_
1count[0]
0count[1]
0count[2]
0count[3]
#9937
0clk
0rst
0_02_
0_10_
1_03_
1_11_
0_04_
0_05_
0count[0]
1count[1]
0count[2]
0count[3]
#9938
0clk
0rst
1_02_
0_10_
1_03_
1_11_
0_04_
0_05_
1count[0]
1count[1]
0count[2]
0count[3]
#9939
0clk
0rst
0_02_
1_10_
0_03_
1_11_
1_04_
0_05_
0count[0]
0count[1]
1count[2]
0count[3]
#9940
0clk
0rst
1_02_
0_10_
0_03_
1_11_
1_04_
0_05_
1count[0]
0count[1]
1count[2]
0count[3]
#9941
0clk
0rst
0_02_
0_10_
1_03_
1_11_
1_04_
0_05_
0count[0]
1count[1]
1count[2]
0count[3]
#9942
0clk
0rst
1_02_
0_10_
1_03_
1_11_
1_04_
0_05_
1count[0]
1count[1]
1count[2]
0count[3]
#9943
0clk
0rst
0_02_
1_10_
0_03_
0_11_
0_04_
1_05_
0count[0]
0count[1]
0count[2]
1count[3]
#9944
0clk
0rst
1_02_
0_10_
0_03_
1_11_
0_04_
1_05_
1count[0]
0count[1]
0count[2]
1count[3]
#9945
0clk
0rst
0_02_
0_10_
1_03_
1_11_
0_04_
1_05_
0count[0]
1count[1]
0count[2]
1count[3]
#9946
0clk
0rst
1_02_
0_10_
1_03_
1_11_
0_04_
1_05_
1count[0]
1count[1]
0count[2]
1count[3]
#9947
0clk
0rst
0_02_
1_10_
0_03_
1_11_
1_04_
1_05_
0count[0]
0count[1]
1count[2]
1count[3]
#9948
0clk
0rst
1_02_
0_10_
0_03_
1_11_
1_04_
1_05_
1count[0]
0count[1]
1count[2]
1count[3]
#9949
0clk
0rst
0_02_
0_10_
1_03_
1_11_
1_04_
1_05_
0count[0]
1count[1]
1count[2]
1count[3]
#9950
0clk
0rst
1_02_
0_10_
1_03_
1_11_
1_04_
1_05_
1count[0]
1count[1]
1count[2]
1count[3]
#9951
0clk
0rst
0_02_
1_10_
0_03_
0_11_
0_04_
0_05_
0count[0]
0count[1]
0count[2]
0count[3]
#9952
0clk
0rst
1_02_
0_10_
0_03_
1_11_
0_04_
0_05_
1count[0]
0count[1]
0count[2]
0count[3]
#9953
0clk
0rst
0_02_
0_10_
1_03_
1_11_
0_04_
0_05_
0count[0]
1count[1]
0count[2]
0count[3]
#9954
0clk
0rst
1_02_
0_10_
1_03_
1_11_
0_04_
0_05_
1count[0]
1count[1]
0count[2]
0count[3]
#9955
0clk
0rst
0_02_
1_10_
0_03_
1_11_
1_04_
0_05_
0count[0]
0count[1]
1count[2]
0count[3]
#9956
0clk
0rst
1_02_
0_10_
0_03_
1_11_
1_04_
0_05_
1count[0]
0count[1]
1count[2]
0count[3]
#9957
0clk
0rst
0_02_
0_10_
1_03_
1_11_
1_04_
0_05_
0count[0]
1count[1]
1count[2]
0count[3]
#9958
0clk
0rst
1_02_
0_10_
1_03_
1_11_
1_04_
0_05_
1count[0]
1count[1]
1count[2]
0count[3]
#9959
0clk
0rst
0_02_
1_10_
0_03_
0_11_
0_04_
1_05_
0count[0]
0count[1]
0count[2]
1count[3]
#9960
0clk
0rst
1_02_
0_10_
0_03_
1_11_
0_04_
1_05_
1count[0]
0count[1]
0count[2]
1count[3]
#9961
0clk
0rst
0_02_
0_10_
1_03_
1_11_
0_04_
1_05_
0count[0]
1count[1]
0count[2]
1count[3]
#9962
0clk
0rst
1_02_
0_10_
1_03_
1_11_
0_04_
1_05_
1count[0]
1count[1]
0count[2]
1count[3]
#9963
0clk
0rst
0_02_
1_10_
0_03_
1_11_
1_04_
1_05_
0count[0]
0count[1]
1count[2]
1count[3]
#9964
0clk
0rst
1_02_
0_10_
0_03_
1_11_
1_04_
1_05_
1count[0]
0count[1]
1count[2]
1count[3]
#9965
0clk
0rst
0_02_
0_10_
1_03_
1_11_
1_04_
1_05_
0count[0]
1count[1]
1count[2]
1count[3]
#9966
0clk
0rst
1_02_
0_10_
1_03_
1_11_
1_04_
1_05_
1count[0]
1count[1]
1count[2]
1count[3]
#9967
0clk
0rst
0_02_
1_10_
0_03_
0_11_
0_04_
0_05_
0count[0]
0count[1]
0count[2]
0count[3]
#9968
0clk
0rst
1_02_
0_10_
0_03_
1_11_
0_04_
0_05_
1count[0]
0count[1]
0count[2]
0count[3]
#9969
0clk
0rst
0_02_
0_10_
1_03_
1_11_
0_04_
0_05_
0count[0]
1count[1]
0count[2]
0count[3]
#9970
0clk
0rst
1_02_
0_10_
1_03_
1_11_
0_04_
0_05_
1count[0]
1count[1]
0count[2]
0count[3]
#9971
0clk
0rst
0_02_
1_10_
0_03_
1_11_
1_04_
0_05_
0count[0]
0count[1]
1count[2]
0count[3]
#9972
0clk
0rst
1_02_
0_10_
0_03_
1_11_
1_04_
0_05_
1count[0]
0count[1]
1count[2]
0count[3]
#9973
0clk
0rst
0_02_
0_10_
1_03_
1_11_
1_04_
0_05_
0count[0]
1count[1]
1count[2]
0count[3]
#9974
0clk
0rst
1_02_
0_10_
1_03_
1_11_
1_04_
0_05_
1count[0]
1count[1]
1count[2]
0count[3]
#9975
0clk
0rst
0_02_
1_10_
0_03_
0_11_
0_04_
1_05_
0count[0]
0count[1]
0count[2]
1count[3]
#9976
0clk
0rst
1_02_
0_10_
0_03_
1_11_
0_04_
1_05_
1count[0]
0count[1]
0count[2]
1count[3]
#9977
0clk
0rst
0_02_
0_10_
1_03_
1_11_
0_04_
1_05_
0count[0]
1count[1]
0count[2]
1count[3]
#9978
0clk
0rst
1_02_
0_10_
1_03_
1_11_
0_04_
1_05_
1count[0]
1count[1]
0count[2]
1count[3]
#9979
0clk
0rst
0_02_
1_10_
0_03_
1_11_
1_04_
1_05_
0count[0]
0count[1]
1count[2]
1count[3]
#9980
0clk
0rst
1_02_
0_10_
0_03_
1_11_
1_04_
1_05_
1count[0]
0count[1]
1count[2]
1count[3]
#9981
0clk
0rst
0_02_
0_10_
1_03_
1_11_
1_04_
1_05_
0count[0]
1count[1]
1count[2]
1count[3]
#9982
0clk
0rst
1_02_
0_10_
1_03_
1_11_
1_04_
1_05_
1count[0]
1count[1]
1count[2]
1count[3]
#9983
0clk
0rst
0_02_
1_10_
0_03_
0_11_
0_04_
0_05_
0count[0]
0count[1]
0count[2]
0count[3]
#9984
0clk
0rst
1_02_
0_10_
0_03_
1_11_
0_04_
0_05_
1count[0]
0count[1]
0count[2]
0count[3]
#9985
0clk
0rst
0_02_
0_10_
1_03_
1_11_
0_04_
0_05_
0count[0]
1count[1]
0count[2]
0count[3]
#9986
0clk
0rst
1_02_
0_10_
1_03_
1_11_
0_04_
0_05_
1count[0]
1count[1]
0count[2]
0count[3]
#9987
0clk
0rst
0_02_
1_10_
0_03_
1_11_
1_04_
0_05_
0count[0]
0count[1]
1count[2]
0count[3]
#9988
0clk
0rst
1_02_
0_10_
0_03_
1_11_
1_04_
0_05_
1count[0]
0count[1]
1count[2]
0count[3]
#9989
0clk
0rst
0_02_
0_10_
1_03_
1_11_
1_04_
0_05_
0count[0]
1count[1]
1count[2]
0count[3]
#9990
0clk
0rst
1_02_
0_10_
1_03_
1_11_
1_04_
0_05_
1count[0]
1count[1]
1count[2]
0count[3]
#9991
0clk
0rst
0_02_
1_10_
0_03_
0_11_
0_04_
1_05_
0count[0]
0count[1]
0count[2]
1count[3]
#9992
0clk
0rst
1_02_
0_10_
0_03_
1_11_
0_04_
1_05_
1count[0]
0count[1]
0count[2]
1count[3]
#9993
0clk
0rst
0_02_
0_10_
1_03_
1_11_
0_04_
1_05_
0count[0]
1count[1]
0count[2]
1count[3]
#9994
0clk
0rst
1_02_
0_10_
1_03_
1_11_
0_04_
1_05_
1count[0]
1count[1]
0count[2]
1count[3]
#9995
0clk
0rst
0_02_
1_10_
0_03_
1_11_
1_04_
1_05_
0count[0]
0count[1]
1count[2]
1count[3]
#9996
0clk
0rst
1_02_
0_10_
0_03_
1_11_
1_04_
1_05_
1count[0]
0count[1]
1count[2]
1count[3]
#9997
0clk
0rst
0_02_
0_10_
1_03_
1_11_
1_04_
1_05_
0count[0]
1count[1]
1count[2]
1count[3]
#9998
0clk
0rst
1_02_
0_10_
1_03_
1_11_
1_04_
1_05_
1count[0]
1count[1]
1count[2]
1count[3]
#9999
0clk
0rst
0_02_
1_10_
0_03_
0_11_
0_04_
0_05_
0count[0]
0count[1]
0count[2]
0count[3]
